/*******************************************************************************
 * Size: 48 px
 * Bpp: 4
 * Opts: --bpp 4 --size 48 --no-compress --stride 1 --align 1 --font HelveticaNeue-Medium.otf --range 32-127 --format lvgl -o Neue_Medium_48.c
 ******************************************************************************/

#ifdef __has_include
    #if __has_include("lvgl.h")
        #ifndef LV_LVGL_H_INCLUDE_SIMPLE
            #define LV_LVGL_H_INCLUDE_SIMPLE
        #endif
    #endif
#endif

#ifdef LV_LVGL_H_INCLUDE_SIMPLE
    #include "lvgl.h"
#else
    #include "lvgl/lvgl.h"
#endif



#ifndef NEUE_MEDIUM_48
#define NEUE_MEDIUM_48 1
#endif

#if NEUE_MEDIUM_48

/*-----------------
 *    BITMAPS
 *----------------*/

/*Store the image of the glyphs*/
static LV_ATTRIBUTE_LARGE_CONST const uint8_t glyph_bitmap[] = {
    /* U+0020 " " */

    /* U+0021 "!" */
    0x4f, 0xff, 0xff, 0xb4, 0xff, 0xff, 0xfb, 0x4f,
    0xff, 0xff, 0xb4, 0xff, 0xff, 0xfb, 0x4f, 0xff,
    0xff, 0xb4, 0xff, 0xff, 0xfb, 0x4f, 0xff, 0xff,
    0xb4, 0xff, 0xff, 0xfb, 0x4f, 0xff, 0xff, 0xb4,
    0xff, 0xff, 0xfb, 0x4f, 0xff, 0xff, 0xa2, 0xff,
    0xff, 0xf8, 0xf, 0xff, 0xff, 0x70, 0xff, 0xff,
    0xf5, 0xd, 0xff, 0xff, 0x30, 0xbf, 0xff, 0xf2,
    0xa, 0xff, 0xff, 0x0, 0x8f, 0xff, 0xe0, 0x6,
    0xff, 0xfd, 0x0, 0x5f, 0xff, 0xb0, 0x3, 0xff,
    0xf9, 0x0, 0x1f, 0xff, 0x70, 0x0, 0xff, 0xf6,
    0x0, 0xe, 0xff, 0x40, 0x0, 0xcf, 0xf2, 0x0,
    0x2, 0x33, 0x0, 0x0, 0x0, 0x0, 0x0, 0x0,
    0x0, 0x0, 0x11, 0x11, 0x11, 0x18, 0xff, 0xff,
    0xfe, 0x8f, 0xff, 0xff, 0xe8, 0xff, 0xff, 0xfe,
    0x8f, 0xff, 0xff, 0xe8, 0xff, 0xff, 0xfe, 0x8f,
    0xff, 0xff, 0xe0,

    /* U+0022 "\"" */
    0xf, 0xff, 0xfd, 0x0, 0x8, 0xff, 0xff, 0x50,
    0xff, 0xff, 0xd0, 0x0, 0x8f, 0xff, 0xf5, 0xf,
    0xff, 0xfd, 0x0, 0x8, 0xff, 0xff, 0x50, 0xff,
    0xff, 0xd0, 0x0, 0x8f, 0xff, 0xf5, 0xf, 0xff,
    0xfd, 0x0, 0x8, 0xff, 0xff, 0x50, 0xff, 0xff,
    0xd0, 0x0, 0x8f, 0xff, 0xf5, 0xf, 0xff, 0xfd,
    0x0, 0x8, 0xff, 0xff, 0x50, 0xff, 0xff, 0xd0,
    0x0, 0x8f, 0xff, 0xf5, 0xf, 0xff, 0xfd, 0x0,
    0x8, 0xff, 0xff, 0x50, 0xff, 0xff, 0xd0, 0x0,
    0x8f, 0xff, 0xf5, 0xf, 0xff, 0xfd, 0x0, 0x8,
    0xff, 0xff, 0x50, 0xff, 0xff, 0xd0, 0x0, 0x8f,
    0xff, 0xf5, 0xf, 0xff, 0xfd, 0x0, 0x8, 0xff,
    0xff, 0x50, 0xcc, 0xcc, 0xb0, 0x0, 0x7c, 0xcc,
    0xc4,

    /* U+0023 "#" */
    0x0, 0x0, 0x0, 0x0, 0x57, 0x77, 0x20, 0x0,
    0x3, 0x77, 0x73, 0x0, 0x0, 0x0, 0x0, 0x0,
    0xb, 0xff, 0xf2, 0x0, 0x0, 0x8f, 0xff, 0x50,
    0x0, 0x0, 0x0, 0x0, 0x0, 0xdf, 0xff, 0x0,
    0x0, 0xa, 0xff, 0xf3, 0x0, 0x0, 0x0, 0x0,
    0x0, 0xf, 0xff, 0xe0, 0x0, 0x0, 0xdf, 0xff,
    0x0, 0x0, 0x0, 0x0, 0x0, 0x1, 0xff, 0xfb,
    0x0, 0x0, 0xf, 0xff, 0xe0, 0x0, 0x0, 0x0,
    0x0, 0x0, 0x4f, 0xff, 0x90, 0x0, 0x1, 0xff,
    0xfc, 0x0, 0x0, 0x0, 0x0, 0x0, 0x6, 0xff,
    0xf7, 0x0, 0x0, 0x3f, 0xff, 0xa0, 0x0, 0x0,
    0x0, 0x0, 0x0, 0x8f, 0xff, 0x50, 0x0, 0x5,
    0xff, 0xf8, 0x0, 0x0, 0x0, 0x0, 0x0, 0xa,
    0xff, 0xf3, 0x0, 0x0, 0x7f, 0xff, 0x50, 0x0,
    0x0, 0x0, 0x0, 0x0, 0xcf, 0xff, 0x10, 0x0,
    0x9, 0xff, 0xf3, 0x0, 0x0, 0x0, 0x0, 0x0,
    0xe, 0xff, 0xe0, 0x0, 0x0, 0xbf, 0xff, 0x10,
    0x0, 0x0, 0xf, 0xff, 0xff, 0xff, 0xff, 0xff,
    0xff, 0xff, 0xff, 0xff, 0xff, 0xf2, 0x0, 0xff,
    0xff, 0xff, 0xff, 0xff, 0xff, 0xff, 0xff, 0xff,
    0xff, 0xff, 0x20, 0xf, 0xff, 0xff, 0xff, 0xff,
    0xff, 0xff, 0xff, 0xff, 0xff, 0xff, 0xf2, 0x0,
    0xaa, 0xaa, 0xdf, 0xff, 0xca, 0xaa, 0xac, 0xff,
    0xfd, 0xaa, 0xaa, 0x10, 0x0, 0x0, 0x9, 0xff,
    0xf4, 0x0, 0x0, 0x6f, 0xff, 0x60, 0x0, 0x0,
    0x0, 0x0, 0x0, 0xbf, 0xff, 0x10, 0x0, 0x8,
    0xff, 0xf4, 0x0, 0x0, 0x0, 0x0, 0x0, 0xd,
    0xff, 0xf0, 0x0, 0x0, 0xaf, 0xff, 0x20, 0x0,
    0x0, 0x0, 0x0, 0x0, 0xff, 0xfd, 0x0, 0x0,
    0xd, 0xff, 0xf0, 0x0, 0x0, 0x0, 0x0, 0x0,
    0x2f, 0xff, 0xb0, 0x0, 0x0, 0xff, 0xfe, 0x0,
    0x0, 0x0, 0x0, 0x0, 0x4, 0xff, 0xf9, 0x0,
    0x0, 0x1f, 0xff, 0xc0, 0x0, 0x0, 0x5, 0xff,
    0xff, 0xff, 0xff, 0xff, 0xff, 0xff, 0xff, 0xff,
    0xff, 0xfc, 0x0, 0x5f, 0xff, 0xff, 0xff, 0xff,
    0xff, 0xff, 0xff, 0xff, 0xff, 0xff, 0xc0, 0x5,
    0xff, 0xff, 0xff, 0xff, 0xff, 0xff, 0xff, 0xff,
    0xff, 0xff, 0xfc, 0x0, 0x4a, 0xaa, 0xaf, 0xff,
    0xfa, 0xaa, 0xaa, 0xef, 0xff, 0xba, 0xaa, 0x80,
    0x0, 0x0, 0x0, 0xff, 0xfe, 0x0, 0x0, 0xc,
    0xff, 0xf1, 0x0, 0x0, 0x0, 0x0, 0x0, 0x1f,
    0xff, 0xc0, 0x0, 0x0, 0xef, 0xff, 0x0, 0x0,
    0x0, 0x0, 0x0, 0x3, 0xff, 0xfa, 0x0, 0x0,
    0x1f, 0xff, 0xc0, 0x0, 0x0, 0x0, 0x0, 0x0,
    0x6f, 0xff, 0x70, 0x0, 0x3, 0xff, 0xfa, 0x0,
    0x0, 0x0, 0x0, 0x0, 0x8, 0xff, 0xf5, 0x0,
    0x0, 0x5f, 0xff, 0x80, 0x0, 0x0, 0x0, 0x0,
    0x0, 0xaf, 0xff, 0x30, 0x0, 0x7, 0xff, 0xf6,
    0x0, 0x0, 0x0, 0x0, 0x0, 0xc, 0xff, 0xf1,
    0x0, 0x0, 0x9f, 0xff, 0x30, 0x0, 0x0, 0x0,
    0x0, 0x0, 0xef, 0xff, 0x0, 0x0, 0xb, 0xff,
    0xf1, 0x0, 0x0, 0x0, 0x0, 0x0, 0xf, 0xff,
    0xc0, 0x0, 0x0, 0xef, 0xff, 0x0, 0x0, 0x0,
    0x0, 0x0, 0x2, 0xff, 0xfa, 0x0, 0x0, 0xf,
    0xff, 0xd0, 0x0, 0x0, 0x0, 0x0,

    /* U+0024 "$" */
    0x0, 0x0, 0x0, 0x0, 0x0, 0x0, 0x8f, 0x70,
    0x0, 0x0, 0x0, 0x0, 0x0, 0x0, 0x0, 0x0,
    0x0, 0x0, 0x0, 0x8f, 0x70, 0x0, 0x0, 0x0,
    0x0, 0x0, 0x0, 0x0, 0x0, 0x0, 0x0, 0x0,
    0x8f, 0x70, 0x0, 0x0, 0x0, 0x0, 0x0, 0x0,
    0x0, 0x0, 0x0, 0x0, 0x0, 0x8f, 0x70, 0x0,
    0x0, 0x0, 0x0, 0x0, 0x0, 0x0, 0x0, 0x1,
    0x6a, 0xde, 0xff, 0xfe, 0xda, 0x61, 0x0, 0x0,
    0x0, 0x0, 0x0, 0x1, 0x9f, 0xff, 0xff, 0xff,
    0xff, 0xff, 0xff, 0x80, 0x0, 0x0, 0x0, 0x0,
    0x4e, 0xff, 0xff, 0xff, 0xff, 0xff, 0xff, 0xff,
    0xfd, 0x20, 0x0, 0x0, 0x4, 0xff, 0xff, 0xff,
    0xff, 0xff, 0xff, 0xff, 0xff, 0xff, 0xd1, 0x0,
    0x0, 0x1e, 0xff, 0xff, 0xff, 0xa8, 0xcf, 0xb8,
    0xbf, 0xff, 0xff, 0xfa, 0x0, 0x0, 0x9f, 0xff,
    0xff, 0x80, 0x0, 0x8f, 0x70, 0x4, 0xef, 0xff,
    0xff, 0x20, 0x0, 0xef, 0xff, 0xfb, 0x0, 0x0,
    0x8f, 0x70, 0x0, 0x5f, 0xff, 0xff, 0x80, 0x3,
    0xff, 0xff, 0xf4, 0x0, 0x0, 0x8f, 0x70, 0x0,
    0xd, 0xff, 0xff, 0xc0, 0x5, 0xff, 0xff, 0xf1,
    0x0, 0x0, 0x8f, 0x70, 0x0, 0xa, 0xff, 0xff,
    0xe0, 0x7, 0xff, 0xff, 0xf0, 0x0, 0x0, 0x8f,
    0x70, 0x0, 0x4, 0x88, 0x88, 0x80, 0x6, 0xff,
    0xff, 0xf3, 0x0, 0x0, 0x8f, 0x70, 0x0, 0x0,
    0x0, 0x0, 0x0, 0x4, 0xff, 0xff, 0xfb, 0x0,
    0x0, 0x8f, 0x70, 0x0, 0x0, 0x0, 0x0, 0x0,
    0x1, 0xff, 0xff, 0xff, 0xa0, 0x0, 0x8f, 0x70,
    0x0, 0x0, 0x0, 0x0, 0x0, 0x0, 0xbf, 0xff,
    0xff, 0xfe, 0x61, 0x8f, 0x70, 0x0, 0x0, 0x0,
    0x0, 0x0, 0x0, 0x3f, 0xff, 0xff, 0xff, 0xff,
    0xff, 0x90, 0x0, 0x0, 0x0, 0x0, 0x0, 0x0,
    0x8, 0xff, 0xff, 0xff, 0xff, 0xff, 0xff, 0xa5,
    0x0, 0x0, 0x0, 0x0, 0x0, 0x0, 0x9f, 0xff,
    0xff, 0xff, 0xff, 0xff, 0xff, 0xf7, 0x0, 0x0,
    0x0, 0x0, 0x0, 0x5, 0xef, 0xff, 0xff, 0xff,
    0xff, 0xff, 0xff, 0xe6, 0x0, 0x0, 0x0, 0x0,
    0x0, 0x7, 0xff, 0xff, 0xff, 0xff, 0xff, 0xff,
    0xff, 0xb0, 0x0, 0x0, 0x0, 0x0, 0x0, 0x5,
    0xaf, 0xff, 0xff, 0xff, 0xff, 0xff, 0xfb, 0x0,
    0x0, 0x0, 0x0, 0x0, 0x0, 0x0, 0xaf, 0xef,
    0xff, 0xff, 0xff, 0xff, 0x70, 0x0, 0x0, 0x0,
    0x0, 0x0, 0x0, 0x8f, 0x71, 0x6d, 0xff, 0xff,
    0xff, 0xf1, 0x0, 0x0, 0x0, 0x0, 0x0, 0x0,
    0x8f, 0x70, 0x0, 0x8f, 0xff, 0xff, 0xf6, 0x0,
    0x0, 0x0, 0x0, 0x0, 0x0, 0x8f, 0x70, 0x0,
    0x9, 0xff, 0xff, 0xfa, 0x0, 0x0, 0x0, 0x0,
    0x0, 0x0, 0x8f, 0x70, 0x0, 0x0, 0xef, 0xff,
    0xfc, 0x2e, 0xee, 0xee, 0x40, 0x0, 0x0, 0x8f,
    0x70, 0x0, 0x0, 0xbf, 0xff, 0xfd, 0x1f, 0xff,
    0xff, 0x60, 0x0, 0x0, 0x8f, 0x70, 0x0, 0x0,
    0xaf, 0xff, 0xfc, 0xf, 0xff, 0xff, 0x80, 0x0,
    0x0, 0x8f, 0x70, 0x0, 0x0, 0xcf, 0xff, 0xfa,
    0xc, 0xff, 0xff, 0xd0, 0x0, 0x0, 0x8f, 0x70,
    0x0, 0x0, 0xff, 0xff, 0xf8, 0x8, 0xff, 0xff,
    0xf5, 0x0, 0x0, 0x8f, 0x70, 0x0, 0x7, 0xff,
    0xff, 0xf3, 0x2, 0xff, 0xff, 0xfe, 0x30, 0x0,
    0x8f, 0x70, 0x0, 0x3f, 0xff, 0xff, 0xd0, 0x0,
    0x9f, 0xff, 0xff, 0xf7, 0x31, 0x8f, 0x71, 0x3a,
    0xff, 0xff, 0xff, 0x50, 0x0, 0xc, 0xff, 0xff,
    0xff, 0xff, 0xff, 0xff, 0xff, 0xff, 0xff, 0xfa,
    0x0, 0x0, 0x1, 0xdf, 0xff, 0xff, 0xff, 0xff,
    0xff, 0xff, 0xff, 0xff, 0xb0, 0x0, 0x0, 0x0,
    0x9, 0xff, 0xff, 0xff, 0xff, 0xff, 0xff, 0xff,
    0xf7, 0x0, 0x0, 0x0, 0x0, 0x0, 0x29, 0xef,
    0xff, 0xff, 0xff, 0xff, 0xe8, 0x10, 0x0, 0x0,
    0x0, 0x0, 0x0, 0x0, 0x2, 0x56, 0xcf, 0xb6,
    0x52, 0x0, 0x0, 0x0, 0x0, 0x0, 0x0, 0x0,
    0x0, 0x0, 0x0, 0x8f, 0x70, 0x0, 0x0, 0x0,
    0x0, 0x0, 0x0, 0x0, 0x0, 0x0, 0x0, 0x0,
    0x8f, 0x70, 0x0, 0x0, 0x0, 0x0, 0x0, 0x0,
    0x0, 0x0, 0x0, 0x0, 0x0, 0x8f, 0x70, 0x0,
    0x0, 0x0, 0x0, 0x0, 0x0, 0x0, 0x0, 0x0,
    0x0, 0x0, 0x24, 0x20, 0x0, 0x0, 0x0, 0x0,
    0x0,

    /* U+0025 "%" */
    0x0, 0x0, 0x4, 0xad, 0xff, 0xd9, 0x30, 0x0,
    0x0, 0x0, 0x0, 0x0, 0x0, 0x2, 0xff, 0xf8,
    0x0, 0x0, 0x0, 0x0, 0x0, 0x0, 0x1, 0xbf,
    0xff, 0xff, 0xff, 0xf9, 0x0, 0x0, 0x0, 0x0,
    0x0, 0x0, 0x9, 0xff, 0xf1, 0x0, 0x0, 0x0,
    0x0, 0x0, 0x0, 0xc, 0xff, 0xff, 0xff, 0xff,
    0xff, 0xb0, 0x0, 0x0, 0x0, 0x0, 0x0, 0x2f,
    0xff, 0x80, 0x0, 0x0, 0x0, 0x0, 0x0, 0x0,
    0x9f, 0xff, 0xf8, 0x34, 0xaf, 0xff, 0xf6, 0x0,
    0x0, 0x0, 0x0, 0x0, 0xaf, 0xfe, 0x0, 0x0,
    0x0, 0x0, 0x0, 0x0, 0x2, 0xff, 0xff, 0x70,
    0x0, 0xa, 0xff, 0xfe, 0x0, 0x0, 0x0, 0x0,
    0x2, 0xff, 0xf7, 0x0, 0x0, 0x0, 0x0, 0x0,
    0x0, 0x7, 0xff, 0xfd, 0x0, 0x0, 0x1, 0xff,
    0xff, 0x50, 0x0, 0x0, 0x0, 0xb, 0xff, 0xe0,
    0x0, 0x0, 0x0, 0x0, 0x0, 0x0, 0xb, 0xff,
    0xf9, 0x0, 0x0, 0x0, 0xcf, 0xff, 0x80, 0x0,
    0x0, 0x0, 0x3f, 0xff, 0x70, 0x0, 0x0, 0x0,
    0x0, 0x0, 0x0, 0xc, 0xff, 0xf6, 0x0, 0x0,
    0x0, 0x8f, 0xff, 0xb0, 0x0, 0x0, 0x0, 0xbf,
    0xfe, 0x0, 0x0, 0x0, 0x0, 0x0, 0x0, 0x0,
    0xe, 0xff, 0xf5, 0x0, 0x0, 0x0, 0x7f, 0xff,
    0xd0, 0x0, 0x0, 0x4, 0xff, 0xf6, 0x0, 0x0,
    0x0, 0x0, 0x0, 0x0, 0x0, 0xf, 0xff, 0xf4,
    0x0, 0x0, 0x0, 0x6f, 0xff, 0xe0, 0x0, 0x0,
    0xc, 0xff, 0xd0, 0x0, 0x0, 0x0, 0x0, 0x0,
    0x0, 0x0, 0xf, 0xff, 0xf5, 0x0, 0x0, 0x0,
    0x7f, 0xff, 0xd0, 0x0, 0x0, 0x4f, 0xff, 0x50,
    0x0, 0x0, 0x0, 0x0, 0x0, 0x0, 0x0, 0xd,
    0xff, 0xf6, 0x0, 0x0, 0x0, 0x8f, 0xff, 0xb0,
    0x0, 0x0, 0xcf, 0xfd, 0x0, 0x0, 0x0, 0x0,
    0x0, 0x0, 0x0, 0x0, 0xb, 0xff, 0xf9, 0x0,
    0x0, 0x0, 0xbf, 0xff, 0x90, 0x0, 0x5, 0xff,
    0xf5, 0x0, 0x0, 0x0, 0x0, 0x0, 0x0, 0x0,
    0x0, 0x8, 0xff, 0xfe, 0x0, 0x0, 0x0, 0xff,
    0xff, 0x70, 0x0, 0xd, 0xff, 0xd0, 0x0, 0x0,
    0x0, 0x0, 0x0, 0x0, 0x0, 0x0, 0x3, 0xff,
    0xff, 0x50, 0x0, 0x8, 0xff, 0xff, 0x10, 0x0,
    0x5f, 0xff, 0x40, 0x0, 0x0, 0x0, 0x0, 0x0,
    0x0, 0x0, 0x0, 0x0, 0xcf, 0xff, 0xf6, 0x12,
    0x7f, 0xff, 0xfa, 0x0, 0x0, 0xdf, 0xfc, 0x0,
    0x0, 0x0, 0x0, 0x0, 0x0, 0x0, 0x0, 0x0,
    0x0, 0x2f, 0xff, 0xff, 0xff, 0xff, 0xff, 0xe1,
    0x0, 0x6, 0xff, 0xf4, 0x0, 0x0, 0x3, 0x9d,
    0xff, 0xda, 0x40, 0x0, 0x0, 0x0, 0x3, 0xef,
    0xff, 0xff, 0xff, 0xfd, 0x20, 0x0, 0xe, 0xff,
    0xc0, 0x0, 0x0, 0x9f, 0xff, 0xff, 0xff, 0xfa,
    0x0, 0x0, 0x0, 0x0, 0x18, 0xef, 0xff, 0xfd,
    0x70, 0x0, 0x0, 0x7f, 0xff, 0x30, 0x0, 0xb,
    0xff, 0xff, 0xff, 0xff, 0xff, 0xc0, 0x0, 0x0,
    0x0, 0x0, 0x1, 0x32, 0x10, 0x0, 0x0, 0x0,
    0xef, 0xfb, 0x0, 0x0, 0x7f, 0xff, 0xf9, 0x44,
    0xaf, 0xff, 0xf8, 0x0, 0x0, 0x0, 0x0, 0x0,
    0x0, 0x0, 0x0, 0x0, 0x7, 0xff, 0xf3, 0x0,
    0x0, 0xff, 0xff, 0x90, 0x0, 0xa, 0xff, 0xff,
    0x10, 0x0, 0x0, 0x0, 0x0, 0x0, 0x0, 0x0,
    0x0, 0x1e, 0xff, 0xb0, 0x0, 0x5, 0xff, 0xff,
    0x0, 0x0, 0x0, 0xff, 0xff, 0x60, 0x0, 0x0,
    0x0, 0x0, 0x0, 0x0, 0x0, 0x0, 0x8f, 0xff,
    0x30, 0x0, 0x9, 0xff, 0xfb, 0x0, 0x0, 0x0,
    0xbf, 0xff, 0xa0, 0x0, 0x0, 0x0, 0x0, 0x0,
    0x0, 0x0, 0x1, 0xff, 0xfa, 0x0, 0x0, 0xb,
    0xff, 0xf8, 0x0, 0x0, 0x0, 0x7f, 0xff, 0xc0,
    0x0, 0x0, 0x0, 0x0, 0x0, 0x0, 0x0, 0x8,
    0xff, 0xf2, 0x0, 0x0, 0xd, 0xff, 0xf6, 0x0,
    0x0, 0x0, 0x5f, 0xff, 0xe0, 0x0, 0x0, 0x0,
    0x0, 0x0, 0x0, 0x0, 0x1f, 0xff, 0xa0, 0x0,
    0x0, 0xe, 0xff, 0xf6, 0x0, 0x0, 0x0, 0x4f,
    0xff, 0xf0, 0x0, 0x0, 0x0, 0x0, 0x0, 0x0,
    0x0, 0x9f, 0xff, 0x20, 0x0, 0x0, 0xe, 0xff,
    0xf6, 0x0, 0x0, 0x0, 0x5f, 0xff, 0xf0, 0x0,
    0x0, 0x0, 0x0, 0x0, 0x0, 0x2, 0xff, 0xf9,
    0x0, 0x0, 0x0, 0xc, 0xff, 0xf7, 0x0, 0x0,
    0x0, 0x6f, 0xff, 0xd0, 0x0, 0x0, 0x0, 0x0,
    0x0, 0x0, 0xa, 0xff, 0xf1, 0x0, 0x0, 0x0,
    0xa, 0xff, 0xf9, 0x0, 0x0, 0x0, 0x8f, 0xff,
    0xb0, 0x0, 0x0, 0x0, 0x0, 0x0, 0x0, 0x2f,
    0xff, 0x90, 0x0, 0x0, 0x0, 0x8, 0xff, 0xfe,
    0x0, 0x0, 0x0, 0xdf, 0xff, 0x90, 0x0, 0x0,
    0x0, 0x0, 0x0, 0x0, 0xaf, 0xff, 0x10, 0x0,
    0x0, 0x0, 0x3, 0xff, 0xff, 0x40, 0x0, 0x3,
    0xff, 0xff, 0x20, 0x0, 0x0, 0x0, 0x0, 0x0,
    0x2, 0xff, 0xf8, 0x0, 0x0, 0x0, 0x0, 0x0,
    0xcf, 0xff, 0xe1, 0x0, 0x1e, 0xff, 0xfb, 0x0,
    0x0, 0x0, 0x0, 0x0, 0x0, 0xb, 0xff, 0xf1,
    0x0, 0x0, 0x0, 0x0, 0x0, 0x3f, 0xff, 0xff,
    0xbb, 0xff, 0xff, 0xf3, 0x0, 0x0, 0x0, 0x0,
    0x0, 0x0, 0x3f, 0xff, 0x80, 0x0, 0x0, 0x0,
    0x0, 0x0, 0x5, 0xff, 0xff, 0xff, 0xff, 0xff,
    0x60, 0x0, 0x0, 0x0, 0x0, 0x0, 0x0, 0xbf,
    0xfe, 0x0, 0x0, 0x0, 0x0, 0x0, 0x0, 0x0,
    0x2c, 0xff, 0xff, 0xff, 0xc3, 0x0, 0x0, 0x0,
    0x0, 0x0, 0x0, 0x4, 0xff, 0xf7, 0x0, 0x0,
    0x0, 0x0, 0x0, 0x0, 0x0, 0x0, 0x25, 0x77,
    0x52, 0x0, 0x0, 0x0,

    /* U+0026 "&" */
    0x0, 0x0, 0x0, 0x0, 0x1, 0x8c, 0xef, 0xeb,
    0x71, 0x0, 0x0, 0x0, 0x0, 0x0, 0x0, 0x0,
    0x0, 0x0, 0x0, 0x6, 0xef, 0xff, 0xff, 0xff,
    0xf6, 0x0, 0x0, 0x0, 0x0, 0x0, 0x0, 0x0,
    0x0, 0x0, 0xb, 0xff, 0xff, 0xff, 0xff, 0xff,
    0xf9, 0x0, 0x0, 0x0, 0x0, 0x0, 0x0, 0x0,
    0x0, 0x9, 0xff, 0xff, 0xff, 0xff, 0xff, 0xff,
    0xf6, 0x0, 0x0, 0x0, 0x0, 0x0, 0x0, 0x0,
    0x2, 0xff, 0xff, 0xfd, 0x64, 0x6e, 0xff, 0xff,
    0xf1, 0x0, 0x0, 0x0, 0x0, 0x0, 0x0, 0x0,
    0x9f, 0xff, 0xfb, 0x0, 0x0, 0x1e, 0xff, 0xff,
    0x60, 0x0, 0x0, 0x0, 0x0, 0x0, 0x0, 0xd,
    0xff, 0xff, 0x20, 0x0, 0x0, 0x6f, 0xff, 0xfa,
    0x0, 0x0, 0x0, 0x0, 0x0, 0x0, 0x0, 0xff,
    0xff, 0xf0, 0x0, 0x0, 0x1, 0xff, 0xff, 0xc0,
    0x0, 0x0, 0x0, 0x0, 0x0, 0x0, 0xf, 0xff,
    0xfe, 0x0, 0x0, 0x0, 0xf, 0xff, 0xfd, 0x0,
    0x0, 0x0, 0x0, 0x0, 0x0, 0x0, 0xef, 0xff,
    0xf1, 0x0, 0x0, 0x3, 0xff, 0xff, 0xc0, 0x0,
    0x0, 0x0, 0x0, 0x0, 0x0, 0xc, 0xff, 0xff,
    0x80, 0x0, 0x0, 0x9f, 0xff, 0xf9, 0x0, 0x0,
    0x0, 0x0, 0x0, 0x0, 0x0, 0x6f, 0xff, 0xff,
    0x20, 0x0, 0x3f, 0xff, 0xff, 0x40, 0x0, 0x0,
    0x0, 0x0, 0x0, 0x0, 0x0, 0xef, 0xff, 0xfc,
    0x0, 0x3e, 0xff, 0xff, 0xc0, 0x0, 0x0, 0x0,
    0x0, 0x0, 0x0, 0x0, 0x6, 0xff, 0xff, 0xf9,
    0x6f, 0xff, 0xff, 0xf3, 0x0, 0x0, 0x0, 0x0,
    0x0, 0x0, 0x0, 0x0, 0xc, 0xff, 0xff, 0xff,
    0xff, 0xff, 0xf6, 0x0, 0x0, 0x0, 0x0, 0x0,
    0x0, 0x0, 0x0, 0x0, 0x2e, 0xff, 0xff, 0xff,
    0xff, 0xf6, 0x0, 0x0, 0x0, 0x0, 0x0, 0x0,
    0x0, 0x0, 0x0, 0x5, 0xef, 0xff, 0xff, 0xff,
    0xd3, 0x0, 0x0, 0x0, 0x0, 0x0, 0x0, 0x0,
    0x0, 0x0, 0x2b, 0xff, 0xff, 0xff, 0xff, 0xe0,
    0x0, 0x0, 0x0, 0x0, 0x0, 0x0, 0x0, 0x0,
    0x0, 0x4f, 0xff, 0xff, 0xff, 0xff, 0xff, 0x90,
    0x0, 0x0, 0x0, 0x0, 0x0, 0x0, 0x0, 0x0,
    0x5f, 0xff, 0xff, 0xff, 0xef, 0xff, 0xff, 0x60,
    0x0, 0xa, 0xbb, 0xb9, 0x0, 0x0, 0x0, 0x5f,
    0xff, 0xff, 0xfc, 0x22, 0xff, 0xff, 0xff, 0x30,
    0x1, 0xff, 0xff, 0xa0, 0x0, 0x0, 0x1f, 0xff,
    0xff, 0xf7, 0x0, 0x5, 0xff, 0xff, 0xfe, 0x10,
    0x4f, 0xff, 0xf6, 0x0, 0x0, 0x9, 0xff, 0xff,
    0xf6, 0x0, 0x0, 0x8, 0xff, 0xff, 0xfd, 0x8,
    0xff, 0xff, 0x30, 0x0, 0x0, 0xff, 0xff, 0xfb,
    0x0, 0x0, 0x0, 0xb, 0xff, 0xff, 0xfa, 0xdf,
    0xff, 0xf0, 0x0, 0x0, 0x4f, 0xff, 0xff, 0x40,
    0x0, 0x0, 0x0, 0x1d, 0xff, 0xff, 0xff, 0xff,
    0xfb, 0x0, 0x0, 0x6, 0xff, 0xff, 0xf1, 0x0,
    0x0, 0x0, 0x0, 0x2f, 0xff, 0xff, 0xff, 0xff,
    0x50, 0x0, 0x0, 0x7f, 0xff, 0xff, 0x0, 0x0,
    0x0, 0x0, 0x0, 0x5f, 0xff, 0xff, 0xff, 0xd0,
    0x0, 0x0, 0x5, 0xff, 0xff, 0xf3, 0x0, 0x0,
    0x0, 0x0, 0x0, 0x9f, 0xff, 0xff, 0xf6, 0x0,
    0x0, 0x0, 0x4f, 0xff, 0xff, 0x50, 0x0, 0x0,
    0x0, 0x0, 0x3, 0xff, 0xff, 0xff, 0xc0, 0x0,
    0x0, 0x0, 0xff, 0xff, 0xfd, 0x0, 0x0, 0x0,
    0x0, 0x1, 0xef, 0xff, 0xff, 0xff, 0x90, 0x0,
    0x0, 0xb, 0xff, 0xff, 0xf8, 0x0, 0x0, 0x0,
    0x2, 0xdf, 0xff, 0xff, 0xff, 0xff, 0x60, 0x0,
    0x0, 0x3f, 0xff, 0xff, 0xfc, 0x41, 0x0, 0x38,
    0xff, 0xff, 0xff, 0xff, 0xff, 0xff, 0x30, 0x0,
    0x0, 0x8f, 0xff, 0xff, 0xff, 0xff, 0xff, 0xff,
    0xff, 0xff, 0x8b, 0xff, 0xff, 0xfe, 0x10, 0x0,
    0x0, 0xaf, 0xff, 0xff, 0xff, 0xff, 0xff, 0xff,
    0xff, 0x80, 0x1d, 0xff, 0xff, 0xfc, 0x0, 0x0,
    0x0, 0x7f, 0xff, 0xff, 0xff, 0xff, 0xff, 0xff,
    0x60, 0x0, 0x2f, 0xff, 0xff, 0xf9, 0x0, 0x0,
    0x0, 0x29, 0xff, 0xff, 0xff, 0xff, 0xea, 0x10,
    0x0, 0x0, 0x5f, 0xff, 0xff, 0xf6, 0x0, 0x0,
    0x0, 0x0, 0x35, 0x77, 0x65, 0x30, 0x0, 0x0,
    0x0, 0x0, 0x0, 0x0, 0x0, 0x0,

    /* U+0027 "'" */
    0xcf, 0xff, 0xf1, 0xcf, 0xff, 0xf1, 0xcf, 0xff,
    0xf1, 0xcf, 0xff, 0xf1, 0xcf, 0xff, 0xf1, 0xcf,
    0xff, 0xf1, 0xcf, 0xff, 0xf1, 0xcf, 0xff, 0xf1,
    0xcf, 0xff, 0xf1, 0xcf, 0xff, 0xf1, 0xcf, 0xff,
    0xf1, 0xcf, 0xff, 0xf1, 0xcf, 0xff, 0xf1, 0xac,
    0xcc, 0xc1,

    /* U+0028 "(" */
    0x0, 0x0, 0x0, 0x1, 0x22, 0x21, 0x0, 0x0,
    0x0, 0x2f, 0xff, 0xf6, 0x0, 0x0, 0x0, 0xaf,
    0xff, 0xe0, 0x0, 0x0, 0x3, 0xff, 0xff, 0x70,
    0x0, 0x0, 0xc, 0xff, 0xfe, 0x0, 0x0, 0x0,
    0x4f, 0xff, 0xf8, 0x0, 0x0, 0x0, 0xcf, 0xff,
    0xf1, 0x0, 0x0, 0x3, 0xff, 0xff, 0xb0, 0x0,
    0x0, 0x9, 0xff, 0xff, 0x60, 0x0, 0x0, 0xf,
    0xff, 0xff, 0x10, 0x0, 0x0, 0x6f, 0xff, 0xfb,
    0x0, 0x0, 0x0, 0xcf, 0xff, 0xf6, 0x0, 0x0,
    0x0, 0xff, 0xff, 0xf2, 0x0, 0x0, 0x4, 0xff,
    0xff, 0xf0, 0x0, 0x0, 0x8, 0xff, 0xff, 0xc0,
    0x0, 0x0, 0xb, 0xff, 0xff, 0x90, 0x0, 0x0,
    0xf, 0xff, 0xff, 0x50, 0x0, 0x0, 0x2f, 0xff,
    0xff, 0x30, 0x0, 0x0, 0x4f, 0xff, 0xff, 0x10,
    0x0, 0x0, 0x5f, 0xff, 0xff, 0x0, 0x0, 0x0,
    0x6f, 0xff, 0xff, 0x0, 0x0, 0x0, 0x8f, 0xff,
    0xff, 0x0, 0x0, 0x0, 0x9f, 0xff, 0xfe, 0x0,
    0x0, 0x0, 0xaf, 0xff, 0xfd, 0x0, 0x0, 0x0,
    0x9f, 0xff, 0xfe, 0x0, 0x0, 0x0, 0x9f, 0xff,
    0xff, 0x0, 0x0, 0x0, 0x8f, 0xff, 0xff, 0x0,
    0x0, 0x0, 0x7f, 0xff, 0xff, 0x10, 0x0, 0x0,
    0x5f, 0xff, 0xff, 0x20, 0x0, 0x0, 0x3f, 0xff,
    0xff, 0x30, 0x0, 0x0, 0xf, 0xff, 0xff, 0x60,
    0x0, 0x0, 0xc, 0xff, 0xff, 0x90, 0x0, 0x0,
    0x8, 0xff, 0xff, 0xc0, 0x0, 0x0, 0x4, 0xff,
    0xff, 0xf0, 0x0, 0x0, 0x0, 0xff, 0xff, 0xf2,
    0x0, 0x0, 0x0, 0xcf, 0xff, 0xf6, 0x0, 0x0,
    0x0, 0x6f, 0xff, 0xfb, 0x0, 0x0, 0x0, 0xf,
    0xff, 0xff, 0x10, 0x0, 0x0, 0x9, 0xff, 0xff,
    0x50, 0x0, 0x0, 0x2, 0xff, 0xff, 0xb0, 0x0,
    0x0, 0x0, 0xbf, 0xff, 0xf1, 0x0, 0x0, 0x0,
    0x4f, 0xff, 0xf8, 0x0, 0x0, 0x0, 0xb, 0xff,
    0xff, 0x10, 0x0, 0x0, 0x2, 0xff, 0xff, 0x70,
    0x0, 0x0, 0x0, 0x9f, 0xff, 0xe0, 0x0, 0x0,
    0x0, 0x1f, 0xff, 0xf7,

    /* U+0029 ")" */
    0x2, 0x22, 0x20, 0x0, 0x0, 0x0, 0x1f, 0xff,
    0xf6, 0x0, 0x0, 0x0, 0x9, 0xff, 0xfe, 0x0,
    0x0, 0x0, 0x1, 0xff, 0xff, 0x80, 0x0, 0x0,
    0x0, 0x9f, 0xff, 0xf1, 0x0, 0x0, 0x0, 0x2f,
    0xff, 0xfa, 0x0, 0x0, 0x0, 0xa, 0xff, 0xff,
    0x10, 0x0, 0x0, 0x5, 0xff, 0xff, 0x70, 0x0,
    0x0, 0x0, 0xff, 0xff, 0xe0, 0x0, 0x0, 0x0,
    0xaf, 0xff, 0xf4, 0x0, 0x0, 0x0, 0x5f, 0xff,
    0xfb, 0x0, 0x0, 0x0, 0xf, 0xff, 0xff, 0x0,
    0x0, 0x0, 0xc, 0xff, 0xff, 0x40, 0x0, 0x0,
    0x9, 0xff, 0xff, 0x80, 0x0, 0x0, 0x6, 0xff,
    0xff, 0xc0, 0x0, 0x0, 0x3, 0xff, 0xff, 0xf1,
    0x0, 0x0, 0x0, 0xff, 0xff, 0xf5, 0x0, 0x0,
    0x0, 0xdf, 0xff, 0xf8, 0x0, 0x0, 0x0, 0xcf,
    0xff, 0xfa, 0x0, 0x0, 0x0, 0xbf, 0xff, 0xfc,
    0x0, 0x0, 0x0, 0xaf, 0xff, 0xfd, 0x0, 0x0,
    0x0, 0x9f, 0xff, 0xfe, 0x0, 0x0, 0x0, 0x8f,
    0xff, 0xff, 0x0, 0x0, 0x0, 0x8f, 0xff, 0xff,
    0x0, 0x0, 0x0, 0x8f, 0xff, 0xfe, 0x0, 0x0,
    0x0, 0x9f, 0xff, 0xfd, 0x0, 0x0, 0x0, 0xaf,
    0xff, 0xfb, 0x0, 0x0, 0x0, 0xbf, 0xff, 0xfa,
    0x0, 0x0, 0x0, 0xcf, 0xff, 0xf9, 0x0, 0x0,
    0x0, 0xef, 0xff, 0xf7, 0x0, 0x0, 0x1, 0xff,
    0xff, 0xf4, 0x0, 0x0, 0x4, 0xff, 0xff, 0xf0,
    0x0, 0x0, 0x7, 0xff, 0xff, 0xc0, 0x0, 0x0,
    0xa, 0xff, 0xff, 0x80, 0x0, 0x0, 0xd, 0xff,
    0xff, 0x50, 0x0, 0x0, 0x1f, 0xff, 0xff, 0x0,
    0x0, 0x0, 0x7f, 0xff, 0xfa, 0x0, 0x0, 0x0,
    0xcf, 0xff, 0xf3, 0x0, 0x0, 0x2, 0xff, 0xff,
    0xd0, 0x0, 0x0, 0x7, 0xff, 0xff, 0x70, 0x0,
    0x0, 0xc, 0xff, 0xff, 0x10, 0x0, 0x0, 0x3f,
    0xff, 0xf8, 0x0, 0x0, 0x0, 0xbf, 0xff, 0xe1,
    0x0, 0x0, 0x3, 0xff, 0xff, 0x70, 0x0, 0x0,
    0xa, 0xff, 0xfe, 0x0, 0x0, 0x0, 0x2f, 0xff,
    0xf5, 0x0, 0x0, 0x0,

    /* U+002A "*" */
    0x0, 0x0, 0x0, 0xb, 0xff, 0x80, 0x0, 0x0,
    0x0, 0x0, 0x0, 0x0, 0xbf, 0xf8, 0x0, 0x0,
    0x0, 0x0, 0x0, 0x0, 0xb, 0xff, 0x80, 0x0,
    0x0, 0x0, 0x0, 0x0, 0x0, 0xbf, 0xf8, 0x0,
    0x0, 0x10, 0x4, 0xf9, 0x30, 0xb, 0xff, 0x80,
    0x5, 0xbf, 0x0, 0x9f, 0xff, 0xd6, 0xcf, 0xf9,
    0x8e, 0xff, 0xf5, 0xe, 0xff, 0xff, 0xff, 0xff,
    0xff, 0xff, 0xff, 0xb0, 0x28, 0xdf, 0xff, 0xff,
    0xff, 0xff, 0xfc, 0x61, 0x0, 0x0, 0x38, 0xff,
    0xff, 0xfd, 0x71, 0x0, 0x0, 0x0, 0x0, 0x4f,
    0xff, 0xff, 0xd0, 0x0, 0x0, 0x0, 0x0, 0x1e,
    0xff, 0xdf, 0xff, 0xa0, 0x0, 0x0, 0x0, 0xb,
    0xff, 0xf3, 0x7f, 0xff, 0x60, 0x0, 0x0, 0x7,
    0xff, 0xf7, 0x0, 0xcf, 0xff, 0x20, 0x0, 0x0,
    0xcf, 0xfc, 0x0, 0x1, 0xff, 0xf7, 0x0, 0x0,
    0x0, 0x9f, 0x20, 0x0, 0x5, 0xf6, 0x0, 0x0,
    0x0, 0x0, 0x10, 0x0, 0x0, 0x1, 0x0, 0x0,

    /* U+002B "+" */
    0x0, 0x0, 0x0, 0x0, 0x0, 0xcc, 0xcc, 0xa0,
    0x0, 0x0, 0x0, 0x0, 0x0, 0x0, 0x0, 0x0,
    0x0, 0xf, 0xff, 0xfd, 0x0, 0x0, 0x0, 0x0,
    0x0, 0x0, 0x0, 0x0, 0x0, 0x0, 0xff, 0xff,
    0xd0, 0x0, 0x0, 0x0, 0x0, 0x0, 0x0, 0x0,
    0x0, 0x0, 0xf, 0xff, 0xfd, 0x0, 0x0, 0x0,
    0x0, 0x0, 0x0, 0x0, 0x0, 0x0, 0x0, 0xff,
    0xff, 0xd0, 0x0, 0x0, 0x0, 0x0, 0x0, 0x0,
    0x0, 0x0, 0x0, 0xf, 0xff, 0xfd, 0x0, 0x0,
    0x0, 0x0, 0x0, 0x0, 0x0, 0x0, 0x0, 0x0,
    0xff, 0xff, 0xd0, 0x0, 0x0, 0x0, 0x0, 0x0,
    0x0, 0x0, 0x0, 0x0, 0xf, 0xff, 0xfd, 0x0,
    0x0, 0x0, 0x0, 0x0, 0x0, 0x0, 0x0, 0x0,
    0x0, 0xff, 0xff, 0xd0, 0x0, 0x0, 0x0, 0x0,
    0x0, 0x0, 0x0, 0x0, 0x0, 0xf, 0xff, 0xfd,
    0x0, 0x0, 0x0, 0x0, 0x0, 0xbf, 0xff, 0xff,
    0xff, 0xff, 0xff, 0xff, 0xff, 0xff, 0xff, 0xff,
    0xff, 0x7b, 0xff, 0xff, 0xff, 0xff, 0xff, 0xff,
    0xff, 0xff, 0xff, 0xff, 0xff, 0xf7, 0xbf, 0xff,
    0xff, 0xff, 0xff, 0xff, 0xff, 0xff, 0xff, 0xff,
    0xff, 0xff, 0x7b, 0xff, 0xff, 0xff, 0xff, 0xff,
    0xff, 0xff, 0xff, 0xff, 0xff, 0xff, 0xf7, 0xbf,
    0xff, 0xff, 0xff, 0xff, 0xff, 0xff, 0xff, 0xff,
    0xff, 0xff, 0xff, 0x70, 0x0, 0x0, 0x0, 0x0,
    0xf, 0xff, 0xfd, 0x0, 0x0, 0x0, 0x0, 0x0,
    0x0, 0x0, 0x0, 0x0, 0x0, 0xff, 0xff, 0xd0,
    0x0, 0x0, 0x0, 0x0, 0x0, 0x0, 0x0, 0x0,
    0x0, 0xf, 0xff, 0xfd, 0x0, 0x0, 0x0, 0x0,
    0x0, 0x0, 0x0, 0x0, 0x0, 0x0, 0xff, 0xff,
    0xd0, 0x0, 0x0, 0x0, 0x0, 0x0, 0x0, 0x0,
    0x0, 0x0, 0xf, 0xff, 0xfd, 0x0, 0x0, 0x0,
    0x0, 0x0, 0x0, 0x0, 0x0, 0x0, 0x0, 0xff,
    0xff, 0xd0, 0x0, 0x0, 0x0, 0x0, 0x0, 0x0,
    0x0, 0x0, 0x0, 0xf, 0xff, 0xfd, 0x0, 0x0,
    0x0, 0x0, 0x0, 0x0, 0x0, 0x0, 0x0, 0x0,
    0xff, 0xff, 0xd0, 0x0, 0x0, 0x0, 0x0, 0x0,
    0x0, 0x0, 0x0, 0x0, 0xf, 0xff, 0xfd, 0x0,
    0x0, 0x0, 0x0, 0x0, 0x0, 0x0, 0x0, 0x0,
    0x0, 0xff, 0xff, 0xd0, 0x0, 0x0, 0x0, 0x0,
    0x0,

    /* U+002C "," */
    0x69, 0x99, 0x99, 0x9a, 0xff, 0xff, 0xff, 0xaf,
    0xff, 0xff, 0xfa, 0xff, 0xff, 0xff, 0xaf, 0xff,
    0xff, 0xfa, 0xff, 0xff, 0xff, 0xaf, 0xff, 0xff,
    0xf0, 0x0, 0x6f, 0xfe, 0x0, 0x9, 0xff, 0xb0,
    0x0, 0xef, 0xf8, 0x0, 0x9f, 0xff, 0x12, 0xbf,
    0xff, 0x70, 0x7f, 0xff, 0xa0, 0x7, 0xff, 0x70,
    0x0, 0x55, 0x0, 0x0, 0x0,

    /* U+002D "-" */
    0x34, 0x44, 0x44, 0x44, 0x44, 0x44, 0x44, 0x1a,
    0xff, 0xff, 0xff, 0xff, 0xff, 0xff, 0xf4, 0xaf,
    0xff, 0xff, 0xff, 0xff, 0xff, 0xff, 0x4a, 0xff,
    0xff, 0xff, 0xff, 0xff, 0xff, 0xf4, 0xaf, 0xff,
    0xff, 0xff, 0xff, 0xff, 0xff, 0x4a, 0xff, 0xff,
    0xff, 0xff, 0xff, 0xff, 0xf4,

    /* U+002E "." */
    0x69, 0x99, 0x99, 0x9a, 0xff, 0xff, 0xff, 0xaf,
    0xff, 0xff, 0xfa, 0xff, 0xff, 0xff, 0xaf, 0xff,
    0xff, 0xfa, 0xff, 0xff, 0xff, 0xaf, 0xff, 0xff,
    0xf0,

    /* U+002F "/" */
    0x0, 0x0, 0x0, 0x0, 0x0, 0x0, 0x0, 0x37,
    0x77, 0x76, 0x0, 0x0, 0x0, 0x0, 0x0, 0x0,
    0x0, 0xaf, 0xff, 0xf9, 0x0, 0x0, 0x0, 0x0,
    0x0, 0x0, 0x1, 0xff, 0xff, 0xf3, 0x0, 0x0,
    0x0, 0x0, 0x0, 0x0, 0x6, 0xff, 0xff, 0xd0,
    0x0, 0x0, 0x0, 0x0, 0x0, 0x0, 0xc, 0xff,
    0xff, 0x70, 0x0, 0x0, 0x0, 0x0, 0x0, 0x0,
    0x2f, 0xff, 0xff, 0x10, 0x0, 0x0, 0x0, 0x0,
    0x0, 0x0, 0x8f, 0xff, 0xfa, 0x0, 0x0, 0x0,
    0x0, 0x0, 0x0, 0x0, 0xef, 0xff, 0xf4, 0x0,
    0x0, 0x0, 0x0, 0x0, 0x0, 0x4, 0xff, 0xff,
    0xe0, 0x0, 0x0, 0x0, 0x0, 0x0, 0x0, 0xa,
    0xff, 0xff, 0x80, 0x0, 0x0, 0x0, 0x0, 0x0,
    0x0, 0x1f, 0xff, 0xff, 0x20, 0x0, 0x0, 0x0,
    0x0, 0x0, 0x0, 0x6f, 0xff, 0xfc, 0x0, 0x0,
    0x0, 0x0, 0x0, 0x0, 0x0, 0xcf, 0xff, 0xf6,
    0x0, 0x0, 0x0, 0x0, 0x0, 0x0, 0x3, 0xff,
    0xff, 0xf1, 0x0, 0x0, 0x0, 0x0, 0x0, 0x0,
    0x9, 0xff, 0xff, 0xa0, 0x0, 0x0, 0x0, 0x0,
    0x0, 0x0, 0xe, 0xff, 0xff, 0x40, 0x0, 0x0,
    0x0, 0x0, 0x0, 0x0, 0x5f, 0xff, 0xfe, 0x0,
    0x0, 0x0, 0x0, 0x0, 0x0, 0x0, 0xbf, 0xff,
    0xf8, 0x0, 0x0, 0x0, 0x0, 0x0, 0x0, 0x1,
    0xff, 0xff, 0xf2, 0x0, 0x0, 0x0, 0x0, 0x0,
    0x0, 0x7, 0xff, 0xff, 0xc0, 0x0, 0x0, 0x0,
    0x0, 0x0, 0x0, 0xd, 0xff, 0xff, 0x60, 0x0,
    0x0, 0x0, 0x0, 0x0, 0x0, 0x3f, 0xff, 0xff,
    0x0, 0x0, 0x0, 0x0, 0x0, 0x0, 0x0, 0x9f,
    0xff, 0xfa, 0x0, 0x0, 0x0, 0x0, 0x0, 0x0,
    0x0, 0xef, 0xff, 0xf4, 0x0, 0x0, 0x0, 0x0,
    0x0, 0x0, 0x5, 0xff, 0xff, 0xe0, 0x0, 0x0,
    0x0, 0x0, 0x0, 0x0, 0xb, 0xff, 0xff, 0x80,
    0x0, 0x0, 0x0, 0x0, 0x0, 0x0, 0x1f, 0xff,
    0xff, 0x20, 0x0, 0x0, 0x0, 0x0, 0x0, 0x0,
    0x7f, 0xff, 0xfc, 0x0, 0x0, 0x0, 0x0, 0x0,
    0x0, 0x0, 0xdf, 0xff, 0xf6, 0x0, 0x0, 0x0,
    0x0, 0x0, 0x0, 0x3, 0xff, 0xff, 0xf0, 0x0,
    0x0, 0x0, 0x0, 0x0, 0x0, 0x9, 0xff, 0xff,
    0x90, 0x0, 0x0, 0x0, 0x0, 0x0, 0x0, 0xf,
    0xff, 0xff, 0x30, 0x0, 0x0, 0x0, 0x0, 0x0,
    0x0, 0x5f, 0xff, 0xfd, 0x0, 0x0, 0x0, 0x0,
    0x0, 0x0, 0x0, 0xbf, 0xff, 0xf7, 0x0, 0x0,
    0x0, 0x0, 0x0, 0x0, 0x2, 0xff, 0xff, 0xf1,
    0x0, 0x0, 0x0, 0x0, 0x0, 0x0, 0x7, 0xff,
    0xff, 0xb0, 0x0, 0x0, 0x0, 0x0, 0x0, 0x0,
    0xd, 0xff, 0xff, 0x50, 0x0, 0x0, 0x0, 0x0,
    0x0, 0x0,

    /* U+0030 "0" */
    0x0, 0x0, 0x0, 0x0, 0x49, 0xce, 0xfd, 0xb8,
    0x20, 0x0, 0x0, 0x0, 0x0, 0x0, 0x0, 0x4c,
    0xff, 0xff, 0xff, 0xff, 0xf9, 0x10, 0x0, 0x0,
    0x0, 0x0, 0x6, 0xff, 0xff, 0xff, 0xff, 0xff,
    0xff, 0xe2, 0x0, 0x0, 0x0, 0x0, 0x6f, 0xff,
    0xff, 0xff, 0xff, 0xff, 0xff, 0xfe, 0x20, 0x0,
    0x0, 0x2, 0xff, 0xff, 0xff, 0xfd, 0xce, 0xff,
    0xff, 0xff, 0xc0, 0x0, 0x0, 0xc, 0xff, 0xff,
    0xfa, 0x10, 0x0, 0x4e, 0xff, 0xff, 0xf6, 0x0,
    0x0, 0x4f, 0xff, 0xff, 0xa0, 0x0, 0x0, 0x2,
    0xef, 0xff, 0xfe, 0x0, 0x0, 0xbf, 0xff, 0xfe,
    0x0, 0x0, 0x0, 0x0, 0x6f, 0xff, 0xff, 0x50,
    0x1, 0xff, 0xff, 0xf8, 0x0, 0x0, 0x0, 0x0,
    0xd, 0xff, 0xff, 0xb0, 0x5, 0xff, 0xff, 0xf2,
    0x0, 0x0, 0x0, 0x0, 0x8, 0xff, 0xff, 0xf0,
    0x9, 0xff, 0xff, 0xe0, 0x0, 0x0, 0x0, 0x0,
    0x3, 0xff, 0xff, 0xf3, 0xc, 0xff, 0xff, 0xb0,
    0x0, 0x0, 0x0, 0x0, 0x0, 0xff, 0xff, 0xf6,
    0xe, 0xff, 0xff, 0x80, 0x0, 0x0, 0x0, 0x0,
    0x0, 0xdf, 0xff, 0xf8, 0xf, 0xff, 0xff, 0x70,
    0x0, 0x0, 0x0, 0x0, 0x0, 0xcf, 0xff, 0xf9,
    0xf, 0xff, 0xff, 0x60, 0x0, 0x0, 0x0, 0x0,
    0x0, 0xbf, 0xff, 0xfb, 0x1f, 0xff, 0xff, 0x50,
    0x0, 0x0, 0x0, 0x0, 0x0, 0xaf, 0xff, 0xfc,
    0x2f, 0xff, 0xff, 0x40, 0x0, 0x0, 0x0, 0x0,
    0x0, 0x9f, 0xff, 0xfd, 0x3f, 0xff, 0xff, 0x30,
    0x0, 0x0, 0x0, 0x0, 0x0, 0x8f, 0xff, 0xfe,
    0x3f, 0xff, 0xff, 0x30, 0x0, 0x0, 0x0, 0x0,
    0x0, 0x8f, 0xff, 0xfe, 0x2f, 0xff, 0xff, 0x40,
    0x0, 0x0, 0x0, 0x0, 0x0, 0x9f, 0xff, 0xfd,
    0x1f, 0xff, 0xff, 0x50, 0x0, 0x0, 0x0, 0x0,
    0x0, 0xaf, 0xff, 0xfb, 0xf, 0xff, 0xff, 0x60,
    0x0, 0x0, 0x0, 0x0, 0x0, 0xbf, 0xff, 0xfa,
    0xe, 0xff, 0xff, 0x70, 0x0, 0x0, 0x0, 0x0,
    0x0, 0xcf, 0xff, 0xf9, 0xd, 0xff, 0xff, 0x90,
    0x0, 0x0, 0x0, 0x0, 0x0, 0xef, 0xff, 0xf8,
    0xb, 0xff, 0xff, 0xc0, 0x0, 0x0, 0x0, 0x0,
    0x1, 0xff, 0xff, 0xf5, 0x7, 0xff, 0xff, 0xf0,
    0x0, 0x0, 0x0, 0x0, 0x5, 0xff, 0xff, 0xf1,
    0x4, 0xff, 0xff, 0xf4, 0x0, 0x0, 0x0, 0x0,
    0xa, 0xff, 0xff, 0xe0, 0x0, 0xef, 0xff, 0xfb,
    0x0, 0x0, 0x0, 0x0, 0x1f, 0xff, 0xff, 0x80,
    0x0, 0x8f, 0xff, 0xff, 0x30, 0x0, 0x0, 0x0,
    0x9f, 0xff, 0xff, 0x20, 0x0, 0x2f, 0xff, 0xff,
    0xe2, 0x0, 0x0, 0x6, 0xff, 0xff, 0xfb, 0x0,
    0x0, 0x8, 0xff, 0xff, 0xff, 0x84, 0x35, 0xbf,
    0xff, 0xff, 0xf2, 0x0, 0x0, 0x0, 0xdf, 0xff,
    0xff, 0xff, 0xff, 0xff, 0xff, 0xff, 0x80, 0x0,
    0x0, 0x0, 0x1d, 0xff, 0xff, 0xff, 0xff, 0xff,
    0xff, 0xf9, 0x0, 0x0, 0x0, 0x0, 0x1, 0xcf,
    0xff, 0xff, 0xff, 0xff, 0xff, 0x80, 0x0, 0x0,
    0x0, 0x0, 0x0, 0x5, 0xdf, 0xff, 0xff, 0xff,
    0xa2, 0x0, 0x0, 0x0, 0x0, 0x0, 0x0, 0x0,
    0x2, 0x46, 0x75, 0x31, 0x0, 0x0, 0x0, 0x0,

    /* U+0031 "1" */
    0x0, 0x0, 0x0, 0x0, 0x0, 0x34, 0x44, 0x30,
    0x0, 0x0, 0x0, 0x0, 0xe, 0xff, 0xfc, 0x0,
    0x0, 0x0, 0x0, 0x4, 0xff, 0xff, 0xc0, 0x0,
    0x0, 0x0, 0x2, 0xef, 0xff, 0xfc, 0x0, 0x0,
    0x0, 0x4, 0xef, 0xff, 0xff, 0xc0, 0x0, 0x0,
    0x29, 0xff, 0xff, 0xff, 0xfc, 0x37, 0x9a, 0xdf,
    0xff, 0xff, 0xff, 0xff, 0xc7, 0xff, 0xff, 0xff,
    0xff, 0xff, 0xff, 0xfc, 0x7f, 0xff, 0xff, 0xff,
    0xff, 0xff, 0xff, 0xc7, 0xff, 0xff, 0xff, 0xff,
    0xff, 0xff, 0xfc, 0x7f, 0xff, 0xff, 0xff, 0xff,
    0xff, 0xff, 0xc0, 0x0, 0x0, 0x0, 0x3, 0xff,
    0xff, 0xfc, 0x0, 0x0, 0x0, 0x0, 0x3f, 0xff,
    0xff, 0xc0, 0x0, 0x0, 0x0, 0x3, 0xff, 0xff,
    0xfc, 0x0, 0x0, 0x0, 0x0, 0x3f, 0xff, 0xff,
    0xc0, 0x0, 0x0, 0x0, 0x3, 0xff, 0xff, 0xfc,
    0x0, 0x0, 0x0, 0x0, 0x3f, 0xff, 0xff, 0xc0,
    0x0, 0x0, 0x0, 0x3, 0xff, 0xff, 0xfc, 0x0,
    0x0, 0x0, 0x0, 0x3f, 0xff, 0xff, 0xc0, 0x0,
    0x0, 0x0, 0x3, 0xff, 0xff, 0xfc, 0x0, 0x0,
    0x0, 0x0, 0x3f, 0xff, 0xff, 0xc0, 0x0, 0x0,
    0x0, 0x3, 0xff, 0xff, 0xfc, 0x0, 0x0, 0x0,
    0x0, 0x3f, 0xff, 0xff, 0xc0, 0x0, 0x0, 0x0,
    0x3, 0xff, 0xff, 0xfc, 0x0, 0x0, 0x0, 0x0,
    0x3f, 0xff, 0xff, 0xc0, 0x0, 0x0, 0x0, 0x3,
    0xff, 0xff, 0xfc, 0x0, 0x0, 0x0, 0x0, 0x3f,
    0xff, 0xff, 0xc0, 0x0, 0x0, 0x0, 0x3, 0xff,
    0xff, 0xfc, 0x0, 0x0, 0x0, 0x0, 0x3f, 0xff,
    0xff, 0xc0, 0x0, 0x0, 0x0, 0x3, 0xff, 0xff,
    0xfc, 0x0, 0x0, 0x0, 0x0, 0x3f, 0xff, 0xff,
    0xc0, 0x0, 0x0, 0x0, 0x3, 0xff, 0xff, 0xfc,
    0x0, 0x0, 0x0, 0x0, 0x3f, 0xff, 0xff, 0xc0,
    0x0, 0x0, 0x0, 0x3, 0xff, 0xff, 0xfc, 0x0,
    0x0, 0x0, 0x0, 0x3f, 0xff, 0xff, 0xc0,

    /* U+0032 "2" */
    0x0, 0x0, 0x0, 0x0, 0x17, 0xbd, 0xff, 0xdc,
    0x83, 0x0, 0x0, 0x0, 0x0, 0x0, 0x0, 0x19,
    0xff, 0xff, 0xff, 0xff, 0xff, 0xc2, 0x0, 0x0,
    0x0, 0x0, 0x3, 0xef, 0xff, 0xff, 0xff, 0xff,
    0xff, 0xff, 0x50, 0x0, 0x0, 0x0, 0x4f, 0xff,
    0xff, 0xff, 0xff, 0xff, 0xff, 0xff, 0xf5, 0x0,
    0x0, 0x1, 0xef, 0xff, 0xff, 0xfc, 0xbb, 0xef,
    0xff, 0xff, 0xff, 0x20, 0x0, 0xb, 0xff, 0xff,
    0xfb, 0x20, 0x0, 0x4, 0xef, 0xff, 0xff, 0xa0,
    0x0, 0x2f, 0xff, 0xff, 0xb0, 0x0, 0x0, 0x0,
    0x2e, 0xff, 0xff, 0xf1, 0x0, 0x9f, 0xff, 0xff,
    0x20, 0x0, 0x0, 0x0, 0x5, 0xff, 0xff, 0xf6,
    0x0, 0xef, 0xff, 0xfc, 0x0, 0x0, 0x0, 0x0,
    0x0, 0xef, 0xff, 0xfa, 0x1, 0xff, 0xff, 0xf6,
    0x0, 0x0, 0x0, 0x0, 0x0, 0xcf, 0xff, 0xfc,
    0x4, 0xff, 0xff, 0xf3, 0x0, 0x0, 0x0, 0x0,
    0x0, 0xaf, 0xff, 0xfd, 0x6, 0xff, 0xff, 0xf2,
    0x0, 0x0, 0x0, 0x0, 0x0, 0xbf, 0xff, 0xfc,
    0x7, 0xff, 0xff, 0xf0, 0x0, 0x0, 0x0, 0x0,
    0x0, 0xef, 0xff, 0xfa, 0x1, 0x33, 0x33, 0x30,
    0x0, 0x0, 0x0, 0x0, 0x4, 0xff, 0xff, 0xf6,
    0x0, 0x0, 0x0, 0x0, 0x0, 0x0, 0x0, 0x0,
    0xc, 0xff, 0xff, 0xf1, 0x0, 0x0, 0x0, 0x0,
    0x0, 0x0, 0x0, 0x0, 0xaf, 0xff, 0xff, 0x90,
    0x0, 0x0, 0x0, 0x0, 0x0, 0x0, 0x0, 0x7,
    0xff, 0xff, 0xff, 0x10, 0x0, 0x0, 0x0, 0x0,
    0x0, 0x0, 0x0, 0x8f, 0xff, 0xff, 0xf6, 0x0,
    0x0, 0x0, 0x0, 0x0, 0x0, 0x0, 0x1b, 0xff,
    0xff, 0xff, 0x70, 0x0, 0x0, 0x0, 0x0, 0x0,
    0x0, 0x3, 0xef, 0xff, 0xff, 0xf8, 0x0, 0x0,
    0x0, 0x0, 0x0, 0x0, 0x0, 0x8f, 0xff, 0xff,
    0xff, 0x60, 0x0, 0x0, 0x0, 0x0, 0x0, 0x0,
    0x2d, 0xff, 0xff, 0xff, 0xe3, 0x0, 0x0, 0x0,
    0x0, 0x0, 0x0, 0x5, 0xff, 0xff, 0xff, 0xfb,
    0x10, 0x0, 0x0, 0x0, 0x0, 0x0, 0x0, 0x8f,
    0xff, 0xff, 0xff, 0x60, 0x0, 0x0, 0x0, 0x0,
    0x0, 0x0, 0xa, 0xff, 0xff, 0xff, 0xc2, 0x0,
    0x0, 0x0, 0x0, 0x0, 0x0, 0x0, 0x8f, 0xff,
    0xff, 0xf7, 0x0, 0x0, 0x0, 0x0, 0x0, 0x0,
    0x0, 0x4, 0xff, 0xff, 0xff, 0x40, 0x0, 0x0,
    0x0, 0x0, 0x0, 0x0, 0x0, 0x1e, 0xff, 0xff,
    0xe3, 0x0, 0x0, 0x0, 0x0, 0x0, 0x0, 0x0,
    0x0, 0x9f, 0xff, 0xff, 0x40, 0x0, 0x0, 0x0,
    0x0, 0x0, 0x0, 0x0, 0x1, 0xff, 0xff, 0xfa,
    0x0, 0x0, 0x0, 0x0, 0x0, 0x0, 0x0, 0x0,
    0x6, 0xff, 0xff, 0xff, 0xff, 0xff, 0xff, 0xff,
    0xff, 0xff, 0xff, 0xfc, 0xb, 0xff, 0xff, 0xff,
    0xff, 0xff, 0xff, 0xff, 0xff, 0xff, 0xff, 0xfc,
    0xe, 0xff, 0xff, 0xff, 0xff, 0xff, 0xff, 0xff,
    0xff, 0xff, 0xff, 0xfc, 0xf, 0xff, 0xff, 0xff,
    0xff, 0xff, 0xff, 0xff, 0xff, 0xff, 0xff, 0xfc,
    0x1f, 0xff, 0xff, 0xff, 0xff, 0xff, 0xff, 0xff,
    0xff, 0xff, 0xff, 0xfc,

    /* U+0033 "3" */
    0x0, 0x0, 0x0, 0x0, 0x5a, 0xde, 0xfe, 0xc8,
    0x30, 0x0, 0x0, 0x0, 0x0, 0x0, 0x0, 0x6,
    0xef, 0xff, 0xff, 0xff, 0xff, 0xb3, 0x0, 0x0,
    0x0, 0x0, 0x0, 0x1c, 0xff, 0xff, 0xff, 0xff,
    0xff, 0xff, 0xfa, 0x0, 0x0, 0x0, 0x0, 0xd,
    0xff, 0xff, 0xff, 0xff, 0xff, 0xff, 0xff, 0xfb,
    0x0, 0x0, 0x0, 0xa, 0xff, 0xff, 0xff, 0xeb,
    0xbd, 0xff, 0xff, 0xff, 0xf7, 0x0, 0x0, 0x3,
    0xff, 0xff, 0xff, 0x60, 0x0, 0x2, 0xbf, 0xff,
    0xff, 0xf1, 0x0, 0x0, 0xbf, 0xff, 0xff, 0x40,
    0x0, 0x0, 0x0, 0xbf, 0xff, 0xff, 0x60, 0x0,
    0x1f, 0xff, 0xff, 0x90, 0x0, 0x0, 0x0, 0x1,
    0xff, 0xff, 0xfa, 0x0, 0x6, 0xff, 0xff, 0xf2,
    0x0, 0x0, 0x0, 0x0, 0xc, 0xff, 0xff, 0xc0,
    0x0, 0xaf, 0xff, 0xfd, 0x0, 0x0, 0x0, 0x0,
    0x0, 0xaf, 0xff, 0xfc, 0x0, 0xc, 0xff, 0xff,
    0xb0, 0x0, 0x0, 0x0, 0x0, 0xb, 0xff, 0xff,
    0xb0, 0x0, 0x89, 0x99, 0x96, 0x0, 0x0, 0x0,
    0x0, 0x0, 0xff, 0xff, 0xf8, 0x0, 0x0, 0x0,
    0x0, 0x0, 0x0, 0x0, 0x0, 0x0, 0x8f, 0xff,
    0xff, 0x20, 0x0, 0x0, 0x0, 0x0, 0x0, 0x0,
    0x0, 0x0, 0x8f, 0xff, 0xff, 0xb0, 0x0, 0x0,
    0x0, 0x0, 0x0, 0x0, 0x23, 0x59, 0xef, 0xff,
    0xff, 0xd1, 0x0, 0x0, 0x0, 0x0, 0x0, 0x0,
    0xf, 0xff, 0xff, 0xff, 0xff, 0xb2, 0x0, 0x0,
    0x0, 0x0, 0x0, 0x0, 0x0, 0xff, 0xff, 0xff,
    0xff, 0x80, 0x0, 0x0, 0x0, 0x0, 0x0, 0x0,
    0x0, 0xf, 0xff, 0xff, 0xff, 0xff, 0xe7, 0x0,
    0x0, 0x0, 0x0, 0x0, 0x0, 0x0, 0xff, 0xff,
    0xff, 0xff, 0xff, 0xf9, 0x0, 0x0, 0x0, 0x0,
    0x0, 0x0, 0x0, 0x1, 0x37, 0xcf, 0xff, 0xff,
    0xf8, 0x0, 0x0, 0x0, 0x0, 0x0, 0x0, 0x0,
    0x0, 0x0, 0x3e, 0xff, 0xff, 0xf1, 0x0, 0x0,
    0x0, 0x0, 0x0, 0x0, 0x0, 0x0, 0x0, 0x3f,
    0xff, 0xff, 0x80, 0x0, 0x0, 0x0, 0x0, 0x0,
    0x0, 0x0, 0x0, 0x0, 0xbf, 0xff, 0xfd, 0x3,
    0x66, 0x66, 0x60, 0x0, 0x0, 0x0, 0x0, 0x0,
    0x6, 0xff, 0xff, 0xf0, 0x7f, 0xff, 0xff, 0x0,
    0x0, 0x0, 0x0, 0x0, 0x0, 0x4f, 0xff, 0xff,
    0x15, 0xff, 0xff, 0xf2, 0x0, 0x0, 0x0, 0x0,
    0x0, 0x6, 0xff, 0xff, 0xf2, 0x3f, 0xff, 0xff,
    0x50, 0x0, 0x0, 0x0, 0x0, 0x0, 0x9f, 0xff,
    0xff, 0x0, 0xff, 0xff, 0xfc, 0x0, 0x0, 0x0,
    0x0, 0x0, 0xd, 0xff, 0xff, 0xe0, 0xa, 0xff,
    0xff, 0xf4, 0x0, 0x0, 0x0, 0x0, 0x8, 0xff,
    0xff, 0xf8, 0x0, 0x3f, 0xff, 0xff, 0xf3, 0x0,
    0x0, 0x0, 0x8, 0xff, 0xff, 0xff, 0x20, 0x0,
    0xcf, 0xff, 0xff, 0xfa, 0x53, 0x35, 0x7e, 0xff,
    0xff, 0xff, 0x80, 0x0, 0x1, 0xef, 0xff, 0xff,
    0xff, 0xff, 0xff, 0xff, 0xff, 0xff, 0xc0, 0x0,
    0x0, 0x3, 0xef, 0xff, 0xff, 0xff, 0xff, 0xff,
    0xff, 0xff, 0xc0, 0x0, 0x0, 0x0, 0x2, 0xcf,
    0xff, 0xff, 0xff, 0xff, 0xff, 0xff, 0x70, 0x0,
    0x0, 0x0, 0x0, 0x0, 0x5c, 0xff, 0xff, 0xff,
    0xff, 0xd7, 0x10, 0x0, 0x0, 0x0, 0x0, 0x0,
    0x0, 0x0, 0x45, 0x77, 0x65, 0x10, 0x0, 0x0,
    0x0, 0x0,

    /* U+0034 "4" */
    0x0, 0x0, 0x0, 0x0, 0x0, 0x0, 0x0, 0x24,
    0x44, 0x43, 0x0, 0x0, 0x0, 0x0, 0x0, 0x0,
    0x0, 0x0, 0x0, 0x1e, 0xff, 0xff, 0xb0, 0x0,
    0x0, 0x0, 0x0, 0x0, 0x0, 0x0, 0x0, 0xb,
    0xff, 0xff, 0xfb, 0x0, 0x0, 0x0, 0x0, 0x0,
    0x0, 0x0, 0x0, 0x6, 0xff, 0xff, 0xff, 0xb0,
    0x0, 0x0, 0x0, 0x0, 0x0, 0x0, 0x0, 0x2,
    0xff, 0xff, 0xff, 0xfb, 0x0, 0x0, 0x0, 0x0,
    0x0, 0x0, 0x0, 0x0, 0xcf, 0xff, 0xff, 0xff,
    0xb0, 0x0, 0x0, 0x0, 0x0, 0x0, 0x0, 0x0,
    0x7f, 0xff, 0xff, 0xff, 0xfb, 0x0, 0x0, 0x0,
    0x0, 0x0, 0x0, 0x0, 0x2f, 0xff, 0xfd, 0xff,
    0xff, 0xb0, 0x0, 0x0, 0x0, 0x0, 0x0, 0x0,
    0xd, 0xff, 0xfb, 0x7f, 0xff, 0xfb, 0x0, 0x0,
    0x0, 0x0, 0x0, 0x0, 0x8, 0xff, 0xff, 0x17,
    0xff, 0xff, 0xb0, 0x0, 0x0, 0x0, 0x0, 0x0,
    0x3, 0xff, 0xff, 0x60, 0x7f, 0xff, 0xfb, 0x0,
    0x0, 0x0, 0x0, 0x0, 0x0, 0xef, 0xff, 0xb0,
    0x7, 0xff, 0xff, 0xb0, 0x0, 0x0, 0x0, 0x0,
    0x0, 0xaf, 0xff, 0xf2, 0x0, 0x7f, 0xff, 0xfb,
    0x0, 0x0, 0x0, 0x0, 0x0, 0x5f, 0xff, 0xf6,
    0x0, 0x7, 0xff, 0xff, 0xb0, 0x0, 0x0, 0x0,
    0x0, 0x1e, 0xff, 0xfb, 0x0, 0x0, 0x7f, 0xff,
    0xfb, 0x0, 0x0, 0x0, 0x0, 0xb, 0xff, 0xff,
    0x20, 0x0, 0x7, 0xff, 0xff, 0xb0, 0x0, 0x0,
    0x0, 0x6, 0xff, 0xff, 0x60, 0x0, 0x0, 0x7f,
    0xff, 0xfb, 0x0, 0x0, 0x0, 0x2, 0xff, 0xff,
    0xc0, 0x0, 0x0, 0x7, 0xff, 0xff, 0xb0, 0x0,
    0x0, 0x0, 0xcf, 0xff, 0xf2, 0x0, 0x0, 0x0,
    0x7f, 0xff, 0xfb, 0x0, 0x0, 0x0, 0x7f, 0xff,
    0xf6, 0x0, 0x0, 0x0, 0x7, 0xff, 0xff, 0xb0,
    0x0, 0x0, 0x3f, 0xff, 0xfc, 0x0, 0x0, 0x0,
    0x0, 0x7f, 0xff, 0xfb, 0x0, 0x0, 0xc, 0xff,
    0xff, 0x20, 0x0, 0x0, 0x0, 0x7, 0xff, 0xff,
    0xb0, 0x0, 0x0, 0xdf, 0xff, 0xb6, 0x66, 0x66,
    0x66, 0x66, 0xaf, 0xff, 0xfd, 0x66, 0x66, 0xd,
    0xff, 0xff, 0xff, 0xff, 0xff, 0xff, 0xff, 0xff,
    0xff, 0xff, 0xff, 0xf0, 0xdf, 0xff, 0xff, 0xff,
    0xff, 0xff, 0xff, 0xff, 0xff, 0xff, 0xff, 0xff,
    0xd, 0xff, 0xff, 0xff, 0xff, 0xff, 0xff, 0xff,
    0xff, 0xff, 0xff, 0xff, 0xf0, 0xdf, 0xff, 0xff,
    0xff, 0xff, 0xff, 0xff, 0xff, 0xff, 0xff, 0xff,
    0xff, 0x0, 0x0, 0x0, 0x0, 0x0, 0x0, 0x0,
    0x7, 0xff, 0xff, 0xb0, 0x0, 0x0, 0x0, 0x0,
    0x0, 0x0, 0x0, 0x0, 0x0, 0x7f, 0xff, 0xfb,
    0x0, 0x0, 0x0, 0x0, 0x0, 0x0, 0x0, 0x0,
    0x0, 0x7, 0xff, 0xff, 0xb0, 0x0, 0x0, 0x0,
    0x0, 0x0, 0x0, 0x0, 0x0, 0x0, 0x7f, 0xff,
    0xfb, 0x0, 0x0, 0x0, 0x0, 0x0, 0x0, 0x0,
    0x0, 0x0, 0x7, 0xff, 0xff, 0xb0, 0x0, 0x0,
    0x0, 0x0, 0x0, 0x0, 0x0, 0x0, 0x0, 0x7f,
    0xff, 0xfb, 0x0, 0x0, 0x0, 0x0, 0x0, 0x0,
    0x0, 0x0, 0x0, 0x7, 0xff, 0xff, 0xb0, 0x0,
    0x0, 0x0, 0x0, 0x0, 0x0, 0x0, 0x0, 0x0,
    0x7f, 0xff, 0xfb, 0x0, 0x0, 0x0,

    /* U+0035 "5" */
    0x0, 0x0, 0x3f, 0xff, 0xff, 0xff, 0xff, 0xff,
    0xff, 0xff, 0xff, 0x40, 0x0, 0x0, 0x6, 0xff,
    0xff, 0xff, 0xff, 0xff, 0xff, 0xff, 0xff, 0xf4,
    0x0, 0x0, 0x0, 0x9f, 0xff, 0xff, 0xff, 0xff,
    0xff, 0xff, 0xff, 0xff, 0x40, 0x0, 0x0, 0xc,
    0xff, 0xff, 0xff, 0xff, 0xff, 0xff, 0xff, 0xff,
    0xf4, 0x0, 0x0, 0x0, 0xff, 0xff, 0xff, 0xff,
    0xff, 0xff, 0xff, 0xff, 0xff, 0x40, 0x0, 0x0,
    0x3f, 0xff, 0xfd, 0x0, 0x0, 0x0, 0x0, 0x0,
    0x0, 0x0, 0x0, 0x0, 0x6, 0xff, 0xff, 0xa0,
    0x0, 0x0, 0x0, 0x0, 0x0, 0x0, 0x0, 0x0,
    0x0, 0x9f, 0xff, 0xf7, 0x0, 0x0, 0x0, 0x0,
    0x0, 0x0, 0x0, 0x0, 0x0, 0xc, 0xff, 0xff,
    0x30, 0x0, 0x0, 0x0, 0x0, 0x0, 0x0, 0x0,
    0x0, 0x0, 0xff, 0xff, 0xf0, 0x0, 0x0, 0x0,
    0x0, 0x0, 0x0, 0x0, 0x0, 0x0, 0x2f, 0xff,
    0xfc, 0x0, 0x1, 0x45, 0x43, 0x0, 0x0, 0x0,
    0x0, 0x0, 0x6, 0xff, 0xff, 0x90, 0x5c, 0xff,
    0xff, 0xff, 0xa3, 0x0, 0x0, 0x0, 0x0, 0x9f,
    0xff, 0xf7, 0xcf, 0xff, 0xff, 0xff, 0xff, 0xfa,
    0x0, 0x0, 0x0, 0xc, 0xff, 0xff, 0xff, 0xff,
    0xff, 0xff, 0xff, 0xff, 0xfc, 0x10, 0x0, 0x0,
    0xff, 0xff, 0xff, 0xff, 0xff, 0xff, 0xff, 0xff,
    0xff, 0xfb, 0x0, 0x0, 0x2f, 0xff, 0xff, 0xfe,
    0x83, 0x10, 0x26, 0xdf, 0xff, 0xff, 0xf6, 0x0,
    0x6, 0xff, 0xff, 0xfc, 0x10, 0x0, 0x0, 0x1,
    0xbf, 0xff, 0xff, 0xd0, 0x0, 0x9f, 0xff, 0xff,
    0x20, 0x0, 0x0, 0x0, 0x0, 0xcf, 0xff, 0xff,
    0x40, 0x1, 0x22, 0x22, 0x20, 0x0, 0x0, 0x0,
    0x0, 0x4, 0xff, 0xff, 0xf9, 0x0, 0x0, 0x0,
    0x0, 0x0, 0x0, 0x0, 0x0, 0x0, 0xd, 0xff,
    0xff, 0xc0, 0x0, 0x0, 0x0, 0x0, 0x0, 0x0,
    0x0, 0x0, 0x0, 0xaf, 0xff, 0xfe, 0x0, 0x0,
    0x0, 0x0, 0x0, 0x0, 0x0, 0x0, 0x0, 0x8,
    0xff, 0xff, 0xf0, 0x0, 0x0, 0x0, 0x0, 0x0,
    0x0, 0x0, 0x0, 0x0, 0x7f, 0xff, 0xff, 0x0,
    0x0, 0x0, 0x0, 0x0, 0x0, 0x0, 0x0, 0x0,
    0x9, 0xff, 0xff, 0xf0, 0x4f, 0xff, 0xff, 0x40,
    0x0, 0x0, 0x0, 0x0, 0x0, 0xaf, 0xff, 0xfd,
    0x2, 0xff, 0xff, 0xf7, 0x0, 0x0, 0x0, 0x0,
    0x0, 0xe, 0xff, 0xff, 0x90, 0xf, 0xff, 0xff,
    0xc0, 0x0, 0x0, 0x0, 0x0, 0x5, 0xff, 0xff,
    0xf5, 0x0, 0xaf, 0xff, 0xff, 0x60, 0x0, 0x0,
    0x0, 0x0, 0xcf, 0xff, 0xfe, 0x0, 0x5, 0xff,
    0xff, 0xff, 0x50, 0x0, 0x0, 0x0, 0xaf, 0xff,
    0xff, 0x80, 0x0, 0xb, 0xff, 0xff, 0xff, 0xc6,
    0x42, 0x47, 0xdf, 0xff, 0xff, 0xd0, 0x0, 0x0,
    0x2e, 0xff, 0xff, 0xff, 0xff, 0xff, 0xff, 0xff,
    0xff, 0xf3, 0x0, 0x0, 0x0, 0x2e, 0xff, 0xff,
    0xff, 0xff, 0xff, 0xff, 0xff, 0xf4, 0x0, 0x0,
    0x0, 0x0, 0x1b, 0xff, 0xff, 0xff, 0xff, 0xff,
    0xff, 0xd3, 0x0, 0x0, 0x0, 0x0, 0x0, 0x4,
    0xbf, 0xff, 0xff, 0xff, 0xfc, 0x70, 0x0, 0x0,
    0x0, 0x0, 0x0, 0x0, 0x0, 0x3, 0x57, 0x76,
    0x42, 0x0, 0x0, 0x0, 0x0, 0x0,

    /* U+0036 "6" */
    0x0, 0x0, 0x0, 0x0, 0x5, 0xac, 0xef, 0xec,
    0x82, 0x0, 0x0, 0x0, 0x0, 0x0, 0x0, 0x0,
    0x7e, 0xff, 0xff, 0xff, 0xff, 0xf7, 0x0, 0x0,
    0x0, 0x0, 0x0, 0x0, 0xbf, 0xff, 0xff, 0xff,
    0xff, 0xff, 0xfd, 0x20, 0x0, 0x0, 0x0, 0x0,
    0xcf, 0xff, 0xff, 0xff, 0xff, 0xff, 0xff, 0xfe,
    0x20, 0x0, 0x0, 0x0, 0xaf, 0xff, 0xff, 0xfd,
    0xab, 0xdf, 0xff, 0xff, 0xfc, 0x0, 0x0, 0x0,
    0x5f, 0xff, 0xff, 0xe3, 0x0, 0x0, 0x4e, 0xff,
    0xff, 0xf6, 0x0, 0x0, 0xe, 0xff, 0xff, 0xd1,
    0x0, 0x0, 0x0, 0x3f, 0xff, 0xff, 0xc0, 0x0,
    0x6, 0xff, 0xff, 0xf3, 0x0, 0x0, 0x0, 0x0,
    0x9f, 0xff, 0xff, 0x20, 0x0, 0xdf, 0xff, 0xfa,
    0x0, 0x0, 0x0, 0x0, 0x4, 0xff, 0xff, 0xf4,
    0x0, 0x2f, 0xff, 0xff, 0x40, 0x0, 0x0, 0x0,
    0x0, 0x6, 0x66, 0x66, 0x20, 0x7, 0xff, 0xff,
    0xf0, 0x0, 0x0, 0x0, 0x0, 0x0, 0x0, 0x0,
    0x0, 0x0, 0xbf, 0xff, 0xfb, 0x0, 0x0, 0x0,
    0x0, 0x0, 0x0, 0x0, 0x0, 0x0, 0xe, 0xff,
    0xff, 0x80, 0x0, 0x3, 0x56, 0x54, 0x0, 0x0,
    0x0, 0x0, 0x0, 0xff, 0xff, 0xf6, 0x0, 0x8e,
    0xff, 0xff, 0xff, 0xb3, 0x0, 0x0, 0x0, 0x3f,
    0xff, 0xff, 0x42, 0xdf, 0xff, 0xff, 0xff, 0xff,
    0xfa, 0x0, 0x0, 0x4, 0xff, 0xff, 0xf4, 0xef,
    0xff, 0xff, 0xff, 0xff, 0xff, 0xfc, 0x10, 0x0,
    0x5f, 0xff, 0xff, 0xdf, 0xff, 0xff, 0xff, 0xff,
    0xff, 0xff, 0xfb, 0x0, 0x5, 0xff, 0xff, 0xff,
    0xff, 0xe6, 0x10, 0x14, 0xcf, 0xff, 0xff, 0xf6,
    0x0, 0x5f, 0xff, 0xff, 0xff, 0xc1, 0x0, 0x0,
    0x0, 0x9f, 0xff, 0xff, 0xe0, 0x5, 0xff, 0xff,
    0xff, 0xe0, 0x0, 0x0, 0x0, 0x0, 0xbf, 0xff,
    0xff, 0x50, 0x4f, 0xff, 0xff, 0xf6, 0x0, 0x0,
    0x0, 0x0, 0x3, 0xff, 0xff, 0xf9, 0x3, 0xff,
    0xff, 0xff, 0x0, 0x0, 0x0, 0x0, 0x0, 0xc,
    0xff, 0xff, 0xd0, 0x1f, 0xff, 0xff, 0xd0, 0x0,
    0x0, 0x0, 0x0, 0x0, 0x9f, 0xff, 0xff, 0x0,
    0xff, 0xff, 0xfa, 0x0, 0x0, 0x0, 0x0, 0x0,
    0x7, 0xff, 0xff, 0xf0, 0xd, 0xff, 0xff, 0xb0,
    0x0, 0x0, 0x0, 0x0, 0x0, 0x8f, 0xff, 0xff,
    0x0, 0xaf, 0xff, 0xfd, 0x0, 0x0, 0x0, 0x0,
    0x0, 0xa, 0xff, 0xff, 0xe0, 0x6, 0xff, 0xff,
    0xf1, 0x0, 0x0, 0x0, 0x0, 0x0, 0xdf, 0xff,
    0xfc, 0x0, 0x2f, 0xff, 0xff, 0x80, 0x0, 0x0,
    0x0, 0x0, 0x4f, 0xff, 0xff, 0x80, 0x0, 0xcf,
    0xff, 0xff, 0x10, 0x0, 0x0, 0x0, 0xd, 0xff,
    0xff, 0xf3, 0x0, 0x5, 0xff, 0xff, 0xfe, 0x30,
    0x0, 0x0, 0x1c, 0xff, 0xff, 0xfc, 0x0, 0x0,
    0xc, 0xff, 0xff, 0xff, 0x94, 0x23, 0x7d, 0xff,
    0xff, 0xff, 0x30, 0x0, 0x0, 0x2f, 0xff, 0xff,
    0xff, 0xff, 0xff, 0xff, 0xff, 0xff, 0x80, 0x0,
    0x0, 0x0, 0x4f, 0xff, 0xff, 0xff, 0xff, 0xff,
    0xff, 0xff, 0x90, 0x0, 0x0, 0x0, 0x0, 0x2d,
    0xff, 0xff, 0xff, 0xff, 0xff, 0xff, 0x70, 0x0,
    0x0, 0x0, 0x0, 0x0, 0x6, 0xcf, 0xff, 0xff,
    0xff, 0xe9, 0x10, 0x0, 0x0, 0x0, 0x0, 0x0,
    0x0, 0x0, 0x24, 0x57, 0x75, 0x30, 0x0, 0x0,
    0x0, 0x0,

    /* U+0037 "7" */
    0x4f, 0xff, 0xff, 0xff, 0xff, 0xff, 0xff, 0xff,
    0xff, 0xff, 0xff, 0xfa, 0x4f, 0xff, 0xff, 0xff,
    0xff, 0xff, 0xff, 0xff, 0xff, 0xff, 0xff, 0xfa,
    0x4f, 0xff, 0xff, 0xff, 0xff, 0xff, 0xff, 0xff,
    0xff, 0xff, 0xff, 0xfa, 0x4f, 0xff, 0xff, 0xff,
    0xff, 0xff, 0xff, 0xff, 0xff, 0xff, 0xff, 0xfa,
    0x4f, 0xff, 0xff, 0xff, 0xff, 0xff, 0xff, 0xff,
    0xff, 0xff, 0xff, 0xf9, 0x0, 0x0, 0x0, 0x0,
    0x0, 0x0, 0x0, 0x0, 0x4, 0xff, 0xff, 0xe1,
    0x0, 0x0, 0x0, 0x0, 0x0, 0x0, 0x0, 0x0,
    0x1e, 0xff, 0xff, 0x30, 0x0, 0x0, 0x0, 0x0,
    0x0, 0x0, 0x0, 0x0, 0xcf, 0xff, 0xf5, 0x0,
    0x0, 0x0, 0x0, 0x0, 0x0, 0x0, 0x0, 0x9,
    0xff, 0xff, 0x90, 0x0, 0x0, 0x0, 0x0, 0x0,
    0x0, 0x0, 0x0, 0x5f, 0xff, 0xfd, 0x0, 0x0,
    0x0, 0x0, 0x0, 0x0, 0x0, 0x0, 0x2, 0xff,
    0xff, 0xf3, 0x0, 0x0, 0x0, 0x0, 0x0, 0x0,
    0x0, 0x0, 0xd, 0xff, 0xff, 0x80, 0x0, 0x0,
    0x0, 0x0, 0x0, 0x0, 0x0, 0x0, 0x7f, 0xff,
    0xfd, 0x0, 0x0, 0x0, 0x0, 0x0, 0x0, 0x0,
    0x0, 0x1, 0xff, 0xff, 0xf4, 0x0, 0x0, 0x0,
    0x0, 0x0, 0x0, 0x0, 0x0, 0xa, 0xff, 0xff,
    0xb0, 0x0, 0x0, 0x0, 0x0, 0x0, 0x0, 0x0,
    0x0, 0x3f, 0xff, 0xff, 0x30, 0x0, 0x0, 0x0,
    0x0, 0x0, 0x0, 0x0, 0x0, 0xbf, 0xff, 0xfb,
    0x0, 0x0, 0x0, 0x0, 0x0, 0x0, 0x0, 0x0,
    0x4, 0xff, 0xff, 0xf3, 0x0, 0x0, 0x0, 0x0,
    0x0, 0x0, 0x0, 0x0, 0xc, 0xff, 0xff, 0xc0,
    0x0, 0x0, 0x0, 0x0, 0x0, 0x0, 0x0, 0x0,
    0x2f, 0xff, 0xff, 0x60, 0x0, 0x0, 0x0, 0x0,
    0x0, 0x0, 0x0, 0x0, 0x9f, 0xff, 0xff, 0x0,
    0x0, 0x0, 0x0, 0x0, 0x0, 0x0, 0x0, 0x0,
    0xff, 0xff, 0xfa, 0x0, 0x0, 0x0, 0x0, 0x0,
    0x0, 0x0, 0x0, 0x6, 0xff, 0xff, 0xf5, 0x0,
    0x0, 0x0, 0x0, 0x0, 0x0, 0x0, 0x0, 0xb,
    0xff, 0xff, 0xf0, 0x0, 0x0, 0x0, 0x0, 0x0,
    0x0, 0x0, 0x0, 0xf, 0xff, 0xff, 0xb0, 0x0,
    0x0, 0x0, 0x0, 0x0, 0x0, 0x0, 0x0, 0x5f,
    0xff, 0xff, 0x70, 0x0, 0x0, 0x0, 0x0, 0x0,
    0x0, 0x0, 0x0, 0x9f, 0xff, 0xff, 0x40, 0x0,
    0x0, 0x0, 0x0, 0x0, 0x0, 0x0, 0x0, 0xdf,
    0xff, 0xff, 0x0, 0x0, 0x0, 0x0, 0x0, 0x0,
    0x0, 0x0, 0x0, 0xff, 0xff, 0xfd, 0x0, 0x0,
    0x0, 0x0, 0x0, 0x0, 0x0, 0x0, 0x4, 0xff,
    0xff, 0xfa, 0x0, 0x0, 0x0, 0x0, 0x0, 0x0,
    0x0, 0x0, 0x7, 0xff, 0xff, 0xf8, 0x0, 0x0,
    0x0, 0x0, 0x0, 0x0, 0x0, 0x0, 0x8, 0xff,
    0xff, 0xf6, 0x0, 0x0, 0x0, 0x0, 0x0, 0x0,
    0x0, 0x0, 0xa, 0xff, 0xff, 0xf4, 0x0, 0x0,
    0x0, 0x0, 0x0, 0x0, 0x0, 0x0, 0xc, 0xff,
    0xff, 0xf3, 0x0, 0x0, 0x0, 0x0, 0x0, 0x0,

    /* U+0038 "8" */
    0x0, 0x0, 0x0, 0x3, 0x8b, 0xef, 0xfe, 0xda,
    0x61, 0x0, 0x0, 0x0, 0x0, 0x0, 0x0, 0x3c,
    0xff, 0xff, 0xff, 0xff, 0xff, 0xf9, 0x0, 0x0,
    0x0, 0x0, 0x0, 0x6f, 0xff, 0xff, 0xff, 0xff,
    0xff, 0xff, 0xfd, 0x20, 0x0, 0x0, 0x0, 0x4f,
    0xff, 0xff, 0xff, 0xff, 0xff, 0xff, 0xff, 0xfd,
    0x10, 0x0, 0x0, 0xe, 0xff, 0xff, 0xff, 0xc9,
    0x8a, 0xef, 0xff, 0xff, 0xf9, 0x0, 0x0, 0x6,
    0xff, 0xff, 0xfd, 0x40, 0x0, 0x0, 0x7f, 0xff,
    0xff, 0xf1, 0x0, 0x0, 0xbf, 0xff, 0xff, 0x20,
    0x0, 0x0, 0x0, 0x7f, 0xff, 0xff, 0x60, 0x0,
    0xf, 0xff, 0xff, 0x70, 0x0, 0x0, 0x0, 0x0,
    0xdf, 0xff, 0xfa, 0x0, 0x0, 0xff, 0xff, 0xf4,
    0x0, 0x0, 0x0, 0x0, 0x9, 0xff, 0xff, 0xb0,
    0x0, 0x1f, 0xff, 0xff, 0x10, 0x0, 0x0, 0x0,
    0x0, 0x6f, 0xff, 0xfc, 0x0, 0x0, 0xff, 0xff,
    0xf3, 0x0, 0x0, 0x0, 0x0, 0x8, 0xff, 0xff,
    0xa0, 0x0, 0xd, 0xff, 0xff, 0x50, 0x0, 0x0,
    0x0, 0x0, 0xaf, 0xff, 0xf8, 0x0, 0x0, 0x8f,
    0xff, 0xfc, 0x0, 0x0, 0x0, 0x0, 0x2f, 0xff,
    0xff, 0x20, 0x0, 0x1, 0xff, 0xff, 0xf9, 0x0,
    0x0, 0x0, 0x1c, 0xff, 0xff, 0xb0, 0x0, 0x0,
    0x5, 0xff, 0xff, 0xfd, 0x63, 0x24, 0x7f, 0xff,
    0xff, 0xd1, 0x0, 0x0, 0x0, 0x5, 0xef, 0xff,
    0xff, 0xff, 0xff, 0xff, 0xff, 0xc2, 0x0, 0x0,
    0x0, 0x0, 0x0, 0xcf, 0xff, 0xff, 0xff, 0xff,
    0xff, 0x70, 0x0, 0x0, 0x0, 0x0, 0x7, 0xdf,
    0xff, 0xff, 0xff, 0xff, 0xff, 0xff, 0xb4, 0x0,
    0x0, 0x0, 0xb, 0xff, 0xff, 0xff, 0xff, 0xff,
    0xff, 0xff, 0xff, 0xf6, 0x0, 0x0, 0xc, 0xff,
    0xff, 0xff, 0x94, 0x20, 0x25, 0xcf, 0xff, 0xff,
    0xf6, 0x0, 0x5, 0xff, 0xff, 0xfd, 0x20, 0x0,
    0x0, 0x0, 0x5f, 0xff, 0xff, 0xf1, 0x0, 0xdf,
    0xff, 0xff, 0x20, 0x0, 0x0, 0x0, 0x0, 0x6f,
    0xff, 0xff, 0x80, 0x3f, 0xff, 0xff, 0x70, 0x0,
    0x0, 0x0, 0x0, 0x0, 0xcf, 0xff, 0xfd, 0x5,
    0xff, 0xff, 0xf3, 0x0, 0x0, 0x0, 0x0, 0x0,
    0x8, 0xff, 0xff, 0xf0, 0x7f, 0xff, 0xff, 0x0,
    0x0, 0x0, 0x0, 0x0, 0x0, 0x5f, 0xff, 0xff,
    0x27, 0xff, 0xff, 0xf0, 0x0, 0x0, 0x0, 0x0,
    0x0, 0x6, 0xff, 0xff, 0xf2, 0x5f, 0xff, 0xff,
    0x30, 0x0, 0x0, 0x0, 0x0, 0x0, 0x8f, 0xff,
    0xff, 0x3, 0xff, 0xff, 0xf7, 0x0, 0x0, 0x0,
    0x0, 0x0, 0xc, 0xff, 0xff, 0xd0, 0xe, 0xff,
    0xff, 0xf2, 0x0, 0x0, 0x0, 0x0, 0x6, 0xff,
    0xff, 0xf8, 0x0, 0x8f, 0xff, 0xff, 0xc2, 0x0,
    0x0, 0x0, 0x4, 0xff, 0xff, 0xff, 0x20, 0x0,
    0xef, 0xff, 0xff, 0xf8, 0x30, 0x1, 0x4b, 0xff,
    0xff, 0xff, 0xa0, 0x0, 0x4, 0xff, 0xff, 0xff,
    0xff, 0xff, 0xff, 0xff, 0xff, 0xff, 0xd1, 0x0,
    0x0, 0x5, 0xff, 0xff, 0xff, 0xff, 0xff, 0xff,
    0xff, 0xff, 0xe2, 0x0, 0x0, 0x0, 0x2, 0xdf,
    0xff, 0xff, 0xff, 0xff, 0xff, 0xff, 0x90, 0x0,
    0x0, 0x0, 0x0, 0x0, 0x4b, 0xff, 0xff, 0xff,
    0xff, 0xe9, 0x20, 0x0, 0x0, 0x0, 0x0, 0x0,
    0x0, 0x0, 0x35, 0x77, 0x65, 0x20, 0x0, 0x0,
    0x0, 0x0,

    /* U+0039 "9" */
    0x0, 0x0, 0x0, 0x2, 0x7b, 0xde, 0xfd, 0xb9,
    0x30, 0x0, 0x0, 0x0, 0x0, 0x0, 0x0, 0x2b,
    0xff, 0xff, 0xff, 0xff, 0xff, 0xc3, 0x0, 0x0,
    0x0, 0x0, 0x0, 0x6f, 0xff, 0xff, 0xff, 0xff,
    0xff, 0xff, 0xf6, 0x0, 0x0, 0x0, 0x0, 0x7f,
    0xff, 0xff, 0xff, 0xff, 0xff, 0xff, 0xff, 0xf6,
    0x0, 0x0, 0x0, 0x4f, 0xff, 0xff, 0xff, 0xdb,
    0xbd, 0xff, 0xff, 0xff, 0xf2, 0x0, 0x0, 0xd,
    0xff, 0xff, 0xfc, 0x30, 0x0, 0x3, 0xdf, 0xff,
    0xff, 0xc0, 0x0, 0x5, 0xff, 0xff, 0xfb, 0x0,
    0x0, 0x0, 0x1, 0xcf, 0xff, 0xff, 0x30, 0x0,
    0xbf, 0xff, 0xff, 0x20, 0x0, 0x0, 0x0, 0x1,
    0xff, 0xff, 0xf9, 0x0, 0xf, 0xff, 0xff, 0xa0,
    0x0, 0x0, 0x0, 0x0, 0x8, 0xff, 0xff, 0xe0,
    0x3, 0xff, 0xff, 0xf5, 0x0, 0x0, 0x0, 0x0,
    0x0, 0x3f, 0xff, 0xff, 0x20, 0x4f, 0xff, 0xff,
    0x30, 0x0, 0x0, 0x0, 0x0, 0x1, 0xff, 0xff,
    0xf6, 0x5, 0xff, 0xff, 0xf2, 0x0, 0x0, 0x0,
    0x0, 0x0, 0xf, 0xff, 0xff, 0x90, 0x4f, 0xff,
    0xff, 0x30, 0x0, 0x0, 0x0, 0x0, 0x1, 0xff,
    0xff, 0xfb, 0x3, 0xff, 0xff, 0xf5, 0x0, 0x0,
    0x0, 0x0, 0x0, 0x3f, 0xff, 0xff, 0xd0, 0x1f,
    0xff, 0xff, 0x90, 0x0, 0x0, 0x0, 0x0, 0x7,
    0xff, 0xff, 0xfe, 0x0, 0xcf, 0xff, 0xff, 0x10,
    0x0, 0x0, 0x0, 0x0, 0xef, 0xff, 0xff, 0xf0,
    0x8, 0xff, 0xff, 0xfa, 0x0, 0x0, 0x0, 0x0,
    0x9f, 0xff, 0xff, 0xff, 0x0, 0x1f, 0xff, 0xff,
    0xf9, 0x0, 0x0, 0x0, 0xaf, 0xff, 0xff, 0xff,
    0xf0, 0x0, 0x8f, 0xff, 0xff, 0xfe, 0x97, 0x79,
    0xef, 0xff, 0xff, 0xff, 0xff, 0x0, 0x0, 0xbf,
    0xff, 0xff, 0xff, 0xff, 0xff, 0xff, 0xe9, 0xff,
    0xff, 0xf0, 0x0, 0x0, 0xbf, 0xff, 0xff, 0xff,
    0xff, 0xff, 0xf4, 0x9f, 0xff, 0xfe, 0x0, 0x0,
    0x0, 0x6e, 0xff, 0xff, 0xff, 0xff, 0xe3, 0xb,
    0xff, 0xff, 0xc0, 0x0, 0x0, 0x0, 0x6, 0xad,
    0xff, 0xdb, 0x50, 0x0, 0xdf, 0xff, 0xfa, 0x0,
    0x0, 0x0, 0x0, 0x0, 0x0, 0x0, 0x0, 0x0,
    0xf, 0xff, 0xff, 0x70, 0x0, 0x0, 0x0, 0x0,
    0x0, 0x0, 0x0, 0x0, 0x4, 0xff, 0xff, 0xf4,
    0x0, 0x0, 0x0, 0x0, 0x0, 0x0, 0x0, 0x0,
    0x0, 0x8f, 0xff, 0xff, 0x0, 0xa, 0xee, 0xee,
    0xc0, 0x0, 0x0, 0x0, 0x0, 0xc, 0xff, 0xff,
    0xa0, 0x0, 0x8f, 0xff, 0xff, 0x0, 0x0, 0x0,
    0x0, 0x4, 0xff, 0xff, 0xf4, 0x0, 0x5, 0xff,
    0xff, 0xf7, 0x0, 0x0, 0x0, 0x0, 0xdf, 0xff,
    0xfd, 0x0, 0x0, 0xe, 0xff, 0xff, 0xf3, 0x0,
    0x0, 0x1, 0xbf, 0xff, 0xff, 0x50, 0x0, 0x0,
    0x7f, 0xff, 0xff, 0xf9, 0x53, 0x47, 0xef, 0xff,
    0xff, 0xb0, 0x0, 0x0, 0x0, 0xcf, 0xff, 0xff,
    0xff, 0xff, 0xff, 0xff, 0xff, 0xe1, 0x0, 0x0,
    0x0, 0x1, 0xdf, 0xff, 0xff, 0xff, 0xff, 0xff,
    0xff, 0xd2, 0x0, 0x0, 0x0, 0x0, 0x1, 0xbf,
    0xff, 0xff, 0xff, 0xff, 0xff, 0xb1, 0x0, 0x0,
    0x0, 0x0, 0x0, 0x0, 0x4c, 0xff, 0xff, 0xff,
    0xfb, 0x40, 0x0, 0x0, 0x0, 0x0, 0x0, 0x0,
    0x0, 0x1, 0x56, 0x75, 0x31, 0x0, 0x0, 0x0,
    0x0, 0x0,

    /* U+003A ":" */
    0x69, 0x99, 0x99, 0x9a, 0xff, 0xff, 0xff, 0xaf,
    0xff, 0xff, 0xfa, 0xff, 0xff, 0xff, 0xaf, 0xff,
    0xff, 0xfa, 0xff, 0xff, 0xff, 0xaf, 0xff, 0xff,
    0xf0, 0x0, 0x0, 0x0, 0x0, 0x0, 0x0, 0x0,
    0x0, 0x0, 0x0, 0x0, 0x0, 0x0, 0x0, 0x0,
    0x0, 0x0, 0x0, 0x0, 0x0, 0x0, 0x0, 0x0,
    0x0, 0x0, 0x0, 0x0, 0x0, 0x0, 0x0, 0x0,
    0x0, 0x0, 0x0, 0x0, 0x0, 0x0, 0x0, 0x69,
    0x99, 0x99, 0x9a, 0xff, 0xff, 0xff, 0xaf, 0xff,
    0xff, 0xfa, 0xff, 0xff, 0xff, 0xaf, 0xff, 0xff,
    0xfa, 0xff, 0xff, 0xff, 0xaf, 0xff, 0xff, 0xf0,

    /* U+003B ";" */
    0x69, 0x99, 0x99, 0x9a, 0xff, 0xff, 0xff, 0xaf,
    0xff, 0xff, 0xfa, 0xff, 0xff, 0xff, 0xaf, 0xff,
    0xff, 0xfa, 0xff, 0xff, 0xff, 0xaf, 0xff, 0xff,
    0xf0, 0x0, 0x0, 0x0, 0x0, 0x0, 0x0, 0x0,
    0x0, 0x0, 0x0, 0x0, 0x0, 0x0, 0x0, 0x0,
    0x0, 0x0, 0x0, 0x0, 0x0, 0x0, 0x0, 0x0,
    0x0, 0x0, 0x0, 0x0, 0x0, 0x0, 0x0, 0x0,
    0x0, 0x0, 0x0, 0x0, 0x0, 0x0, 0x0, 0x69,
    0x99, 0x99, 0x9a, 0xff, 0xff, 0xff, 0xaf, 0xff,
    0xff, 0xfa, 0xff, 0xff, 0xff, 0xaf, 0xff, 0xff,
    0xfa, 0xff, 0xff, 0xff, 0xaf, 0xff, 0xff, 0xf0,
    0x0, 0x6f, 0xfe, 0x0, 0x9, 0xff, 0xb0, 0x0,
    0xef, 0xf8, 0x0, 0x9f, 0xff, 0x12, 0xbf, 0xff,
    0x70, 0x7f, 0xff, 0xa0, 0x7, 0xff, 0x70, 0x0,
    0x55, 0x0, 0x0, 0x0,

    /* U+003C "<" */
    0x0, 0x0, 0x0, 0x0, 0x0, 0x0, 0x0, 0x0,
    0x0, 0x0, 0x0, 0x0, 0x0, 0x0, 0x0, 0x0,
    0x0, 0x0, 0x0, 0x0, 0x0, 0x0, 0x0, 0x3,
    0xa9, 0x0, 0x0, 0x0, 0x0, 0x0, 0x0, 0x0,
    0x0, 0x0, 0x0, 0x5c, 0xff, 0x90, 0x0, 0x0,
    0x0, 0x0, 0x0, 0x0, 0x0, 0x0, 0x6, 0xdf,
    0xff, 0xf9, 0x0, 0x0, 0x0, 0x0, 0x0, 0x0,
    0x0, 0x1, 0x8e, 0xff, 0xff, 0xff, 0x90, 0x0,
    0x0, 0x0, 0x0, 0x0, 0x0, 0x29, 0xff, 0xff,
    0xff, 0xff, 0xf8, 0x0, 0x0, 0x0, 0x0, 0x0,
    0x4, 0xbf, 0xff, 0xff, 0xff, 0xff, 0xb4, 0x0,
    0x0, 0x0, 0x0, 0x0, 0x5c, 0xff, 0xff, 0xff,
    0xff, 0xf9, 0x20, 0x0, 0x0, 0x0, 0x0, 0x7,
    0xef, 0xff, 0xff, 0xff, 0xfe, 0x71, 0x0, 0x0,
    0x0, 0x0, 0x1, 0x8f, 0xff, 0xff, 0xff, 0xff,
    0xc5, 0x0, 0x0, 0x0, 0x0, 0x0, 0x3a, 0xff,
    0xff, 0xff, 0xff, 0xfa, 0x30, 0x0, 0x0, 0x0,
    0x0, 0x4, 0xbf, 0xff, 0xff, 0xff, 0xfe, 0x81,
    0x0, 0x0, 0x0, 0x0, 0x0, 0x0, 0xcf, 0xff,
    0xff, 0xff, 0xc5, 0x0, 0x0, 0x0, 0x0, 0x0,
    0x0, 0x0, 0xc, 0xff, 0xff, 0xff, 0x40, 0x0,
    0x0, 0x0, 0x0, 0x0, 0x0, 0x0, 0x0, 0xcf,
    0xff, 0xff, 0xff, 0x92, 0x0, 0x0, 0x0, 0x0,
    0x0, 0x0, 0x0, 0x7, 0xef, 0xff, 0xff, 0xff,
    0xfb, 0x40, 0x0, 0x0, 0x0, 0x0, 0x0, 0x0,
    0x0, 0x6d, 0xff, 0xff, 0xff, 0xff, 0xd6, 0x0,
    0x0, 0x0, 0x0, 0x0, 0x0, 0x0, 0x5, 0xcf,
    0xff, 0xff, 0xff, 0xfe, 0x82, 0x0, 0x0, 0x0,
    0x0, 0x0, 0x0, 0x0, 0x3a, 0xff, 0xff, 0xff,
    0xff, 0xfa, 0x30, 0x0, 0x0, 0x0, 0x0, 0x0,
    0x0, 0x2, 0x9f, 0xff, 0xff, 0xff, 0xff, 0xd6,
    0x0, 0x0, 0x0, 0x0, 0x0, 0x0, 0x0, 0x17,
    0xef, 0xff, 0xff, 0xff, 0xfe, 0x81, 0x0, 0x0,
    0x0, 0x0, 0x0, 0x0, 0x0, 0x6d, 0xff, 0xff,
    0xff, 0xff, 0xf6, 0x0, 0x0, 0x0, 0x0, 0x0,
    0x0, 0x0, 0x4, 0xbf, 0xff, 0xff, 0xff, 0x90,
    0x0, 0x0, 0x0, 0x0, 0x0, 0x0, 0x0, 0x0,
    0x3a, 0xff, 0xff, 0xf9, 0x0, 0x0, 0x0, 0x0,
    0x0, 0x0, 0x0, 0x0, 0x0, 0x1, 0x8f, 0xff,
    0x90, 0x0, 0x0, 0x0, 0x0, 0x0, 0x0, 0x0,
    0x0, 0x0, 0x0, 0x7, 0xe9, 0x0, 0x0, 0x0,
    0x0, 0x0, 0x0, 0x0, 0x0, 0x0, 0x0, 0x0,
    0x0, 0x20,

    /* U+003D "=" */
    0xbf, 0xff, 0xff, 0xff, 0xff, 0xff, 0xff, 0xff,
    0xff, 0xff, 0xff, 0xff, 0x7b, 0xff, 0xff, 0xff,
    0xff, 0xff, 0xff, 0xff, 0xff, 0xff, 0xff, 0xff,
    0xf7, 0xbf, 0xff, 0xff, 0xff, 0xff, 0xff, 0xff,
    0xff, 0xff, 0xff, 0xff, 0xff, 0x7b, 0xff, 0xff,
    0xff, 0xff, 0xff, 0xff, 0xff, 0xff, 0xff, 0xff,
    0xff, 0xf7, 0xbf, 0xff, 0xff, 0xff, 0xff, 0xff,
    0xff, 0xff, 0xff, 0xff, 0xff, 0xff, 0x70, 0x0,
    0x0, 0x0, 0x0, 0x0, 0x0, 0x0, 0x0, 0x0,
    0x0, 0x0, 0x0, 0x0, 0x0, 0x0, 0x0, 0x0,
    0x0, 0x0, 0x0, 0x0, 0x0, 0x0, 0x0, 0x0,
    0x0, 0x0, 0x0, 0x0, 0x0, 0x0, 0x0, 0x0,
    0x0, 0x0, 0x0, 0x0, 0x0, 0x0, 0x0, 0x0,
    0x0, 0x0, 0x0, 0x0, 0x0, 0x0, 0x0, 0x0,
    0x0, 0x0, 0x0, 0x0, 0x0, 0x0, 0x0, 0x0,
    0x0, 0x0, 0x0, 0x0, 0x0, 0xbf, 0xff, 0xff,
    0xff, 0xff, 0xff, 0xff, 0xff, 0xff, 0xff, 0xff,
    0xff, 0x7b, 0xff, 0xff, 0xff, 0xff, 0xff, 0xff,
    0xff, 0xff, 0xff, 0xff, 0xff, 0xf7, 0xbf, 0xff,
    0xff, 0xff, 0xff, 0xff, 0xff, 0xff, 0xff, 0xff,
    0xff, 0xff, 0x7b, 0xff, 0xff, 0xff, 0xff, 0xff,
    0xff, 0xff, 0xff, 0xff, 0xff, 0xff, 0xf7, 0xbf,
    0xff, 0xff, 0xff, 0xff, 0xff, 0xff, 0xff, 0xff,
    0xff, 0xff, 0xff, 0x70,

    /* U+003E ">" */
    0x0, 0x0, 0x0, 0x0, 0x0, 0x0, 0x0, 0x0,
    0x0, 0x0, 0x0, 0x0, 0xc, 0x92, 0x0, 0x0,
    0x0, 0x0, 0x0, 0x0, 0x0, 0x0, 0x0, 0x0,
    0x0, 0xcf, 0xfa, 0x30, 0x0, 0x0, 0x0, 0x0,
    0x0, 0x0, 0x0, 0x0, 0x0, 0xc, 0xff, 0xff,
    0xc5, 0x0, 0x0, 0x0, 0x0, 0x0, 0x0, 0x0,
    0x0, 0x0, 0xcf, 0xff, 0xff, 0xfd, 0x60, 0x0,
    0x0, 0x0, 0x0, 0x0, 0x0, 0x0, 0xc, 0xff,
    0xff, 0xff, 0xff, 0xe8, 0x10, 0x0, 0x0, 0x0,
    0x0, 0x0, 0x0, 0x6, 0xdf, 0xff, 0xff, 0xff,
    0xff, 0x92, 0x0, 0x0, 0x0, 0x0, 0x0, 0x0,
    0x0, 0x4b, 0xff, 0xff, 0xff, 0xff, 0xfb, 0x40,
    0x0, 0x0, 0x0, 0x0, 0x0, 0x0, 0x2, 0x8f,
    0xff, 0xff, 0xff, 0xff, 0xc5, 0x0, 0x0, 0x0,
    0x0, 0x0, 0x0, 0x0, 0x6, 0xdf, 0xff, 0xff,
    0xff, 0xfe, 0x70, 0x0, 0x0, 0x0, 0x0, 0x0,
    0x0, 0x0, 0x4b, 0xff, 0xff, 0xff, 0xff, 0xf8,
    0x10, 0x0, 0x0, 0x0, 0x0, 0x0, 0x0, 0x2,
    0x9f, 0xff, 0xff, 0xff, 0xff, 0xa2, 0x0, 0x0,
    0x0, 0x0, 0x0, 0x0, 0x0, 0x17, 0xef, 0xff,
    0xff, 0xff, 0x90, 0x0, 0x0, 0x0, 0x0, 0x0,
    0x0, 0x0, 0x0, 0x7f, 0xff, 0xff, 0xf9, 0x0,
    0x0, 0x0, 0x0, 0x0, 0x0, 0x0, 0x3, 0xaf,
    0xff, 0xff, 0xff, 0x90, 0x0, 0x0, 0x0, 0x0,
    0x0, 0x0, 0x5c, 0xff, 0xff, 0xff, 0xff, 0xd4,
    0x0, 0x0, 0x0, 0x0, 0x0, 0x18, 0xef, 0xff,
    0xff, 0xff, 0xfc, 0x50, 0x0, 0x0, 0x0, 0x0,
    0x3, 0xaf, 0xff, 0xff, 0xff, 0xff, 0xa3, 0x0,
    0x0, 0x0, 0x0, 0x0, 0x5c, 0xff, 0xff, 0xff,
    0xff, 0xf9, 0x20, 0x0, 0x0, 0x0, 0x0, 0x17,
    0xef, 0xff, 0xff, 0xff, 0xfe, 0x71, 0x0, 0x0,
    0x0, 0x0, 0x2, 0x9f, 0xff, 0xff, 0xff, 0xff,
    0xd6, 0x0, 0x0, 0x0, 0x0, 0x0, 0x9, 0xff,
    0xff, 0xff, 0xff, 0xfb, 0x40, 0x0, 0x0, 0x0,
    0x0, 0x0, 0x0, 0xcf, 0xff, 0xff, 0xff, 0xa3,
    0x0, 0x0, 0x0, 0x0, 0x0, 0x0, 0x0, 0xc,
    0xff, 0xff, 0xf8, 0x10, 0x0, 0x0, 0x0, 0x0,
    0x0, 0x0, 0x0, 0x0, 0xcf, 0xfe, 0x70, 0x0,
    0x0, 0x0, 0x0, 0x0, 0x0, 0x0, 0x0, 0x0,
    0xc, 0xc5, 0x0, 0x0, 0x0, 0x0, 0x0, 0x0,
    0x0, 0x0, 0x0, 0x0, 0x0, 0x20, 0x0, 0x0,
    0x0, 0x0, 0x0, 0x0, 0x0, 0x0, 0x0, 0x0,
    0x0, 0x0,

    /* U+003F "?" */
    0x0, 0x0, 0x0, 0x0, 0x26, 0x89, 0x98, 0x51,
    0x0, 0x0, 0x0, 0x0, 0x0, 0x0, 0x7, 0xef,
    0xff, 0xff, 0xff, 0xfb, 0x40, 0x0, 0x0, 0x0,
    0x0, 0x4e, 0xff, 0xff, 0xff, 0xff, 0xff, 0xff,
    0x90, 0x0, 0x0, 0x0, 0x6f, 0xff, 0xff, 0xff,
    0xff, 0xff, 0xff, 0xff, 0xc0, 0x0, 0x0, 0x4f,
    0xff, 0xff, 0xff, 0xff, 0xff, 0xff, 0xff, 0xff,
    0x90, 0x0, 0xe, 0xff, 0xff, 0xfd, 0x51, 0x2,
    0x8f, 0xff, 0xff, 0xff, 0x30, 0x7, 0xff, 0xff,
    0xfb, 0x10, 0x0, 0x0, 0x3f, 0xff, 0xff, 0xfa,
    0x0, 0xef, 0xff, 0xfe, 0x0, 0x0, 0x0, 0x0,
    0x7f, 0xff, 0xff, 0xf0, 0x2f, 0xff, 0xff, 0x80,
    0x0, 0x0, 0x0, 0x0, 0xff, 0xff, 0xff, 0x26,
    0xff, 0xff, 0xf2, 0x0, 0x0, 0x0, 0x0, 0xc,
    0xff, 0xff, 0xf4, 0x8f, 0xff, 0xff, 0x0, 0x0,
    0x0, 0x0, 0x0, 0xbf, 0xff, 0xff, 0x59, 0xff,
    0xff, 0xe0, 0x0, 0x0, 0x0, 0x0, 0xd, 0xff,
    0xff, 0xf4, 0x23, 0x33, 0x33, 0x0, 0x0, 0x0,
    0x0, 0x1, 0xff, 0xff, 0xff, 0x10, 0x0, 0x0,
    0x0, 0x0, 0x0, 0x0, 0x0, 0x8f, 0xff, 0xff,
    0xc0, 0x0, 0x0, 0x0, 0x0, 0x0, 0x0, 0x0,
    0x4f, 0xff, 0xff, 0xf5, 0x0, 0x0, 0x0, 0x0,
    0x0, 0x0, 0x0, 0x4f, 0xff, 0xff, 0xfc, 0x0,
    0x0, 0x0, 0x0, 0x0, 0x0, 0x0, 0x6f, 0xff,
    0xff, 0xfe, 0x10, 0x0, 0x0, 0x0, 0x0, 0x0,
    0x0, 0x6f, 0xff, 0xff, 0xfd, 0x20, 0x0, 0x0,
    0x0, 0x0, 0x0, 0x0, 0x5f, 0xff, 0xff, 0xfc,
    0x10, 0x0, 0x0, 0x0, 0x0, 0x0, 0x0, 0xe,
    0xff, 0xff, 0xfb, 0x0, 0x0, 0x0, 0x0, 0x0,
    0x0, 0x0, 0x7, 0xff, 0xff, 0xfd, 0x0, 0x0,
    0x0, 0x0, 0x0, 0x0, 0x0, 0x0, 0xbf, 0xff,
    0xff, 0x20, 0x0, 0x0, 0x0, 0x0, 0x0, 0x0,
    0x0, 0xf, 0xff, 0xff, 0xa0, 0x0, 0x0, 0x0,
    0x0, 0x0, 0x0, 0x0, 0x2, 0xff, 0xff, 0xf3,
    0x0, 0x0, 0x0, 0x0, 0x0, 0x0, 0x0, 0x0,
    0x3f, 0xff, 0xff, 0x0, 0x0, 0x0, 0x0, 0x0,
    0x0, 0x0, 0x0, 0x4, 0xff, 0xff, 0xe0, 0x0,
    0x0, 0x0, 0x0, 0x0, 0x0, 0x0, 0x0, 0x28,
    0x88, 0x87, 0x0, 0x0, 0x0, 0x0, 0x0, 0x0,
    0x0, 0x0, 0x0, 0x0, 0x0, 0x0, 0x0, 0x0,
    0x0, 0x0, 0x0, 0x0, 0x0, 0x0, 0x0, 0x0,
    0x0, 0x0, 0x0, 0x0, 0x0, 0x0, 0x0, 0x0,
    0x0, 0x1, 0x11, 0x11, 0x10, 0x0, 0x0, 0x0,
    0x0, 0x0, 0x0, 0x0, 0x0, 0xff, 0xff, 0xff,
    0x60, 0x0, 0x0, 0x0, 0x0, 0x0, 0x0, 0x0,
    0xf, 0xff, 0xff, 0xf6, 0x0, 0x0, 0x0, 0x0,
    0x0, 0x0, 0x0, 0x0, 0xff, 0xff, 0xff, 0x60,
    0x0, 0x0, 0x0, 0x0, 0x0, 0x0, 0x0, 0xf,
    0xff, 0xff, 0xf6, 0x0, 0x0, 0x0, 0x0, 0x0,
    0x0, 0x0, 0x0, 0xff, 0xff, 0xff, 0x60, 0x0,
    0x0, 0x0, 0x0, 0x0, 0x0, 0x0, 0xf, 0xff,
    0xff, 0xf6, 0x0, 0x0, 0x0, 0x0,

    /* U+0040 "@" */
    0x0, 0x0, 0x0, 0x0, 0x0, 0x0, 0x0, 0x0,
    0x1, 0x10, 0x0, 0x0, 0x0, 0x0, 0x0, 0x0,
    0x0, 0x0, 0x0, 0x0, 0x0, 0x0, 0x0, 0x2,
    0x7c, 0xef, 0xff, 0xfe, 0xc8, 0x40, 0x0, 0x0,
    0x0, 0x0, 0x0, 0x0, 0x0, 0x0, 0x0, 0x0,
    0x6d, 0xff, 0xff, 0xff, 0xff, 0xff, 0xff, 0xe7,
    0x0, 0x0, 0x0, 0x0, 0x0, 0x0, 0x0, 0x0,
    0x4, 0xdf, 0xff, 0xff, 0xff, 0xff, 0xff, 0xff,
    0xff, 0xfe, 0x50, 0x0, 0x0, 0x0, 0x0, 0x0,
    0x0, 0x9, 0xff, 0xff, 0xfc, 0x73, 0x20, 0x2,
    0x37, 0xbf, 0xff, 0xff, 0xa1, 0x0, 0x0, 0x0,
    0x0, 0x0, 0x1b, 0xff, 0xff, 0xa2, 0x0, 0x0,
    0x0, 0x0, 0x0, 0x18, 0xff, 0xff, 0xc0, 0x0,
    0x0, 0x0, 0x0, 0xc, 0xff, 0xfe, 0x40, 0x0,
    0x0, 0x0, 0x0, 0x0, 0x0, 0x2, 0xcf, 0xff,
    0xc0, 0x0, 0x0, 0x0, 0xa, 0xff, 0xfd, 0x10,
    0x0, 0x0, 0x0, 0x0, 0x0, 0x0, 0x0, 0x0,
    0xaf, 0xff, 0x80, 0x0, 0x0, 0x7, 0xff, 0xfd,
    0x10, 0x0, 0x0, 0x0, 0x0, 0x0, 0x0, 0x0,
    0x0, 0x0, 0xbf, 0xff, 0x20, 0x0, 0x1, 0xff,
    0xff, 0x20, 0x0, 0x0, 0x0, 0x47, 0x98, 0x61,
    0x0, 0x0, 0x0, 0x1, 0xff, 0xfb, 0x0, 0x0,
    0xaf, 0xff, 0x60, 0x0, 0x0, 0x6, 0xdf, 0xff,
    0xff, 0xf6, 0x0, 0xee, 0xe5, 0x6, 0xff, 0xf1,
    0x0, 0x2f, 0xff, 0xe0, 0x0, 0x0, 0x1b, 0xff,
    0xff, 0xff, 0xff, 0xf6, 0x4f, 0xff, 0x20, 0xf,
    0xff, 0x70, 0x8, 0xff, 0xf6, 0x0, 0x0, 0x1d,
    0xff, 0xff, 0xff, 0xff, 0xff, 0xfb, 0xff, 0xd0,
    0x0, 0xaf, 0xfb, 0x0, 0xdf, 0xff, 0x10, 0x0,
    0xc, 0xff, 0xff, 0xc5, 0x11, 0x6f, 0xff, 0xff,
    0xf9, 0x0, 0x7, 0xff, 0xd0, 0x2f, 0xff, 0xc0,
    0x0, 0x6, 0xff, 0xff, 0xb0, 0x0, 0x0, 0x2f,
    0xff, 0xff, 0x50, 0x0, 0x5f, 0xff, 0x5, 0xff,
    0xf8, 0x0, 0x0, 0xff, 0xff, 0xb0, 0x0, 0x0,
    0x0, 0x8f, 0xff, 0xf1, 0x0, 0x3, 0xff, 0xf0,
    0x7f, 0xff, 0x50, 0x0, 0x7f, 0xff, 0xe0, 0x0,
    0x0, 0x0, 0x4, 0xff, 0xfc, 0x0, 0x0, 0x4f,
    0xfe, 0x8, 0xff, 0xf4, 0x0, 0xd, 0xff, 0xf6,
    0x0, 0x0, 0x0, 0x0, 0x2f, 0xff, 0x80, 0x0,
    0x5, 0xff, 0xd0, 0x9f, 0xff, 0x30, 0x1, 0xff,
    0xff, 0x10, 0x0, 0x0, 0x0, 0x3, 0xff, 0xf3,
    0x0, 0x0, 0x7f, 0xfb, 0x9, 0xff, 0xf3, 0x0,
    0x5f, 0xff, 0xc0, 0x0, 0x0, 0x0, 0x0, 0x7f,
    0xff, 0x0, 0x0, 0xb, 0xff, 0x60, 0x7f, 0xff,
    0x50, 0x7, 0xff, 0xf8, 0x0, 0x0, 0x0, 0x0,
    0xc, 0xff, 0xb0, 0x0, 0x0, 0xff, 0xf1, 0x6,
    0xff, 0xf6, 0x0, 0x8f, 0xff, 0x80, 0x0, 0x0,
    0x0, 0x3, 0xff, 0xf7, 0x0, 0x0, 0x5f, 0xfc,
    0x0, 0x4f, 0xff, 0x80, 0x8, 0xff, 0xf9, 0x0,
    0x0, 0x0, 0x0, 0xbf, 0xff, 0x20, 0x0, 0xd,
    0xff, 0x40, 0x1, 0xff, 0xfc, 0x0, 0x7f, 0xff,
    0xd0, 0x0, 0x0, 0x0, 0x6f, 0xff, 0xe0, 0x0,
    0x6, 0xff, 0xb0, 0x0, 0xc, 0xff, 0xf1, 0x3,
    0xff, 0xff, 0x50, 0x0, 0x0, 0x6f, 0xff, 0xfb,
    0x0, 0x3, 0xff, 0xe2, 0x0, 0x0, 0x7f, 0xff,
    0x60, 0xc, 0xff, 0xff, 0x72, 0x2, 0x9f, 0xff,
    0xff, 0xb0, 0x5, 0xff, 0xf4, 0x0, 0x0, 0x2,
    0xff, 0xfd, 0x0, 0x3f, 0xff, 0xff, 0xff, 0xff,
    0xff, 0xff, 0xff, 0xce, 0xff, 0xf5, 0x0, 0x0,
    0x0, 0x9, 0xff, 0xf5, 0x0, 0x7f, 0xff, 0xff,
    0xff, 0xfd, 0x3f, 0xff, 0xff, 0xff, 0xe4, 0x0,
    0x0, 0x0, 0x0, 0x2f, 0xff, 0xe1, 0x0, 0x4e,
    0xff, 0xff, 0xfb, 0x10, 0x9f, 0xff, 0xff, 0x91,
    0x0, 0x0, 0x0, 0x0, 0x0, 0x9f, 0xff, 0xc0,
    0x0, 0x5, 0x9a, 0x83, 0x0, 0x0, 0x6a, 0x95,
    0x0, 0x1, 0x99, 0x93, 0x0, 0x0, 0x0, 0xcf,
    0xff, 0xa0, 0x0, 0x0, 0x0, 0x0, 0x0, 0x0,
    0x0, 0x0, 0x1, 0xdf, 0xfa, 0x0, 0x0, 0x0,
    0x1, 0xef, 0xff, 0xc1, 0x0, 0x0, 0x0, 0x0,
    0x0, 0x0, 0x0, 0x3, 0xef, 0xfd, 0x0, 0x0,
    0x0, 0x0, 0x3, 0xef, 0xff, 0xe6, 0x0, 0x0,
    0x0, 0x0, 0x0, 0x0, 0x1a, 0xff, 0xff, 0x20,
    0x0, 0x0, 0x0, 0x0, 0x1, 0xdf, 0xff, 0xfd,
    0x83, 0x0, 0x0, 0x0, 0x5, 0xaf, 0xff, 0xfd,
    0x20, 0x0, 0x0, 0x0, 0x0, 0x0, 0x0, 0x9f,
    0xff, 0xff, 0xff, 0xdc, 0xbc, 0xef, 0xff, 0xff,
    0xf9, 0x0, 0x0, 0x0, 0x0, 0x0, 0x0, 0x0,
    0x0, 0x2b, 0xff, 0xff, 0xff, 0xff, 0xff, 0xff,
    0xff, 0xd5, 0x0, 0x0, 0x0, 0x0, 0x0, 0x0,
    0x0, 0x0, 0x0, 0x3, 0x8d, 0xff, 0xff, 0xff,
    0xff, 0xfa, 0x40, 0x0, 0x0, 0x0, 0x0, 0x0,
    0x0, 0x0, 0x0, 0x0, 0x0, 0x0, 0x1, 0x45,
    0x67, 0x65, 0x20, 0x0, 0x0, 0x0, 0x0, 0x0,
    0x0,

    /* U+0041 "A" */
    0x0, 0x0, 0x0, 0x0, 0x0, 0x0, 0x6, 0xff,
    0xff, 0xff, 0x60, 0x0, 0x0, 0x0, 0x0, 0x0,
    0x0, 0x0, 0x0, 0x0, 0x0, 0x0, 0x0, 0xc,
    0xff, 0xff, 0xff, 0xc0, 0x0, 0x0, 0x0, 0x0,
    0x0, 0x0, 0x0, 0x0, 0x0, 0x0, 0x0, 0x0,
    0x2f, 0xff, 0xff, 0xff, 0xf2, 0x0, 0x0, 0x0,
    0x0, 0x0, 0x0, 0x0, 0x0, 0x0, 0x0, 0x0,
    0x0, 0x8f, 0xff, 0xff, 0xff, 0xf8, 0x0, 0x0,
    0x0, 0x0, 0x0, 0x0, 0x0, 0x0, 0x0, 0x0,
    0x0, 0x0, 0xdf, 0xff, 0xff, 0xff, 0xfe, 0x0,
    0x0, 0x0, 0x0, 0x0, 0x0, 0x0, 0x0, 0x0,
    0x0, 0x0, 0x4, 0xff, 0xff, 0xff, 0xff, 0xff,
    0x40, 0x0, 0x0, 0x0, 0x0, 0x0, 0x0, 0x0,
    0x0, 0x0, 0x0, 0xa, 0xff, 0xff, 0xbc, 0xff,
    0xff, 0xa0, 0x0, 0x0, 0x0, 0x0, 0x0, 0x0,
    0x0, 0x0, 0x0, 0x0, 0xf, 0xff, 0xff, 0x57,
    0xff, 0xff, 0xf1, 0x0, 0x0, 0x0, 0x0, 0x0,
    0x0, 0x0, 0x0, 0x0, 0x0, 0x6f, 0xff, 0xff,
    0x1, 0xff, 0xff, 0xf6, 0x0, 0x0, 0x0, 0x0,
    0x0, 0x0, 0x0, 0x0, 0x0, 0x0, 0xcf, 0xff,
    0xfa, 0x0, 0xcf, 0xff, 0xfc, 0x0, 0x0, 0x0,
    0x0, 0x0, 0x0, 0x0, 0x0, 0x0, 0x2, 0xff,
    0xff, 0xf5, 0x0, 0x6f, 0xff, 0xff, 0x20, 0x0,
    0x0, 0x0, 0x0, 0x0, 0x0, 0x0, 0x0, 0x8,
    0xff, 0xff, 0xf0, 0x0, 0x1f, 0xff, 0xff, 0x80,
    0x0, 0x0, 0x0, 0x0, 0x0, 0x0, 0x0, 0x0,
    0xe, 0xff, 0xff, 0xa0, 0x0, 0xb, 0xff, 0xff,
    0xe0, 0x0, 0x0, 0x0, 0x0, 0x0, 0x0, 0x0,
    0x0, 0x4f, 0xff, 0xff, 0x40, 0x0, 0x6, 0xff,
    0xff, 0xf4, 0x0, 0x0, 0x0, 0x0, 0x0, 0x0,
    0x0, 0x0, 0xaf, 0xff, 0xfe, 0x0, 0x0, 0x1,
    0xff, 0xff, 0xfa, 0x0, 0x0, 0x0, 0x0, 0x0,
    0x0, 0x0, 0x0, 0xff, 0xff, 0xf9, 0x0, 0x0,
    0x0, 0xbf, 0xff, 0xff, 0x10, 0x0, 0x0, 0x0,
    0x0, 0x0, 0x0, 0x6, 0xff, 0xff, 0xf4, 0x0,
    0x0, 0x0, 0x5f, 0xff, 0xff, 0x60, 0x0, 0x0,
    0x0, 0x0, 0x0, 0x0, 0xc, 0xff, 0xff, 0xe0,
    0x0, 0x0, 0x0, 0xf, 0xff, 0xff, 0xc0, 0x0,
    0x0, 0x0, 0x0, 0x0, 0x0, 0x2f, 0xff, 0xff,
    0x90, 0x0, 0x0, 0x0, 0xa, 0xff, 0xff, 0xf2,
    0x0, 0x0, 0x0, 0x0, 0x0, 0x0, 0x8f, 0xff,
    0xff, 0x30, 0x0, 0x0, 0x0, 0x5, 0xff, 0xff,
    0xf8, 0x0, 0x0, 0x0, 0x0, 0x0, 0x0, 0xef,
    0xff, 0xfd, 0x0, 0x0, 0x0, 0x0, 0x0, 0xff,
    0xff, 0xfe, 0x0, 0x0, 0x0, 0x0, 0x0, 0x4,
    0xff, 0xff, 0xff, 0xff, 0xff, 0xff, 0xff, 0xff,
    0xff, 0xff, 0xff, 0x40, 0x0, 0x0, 0x0, 0x0,
    0xa, 0xff, 0xff, 0xff, 0xff, 0xff, 0xff, 0xff,
    0xff, 0xff, 0xff, 0xff, 0xb0, 0x0, 0x0, 0x0,
    0x0, 0xf, 0xff, 0xff, 0xff, 0xff, 0xff, 0xff,
    0xff, 0xff, 0xff, 0xff, 0xff, 0xf1, 0x0, 0x0,
    0x0, 0x0, 0x6f, 0xff, 0xff, 0xff, 0xff, 0xff,
    0xff, 0xff, 0xff, 0xff, 0xff, 0xff, 0xf7, 0x0,
    0x0, 0x0, 0x0, 0xcf, 0xff, 0xff, 0xaa, 0xaa,
    0xaa, 0xaa, 0xaa, 0xaa, 0xab, 0xff, 0xff, 0xfd,
    0x0, 0x0, 0x0, 0x2, 0xff, 0xff, 0xfc, 0x0,
    0x0, 0x0, 0x0, 0x0, 0x0, 0x0, 0xef, 0xff,
    0xff, 0x30, 0x0, 0x0, 0x8, 0xff, 0xff, 0xf7,
    0x0, 0x0, 0x0, 0x0, 0x0, 0x0, 0x0, 0x9f,
    0xff, 0xff, 0x90, 0x0, 0x0, 0xe, 0xff, 0xff,
    0xf1, 0x0, 0x0, 0x0, 0x0, 0x0, 0x0, 0x0,
    0x4f, 0xff, 0xff, 0xe0, 0x0, 0x0, 0x4f, 0xff,
    0xff, 0xc0, 0x0, 0x0, 0x0, 0x0, 0x0, 0x0,
    0x0, 0xe, 0xff, 0xff, 0xf5, 0x0, 0x0, 0xaf,
    0xff, 0xff, 0x60, 0x0, 0x0, 0x0, 0x0, 0x0,
    0x0, 0x0, 0x9, 0xff, 0xff, 0xfb, 0x0, 0x1,
    0xff, 0xff, 0xff, 0x10, 0x0, 0x0, 0x0, 0x0,
    0x0, 0x0, 0x0, 0x3, 0xff, 0xff, 0xff, 0x10,
    0x6, 0xff, 0xff, 0xfb, 0x0, 0x0, 0x0, 0x0,
    0x0, 0x0, 0x0, 0x0, 0x0, 0xef, 0xff, 0xff,
    0x70, 0xc, 0xff, 0xff, 0xf5, 0x0, 0x0, 0x0,
    0x0, 0x0, 0x0, 0x0, 0x0, 0x0, 0x8f, 0xff,
    0xff, 0xd0, 0x2f, 0xff, 0xff, 0xf0, 0x0, 0x0,
    0x0, 0x0, 0x0, 0x0, 0x0, 0x0, 0x0, 0x3f,
    0xff, 0xff, 0xf3,

    /* U+0042 "B" */
    0x5f, 0xff, 0xff, 0xff, 0xff, 0xff, 0xff, 0xff,
    0xff, 0xed, 0xa7, 0x10, 0x0, 0x0, 0x0, 0x5f,
    0xff, 0xff, 0xff, 0xff, 0xff, 0xff, 0xff, 0xff,
    0xff, 0xff, 0xf9, 0x10, 0x0, 0x0, 0x5f, 0xff,
    0xff, 0xff, 0xff, 0xff, 0xff, 0xff, 0xff, 0xff,
    0xff, 0xff, 0xe2, 0x0, 0x0, 0x5f, 0xff, 0xff,
    0xff, 0xff, 0xff, 0xff, 0xff, 0xff, 0xff, 0xff,
    0xff, 0xfe, 0x10, 0x0, 0x5f, 0xff, 0xff, 0xff,
    0xff, 0xff, 0xff, 0xff, 0xff, 0xff, 0xff, 0xff,
    0xff, 0x90, 0x0, 0x5f, 0xff, 0xff, 0xa0, 0x0,
    0x0, 0x0, 0x0, 0x1, 0x4a, 0xff, 0xff, 0xff,
    0xf0, 0x0, 0x5f, 0xff, 0xff, 0xa0, 0x0, 0x0,
    0x0, 0x0, 0x0, 0x0, 0x8f, 0xff, 0xff, 0xf4,
    0x0, 0x5f, 0xff, 0xff, 0xa0, 0x0, 0x0, 0x0,
    0x0, 0x0, 0x0, 0xe, 0xff, 0xff, 0xf6, 0x0,
    0x5f, 0xff, 0xff, 0xa0, 0x0, 0x0, 0x0, 0x0,
    0x0, 0x0, 0xb, 0xff, 0xff, 0xf7, 0x0, 0x5f,
    0xff, 0xff, 0xa0, 0x0, 0x0, 0x0, 0x0, 0x0,
    0x0, 0x9, 0xff, 0xff, 0xf5, 0x0, 0x5f, 0xff,
    0xff, 0xa0, 0x0, 0x0, 0x0, 0x0, 0x0, 0x0,
    0xa, 0xff, 0xff, 0xf3, 0x0, 0x5f, 0xff, 0xff,
    0xa0, 0x0, 0x0, 0x0, 0x0, 0x0, 0x0, 0xd,
    0xff, 0xff, 0xe0, 0x0, 0x5f, 0xff, 0xff, 0xa0,
    0x0, 0x0, 0x0, 0x0, 0x0, 0x0, 0x5f, 0xff,
    0xff, 0x70, 0x0, 0x5f, 0xff, 0xff, 0xa0, 0x0,
    0x0, 0x0, 0x0, 0x0, 0x5, 0xef, 0xff, 0xfc,
    0x0, 0x0, 0x5f, 0xff, 0xff, 0xc6, 0x66, 0x66,
    0x66, 0x66, 0x68, 0xcf, 0xff, 0xff, 0xd1, 0x0,
    0x0, 0x5f, 0xff, 0xff, 0xff, 0xff, 0xff, 0xff,
    0xff, 0xff, 0xff, 0xff, 0xf7, 0x0, 0x0, 0x0,
    0x5f, 0xff, 0xff, 0xff, 0xff, 0xff, 0xff, 0xff,
    0xff, 0xff, 0xff, 0xe7, 0x10, 0x0, 0x0, 0x5f,
    0xff, 0xff, 0xff, 0xff, 0xff, 0xff, 0xff, 0xff,
    0xff, 0xff, 0xff, 0xf8, 0x0, 0x0, 0x5f, 0xff,
    0xff, 0xff, 0xff, 0xff, 0xff, 0xff, 0xff, 0xff,
    0xff, 0xff, 0xff, 0x90, 0x0, 0x5f, 0xff, 0xff,
    0xa0, 0x0, 0x0, 0x0, 0x0, 0x0, 0x35, 0xdf,
    0xff, 0xff, 0xf7, 0x0, 0x5f, 0xff, 0xff, 0xa0,
    0x0, 0x0, 0x0, 0x0, 0x0, 0x0, 0x8, 0xff,
    0xff, 0xfe, 0x0, 0x5f, 0xff, 0xff, 0xa0, 0x0,
    0x0, 0x0, 0x0, 0x0, 0x0, 0x0, 0xcf, 0xff,
    0xff, 0x60, 0x5f, 0xff, 0xff, 0xa0, 0x0, 0x0,
    0x0, 0x0, 0x0, 0x0, 0x0, 0x5f, 0xff, 0xff,
    0xa0, 0x5f, 0xff, 0xff, 0xa0, 0x0, 0x0, 0x0,
    0x0, 0x0, 0x0, 0x0, 0x2f, 0xff, 0xff, 0xc0,
    0x5f, 0xff, 0xff, 0xa0, 0x0, 0x0, 0x0, 0x0,
    0x0, 0x0, 0x0, 0xf, 0xff, 0xff, 0xe0, 0x5f,
    0xff, 0xff, 0xa0, 0x0, 0x0, 0x0, 0x0, 0x0,
    0x0, 0x0, 0x2f, 0xff, 0xff, 0xf0, 0x5f, 0xff,
    0xff, 0xa0, 0x0, 0x0, 0x0, 0x0, 0x0, 0x0,
    0x0, 0x5f, 0xff, 0xff, 0xe0, 0x5f, 0xff, 0xff,
    0xa0, 0x0, 0x0, 0x0, 0x0, 0x0, 0x0, 0x0,
    0xcf, 0xff, 0xff, 0xc0, 0x5f, 0xff, 0xff, 0xa0,
    0x0, 0x0, 0x0, 0x0, 0x0, 0x0, 0x8, 0xff,
    0xff, 0xff, 0x70, 0x5f, 0xff, 0xff, 0xa0, 0x0,
    0x0, 0x0, 0x0, 0x0, 0x25, 0xdf, 0xff, 0xff,
    0xff, 0x10, 0x5f, 0xff, 0xff, 0xff, 0xff, 0xff,
    0xff, 0xff, 0xff, 0xff, 0xff, 0xff, 0xff, 0xf7,
    0x0, 0x5f, 0xff, 0xff, 0xff, 0xff, 0xff, 0xff,
    0xff, 0xff, 0xff, 0xff, 0xff, 0xff, 0xa0, 0x0,
    0x5f, 0xff, 0xff, 0xff, 0xff, 0xff, 0xff, 0xff,
    0xff, 0xff, 0xff, 0xff, 0xf8, 0x0, 0x0, 0x5f,
    0xff, 0xff, 0xff, 0xff, 0xff, 0xff, 0xff, 0xff,
    0xff, 0xff, 0xfb, 0x30, 0x0, 0x0, 0x5f, 0xff,
    0xff, 0xff, 0xff, 0xff, 0xff, 0xff, 0xfe, 0xec,
    0x96, 0x10, 0x0, 0x0, 0x0,

    /* U+0043 "C" */
    0x0, 0x0, 0x0, 0x0, 0x0, 0x0, 0x0, 0x0,
    0x0, 0x0, 0x0, 0x0, 0x0, 0x0, 0x0, 0x0,
    0x0, 0x0, 0x0, 0x0, 0x0, 0x0, 0x5a, 0xcd,
    0xff, 0xfd, 0xb7, 0x30, 0x0, 0x0, 0x0, 0x0,
    0x0, 0x0, 0x0, 0x0, 0x1, 0x9f, 0xff, 0xff,
    0xff, 0xff, 0xff, 0xfd, 0x70, 0x0, 0x0, 0x0,
    0x0, 0x0, 0x0, 0x0, 0x7f, 0xff, 0xff, 0xff,
    0xff, 0xff, 0xff, 0xff, 0xfd, 0x40, 0x0, 0x0,
    0x0, 0x0, 0x0, 0x1c, 0xff, 0xff, 0xff, 0xff,
    0xff, 0xff, 0xff, 0xff, 0xff, 0xf7, 0x0, 0x0,
    0x0, 0x0, 0x1, 0xdf, 0xff, 0xff, 0xff, 0xff,
    0xff, 0xff, 0xff, 0xff, 0xff, 0xff, 0x80, 0x0,
    0x0, 0x0, 0xd, 0xff, 0xff, 0xff, 0xfb, 0x52,
    0x10, 0x14, 0x9f, 0xff, 0xff, 0xff, 0xf5, 0x0,
    0x0, 0x0, 0x9f, 0xff, 0xff, 0xfc, 0x20, 0x0,
    0x0, 0x0, 0x2, 0xaf, 0xff, 0xff, 0xff, 0x10,
    0x0, 0x4, 0xff, 0xff, 0xff, 0x90, 0x0, 0x0,
    0x0, 0x0, 0x0, 0x8, 0xff, 0xff, 0xff, 0x80,
    0x0, 0xd, 0xff, 0xff, 0xfb, 0x0, 0x0, 0x0,
    0x0, 0x0, 0x0, 0x0, 0xbf, 0xff, 0xff, 0xe0,
    0x0, 0x5f, 0xff, 0xff, 0xf1, 0x0, 0x0, 0x0,
    0x0, 0x0, 0x0, 0x0, 0x2f, 0xff, 0xff, 0xf4,
    0x0, 0xcf, 0xff, 0xff, 0x70, 0x0, 0x0, 0x0,
    0x0, 0x0, 0x0, 0x0, 0xb, 0xff, 0xff, 0xf8,
    0x2, 0xff, 0xff, 0xff, 0x0, 0x0, 0x0, 0x0,
    0x0, 0x0, 0x0, 0x0, 0x5, 0xee, 0xee, 0xe9,
    0x6, 0xff, 0xff, 0xfa, 0x0, 0x0, 0x0, 0x0,
    0x0, 0x0, 0x0, 0x0, 0x0, 0x0, 0x0, 0x0,
    0xa, 0xff, 0xff, 0xf6, 0x0, 0x0, 0x0, 0x0,
    0x0, 0x0, 0x0, 0x0, 0x0, 0x0, 0x0, 0x0,
    0xd, 0xff, 0xff, 0xf3, 0x0, 0x0, 0x0, 0x0,
    0x0, 0x0, 0x0, 0x0, 0x0, 0x0, 0x0, 0x0,
    0xf, 0xff, 0xff, 0xf0, 0x0, 0x0, 0x0, 0x0,
    0x0, 0x0, 0x0, 0x0, 0x0, 0x0, 0x0, 0x0,
    0xf, 0xff, 0xff, 0xe0, 0x0, 0x0, 0x0, 0x0,
    0x0, 0x0, 0x0, 0x0, 0x0, 0x0, 0x0, 0x0,
    0x1f, 0xff, 0xff, 0xd0, 0x0, 0x0, 0x0, 0x0,
    0x0, 0x0, 0x0, 0x0, 0x0, 0x0, 0x0, 0x0,
    0x2f, 0xff, 0xff, 0xd0, 0x0, 0x0, 0x0, 0x0,
    0x0, 0x0, 0x0, 0x0, 0x0, 0x0, 0x0, 0x0,
    0x1f, 0xff, 0xff, 0xe0, 0x0, 0x0, 0x0, 0x0,
    0x0, 0x0, 0x0, 0x0, 0x0, 0x0, 0x0, 0x0,
    0xf, 0xff, 0xff, 0xf0, 0x0, 0x0, 0x0, 0x0,
    0x0, 0x0, 0x0, 0x0, 0x0, 0x0, 0x0, 0x0,
    0xf, 0xff, 0xff, 0xf1, 0x0, 0x0, 0x0, 0x0,
    0x0, 0x0, 0x0, 0x0, 0x0, 0x0, 0x0, 0x0,
    0xc, 0xff, 0xff, 0xf4, 0x0, 0x0, 0x0, 0x0,
    0x0, 0x0, 0x0, 0x0, 0x0, 0x99, 0x99, 0x97,
    0x8, 0xff, 0xff, 0xf8, 0x0, 0x0, 0x0, 0x0,
    0x0, 0x0, 0x0, 0x0, 0x4, 0xff, 0xff, 0xfa,
    0x4, 0xff, 0xff, 0xfd, 0x0, 0x0, 0x0, 0x0,
    0x0, 0x0, 0x0, 0x0, 0x8, 0xff, 0xff, 0xf8,
    0x0, 0xff, 0xff, 0xff, 0x30, 0x0, 0x0, 0x0,
    0x0, 0x0, 0x0, 0x0, 0xb, 0xff, 0xff, 0xf5,
    0x0, 0x8f, 0xff, 0xff, 0xc0, 0x0, 0x0, 0x0,
    0x0, 0x0, 0x0, 0x0, 0x2f, 0xff, 0xff, 0xf0,
    0x0, 0x2f, 0xff, 0xff, 0xf5, 0x0, 0x0, 0x0,
    0x0, 0x0, 0x0, 0x0, 0xcf, 0xff, 0xff, 0xa0,
    0x0, 0xa, 0xff, 0xff, 0xff, 0x30, 0x0, 0x0,
    0x0, 0x0, 0x0, 0x5, 0xff, 0xff, 0xff, 0x40,
    0x0, 0x1, 0xef, 0xff, 0xff, 0xe5, 0x0, 0x0,
    0x0, 0x0, 0x0, 0x4f, 0xff, 0xff, 0xfb, 0x0,
    0x0, 0x0, 0x4f, 0xff, 0xff, 0xff, 0xa3, 0x0,
    0x0, 0x0, 0x19, 0xff, 0xff, 0xff, 0xf2, 0x0,
    0x0, 0x0, 0x6, 0xff, 0xff, 0xff, 0xff, 0xda,
    0x88, 0x9c, 0xff, 0xff, 0xff, 0xff, 0x50, 0x0,
    0x0, 0x0, 0x0, 0x6f, 0xff, 0xff, 0xff, 0xff,
    0xff, 0xff, 0xff, 0xff, 0xff, 0xf8, 0x0, 0x0,
    0x0, 0x0, 0x0, 0x5, 0xef, 0xff, 0xff, 0xff,
    0xff, 0xff, 0xff, 0xff, 0xff, 0x50, 0x0, 0x0,
    0x0, 0x0, 0x0, 0x0, 0x9, 0xff, 0xff, 0xff,
    0xff, 0xff, 0xff, 0xff, 0xb2, 0x0, 0x0, 0x0,
    0x0, 0x0, 0x0, 0x0, 0x0, 0x27, 0xcf, 0xff,
    0xff, 0xff, 0xfe, 0x93, 0x0, 0x0, 0x0, 0x0,
    0x0, 0x0, 0x0, 0x0, 0x0, 0x0, 0x1, 0x35,
    0x67, 0x64, 0x20, 0x0, 0x0, 0x0, 0x0, 0x0,

    /* U+0044 "D" */
    0x5f, 0xff, 0xff, 0xff, 0xff, 0xff, 0xff, 0xfe,
    0xdb, 0x95, 0x0, 0x0, 0x0, 0x0, 0x0, 0x5f,
    0xff, 0xff, 0xff, 0xff, 0xff, 0xff, 0xff, 0xff,
    0xff, 0xfa, 0x20, 0x0, 0x0, 0x0, 0x5f, 0xff,
    0xff, 0xff, 0xff, 0xff, 0xff, 0xff, 0xff, 0xff,
    0xff, 0xf7, 0x0, 0x0, 0x0, 0x5f, 0xff, 0xff,
    0xff, 0xff, 0xff, 0xff, 0xff, 0xff, 0xff, 0xff,
    0xff, 0xb0, 0x0, 0x0, 0x5f, 0xff, 0xff, 0xff,
    0xff, 0xff, 0xff, 0xff, 0xff, 0xff, 0xff, 0xff,
    0xfb, 0x0, 0x0, 0x5f, 0xff, 0xff, 0xa0, 0x0,
    0x0, 0x1, 0x23, 0x7c, 0xff, 0xff, 0xff, 0xff,
    0x90, 0x0, 0x5f, 0xff, 0xff, 0xa0, 0x0, 0x0,
    0x0, 0x0, 0x0, 0x2b, 0xff, 0xff, 0xff, 0xf3,
    0x0, 0x5f, 0xff, 0xff, 0xa0, 0x0, 0x0, 0x0,
    0x0, 0x0, 0x0, 0x6f, 0xff, 0xff, 0xfc, 0x0,
    0x5f, 0xff, 0xff, 0xa0, 0x0, 0x0, 0x0, 0x0,
    0x0, 0x0, 0x6, 0xff, 0xff, 0xff, 0x30, 0x5f,
    0xff, 0xff, 0xa0, 0x0, 0x0, 0x0, 0x0, 0x0,
    0x0, 0x0, 0xbf, 0xff, 0xff, 0x90, 0x5f, 0xff,
    0xff, 0xa0, 0x0, 0x0, 0x0, 0x0, 0x0, 0x0,
    0x0, 0x2f, 0xff, 0xff, 0xf0, 0x5f, 0xff, 0xff,
    0xa0, 0x0, 0x0, 0x0, 0x0, 0x0, 0x0, 0x0,
    0xd, 0xff, 0xff, 0xf3, 0x5f, 0xff, 0xff, 0xa0,
    0x0, 0x0, 0x0, 0x0, 0x0, 0x0, 0x0, 0x8,
    0xff, 0xff, 0xf6, 0x5f, 0xff, 0xff, 0xa0, 0x0,
    0x0, 0x0, 0x0, 0x0, 0x0, 0x0, 0x6, 0xff,
    0xff, 0xfa, 0x5f, 0xff, 0xff, 0xa0, 0x0, 0x0,
    0x0, 0x0, 0x0, 0x0, 0x0, 0x5, 0xff, 0xff,
    0xfc, 0x5f, 0xff, 0xff, 0xa0, 0x0, 0x0, 0x0,
    0x0, 0x0, 0x0, 0x0, 0x3, 0xff, 0xff, 0xfd,
    0x5f, 0xff, 0xff, 0xa0, 0x0, 0x0, 0x0, 0x0,
    0x0, 0x0, 0x0, 0x2, 0xff, 0xff, 0xfe, 0x5f,
    0xff, 0xff, 0xa0, 0x0, 0x0, 0x0, 0x0, 0x0,
    0x0, 0x0, 0x0, 0xff, 0xff, 0xff, 0x5f, 0xff,
    0xff, 0xa0, 0x0, 0x0, 0x0, 0x0, 0x0, 0x0,
    0x0, 0x2, 0xff, 0xff, 0xfe, 0x5f, 0xff, 0xff,
    0xa0, 0x0, 0x0, 0x0, 0x0, 0x0, 0x0, 0x0,
    0x3, 0xff, 0xff, 0xfd, 0x5f, 0xff, 0xff, 0xa0,
    0x0, 0x0, 0x0, 0x0, 0x0, 0x0, 0x0, 0x5,
    0xff, 0xff, 0xfc, 0x5f, 0xff, 0xff, 0xa0, 0x0,
    0x0, 0x0, 0x0, 0x0, 0x0, 0x0, 0x6, 0xff,
    0xff, 0xf9, 0x5f, 0xff, 0xff, 0xa0, 0x0, 0x0,
    0x0, 0x0, 0x0, 0x0, 0x0, 0x8, 0xff, 0xff,
    0xf6, 0x5f, 0xff, 0xff, 0xa0, 0x0, 0x0, 0x0,
    0x0, 0x0, 0x0, 0x0, 0xd, 0xff, 0xff, 0xf3,
    0x5f, 0xff, 0xff, 0xa0, 0x0, 0x0, 0x0, 0x0,
    0x0, 0x0, 0x0, 0x2f, 0xff, 0xff, 0xf0, 0x5f,
    0xff, 0xff, 0xa0, 0x0, 0x0, 0x0, 0x0, 0x0,
    0x0, 0x0, 0xaf, 0xff, 0xff, 0x90, 0x5f, 0xff,
    0xff, 0xa0, 0x0, 0x0, 0x0, 0x0, 0x0, 0x0,
    0x5, 0xff, 0xff, 0xff, 0x40, 0x5f, 0xff, 0xff,
    0xa0, 0x0, 0x0, 0x0, 0x0, 0x0, 0x0, 0x5f,
    0xff, 0xff, 0xfd, 0x0, 0x5f, 0xff, 0xff, 0xa0,
    0x0, 0x0, 0x0, 0x0, 0x0, 0x1a, 0xff, 0xff,
    0xff, 0xf3, 0x0, 0x5f, 0xff, 0xff, 0xa0, 0x0,
    0x0, 0x1, 0x23, 0x6b, 0xff, 0xff, 0xff, 0xff,
    0x90, 0x0, 0x5f, 0xff, 0xff, 0xff, 0xff, 0xff,
    0xff, 0xff, 0xff, 0xff, 0xff, 0xff, 0xfb, 0x0,
    0x0, 0x5f, 0xff, 0xff, 0xff, 0xff, 0xff, 0xff,
    0xff, 0xff, 0xff, 0xff, 0xff, 0xb0, 0x0, 0x0,
    0x5f, 0xff, 0xff, 0xff, 0xff, 0xff, 0xff, 0xff,
    0xff, 0xff, 0xff, 0xf7, 0x0, 0x0, 0x0, 0x5f,
    0xff, 0xff, 0xff, 0xff, 0xff, 0xff, 0xff, 0xff,
    0xff, 0xfa, 0x20, 0x0, 0x0, 0x0, 0x5f, 0xff,
    0xff, 0xff, 0xff, 0xff, 0xff, 0xff, 0xdc, 0xa5,
    0x0, 0x0, 0x0, 0x0, 0x0,

    /* U+0045 "E" */
    0x5f, 0xff, 0xff, 0xff, 0xff, 0xff, 0xff, 0xff,
    0xff, 0xff, 0xff, 0xff, 0xf4, 0x5f, 0xff, 0xff,
    0xff, 0xff, 0xff, 0xff, 0xff, 0xff, 0xff, 0xff,
    0xff, 0xf4, 0x5f, 0xff, 0xff, 0xff, 0xff, 0xff,
    0xff, 0xff, 0xff, 0xff, 0xff, 0xff, 0xf4, 0x5f,
    0xff, 0xff, 0xff, 0xff, 0xff, 0xff, 0xff, 0xff,
    0xff, 0xff, 0xff, 0xf4, 0x5f, 0xff, 0xff, 0xff,
    0xff, 0xff, 0xff, 0xff, 0xff, 0xff, 0xff, 0xff,
    0xf4, 0x5f, 0xff, 0xff, 0xb4, 0x44, 0x44, 0x44,
    0x44, 0x44, 0x44, 0x44, 0x44, 0x41, 0x5f, 0xff,
    0xff, 0xa0, 0x0, 0x0, 0x0, 0x0, 0x0, 0x0,
    0x0, 0x0, 0x0, 0x5f, 0xff, 0xff, 0xa0, 0x0,
    0x0, 0x0, 0x0, 0x0, 0x0, 0x0, 0x0, 0x0,
    0x5f, 0xff, 0xff, 0xa0, 0x0, 0x0, 0x0, 0x0,
    0x0, 0x0, 0x0, 0x0, 0x0, 0x5f, 0xff, 0xff,
    0xa0, 0x0, 0x0, 0x0, 0x0, 0x0, 0x0, 0x0,
    0x0, 0x0, 0x5f, 0xff, 0xff, 0xa0, 0x0, 0x0,
    0x0, 0x0, 0x0, 0x0, 0x0, 0x0, 0x0, 0x5f,
    0xff, 0xff, 0xa0, 0x0, 0x0, 0x0, 0x0, 0x0,
    0x0, 0x0, 0x0, 0x0, 0x5f, 0xff, 0xff, 0xa0,
    0x0, 0x0, 0x0, 0x0, 0x0, 0x0, 0x0, 0x0,
    0x0, 0x5f, 0xff, 0xff, 0xa0, 0x0, 0x0, 0x0,
    0x0, 0x0, 0x0, 0x0, 0x0, 0x0, 0x5f, 0xff,
    0xff, 0xff, 0xff, 0xff, 0xff, 0xff, 0xff, 0xff,
    0xff, 0xfe, 0x0, 0x5f, 0xff, 0xff, 0xff, 0xff,
    0xff, 0xff, 0xff, 0xff, 0xff, 0xff, 0xfe, 0x0,
    0x5f, 0xff, 0xff, 0xff, 0xff, 0xff, 0xff, 0xff,
    0xff, 0xff, 0xff, 0xfe, 0x0, 0x5f, 0xff, 0xff,
    0xff, 0xff, 0xff, 0xff, 0xff, 0xff, 0xff, 0xff,
    0xfe, 0x0, 0x5f, 0xff, 0xff, 0xff, 0xff, 0xff,
    0xff, 0xff, 0xff, 0xff, 0xff, 0xfe, 0x0, 0x5f,
    0xff, 0xff, 0xa0, 0x0, 0x0, 0x0, 0x0, 0x0,
    0x0, 0x0, 0x0, 0x0, 0x5f, 0xff, 0xff, 0xa0,
    0x0, 0x0, 0x0, 0x0, 0x0, 0x0, 0x0, 0x0,
    0x0, 0x5f, 0xff, 0xff, 0xa0, 0x0, 0x0, 0x0,
    0x0, 0x0, 0x0, 0x0, 0x0, 0x0, 0x5f, 0xff,
    0xff, 0xa0, 0x0, 0x0, 0x0, 0x0, 0x0, 0x0,
    0x0, 0x0, 0x0, 0x5f, 0xff, 0xff, 0xa0, 0x0,
    0x0, 0x0, 0x0, 0x0, 0x0, 0x0, 0x0, 0x0,
    0x5f, 0xff, 0xff, 0xa0, 0x0, 0x0, 0x0, 0x0,
    0x0, 0x0, 0x0, 0x0, 0x0, 0x5f, 0xff, 0xff,
    0xa0, 0x0, 0x0, 0x0, 0x0, 0x0, 0x0, 0x0,
    0x0, 0x0, 0x5f, 0xff, 0xff, 0xa0, 0x0, 0x0,
    0x0, 0x0, 0x0, 0x0, 0x0, 0x0, 0x0, 0x5f,
    0xff, 0xff, 0xa0, 0x0, 0x0, 0x0, 0x0, 0x0,
    0x0, 0x0, 0x0, 0x0, 0x5f, 0xff, 0xff, 0xa0,
    0x0, 0x0, 0x0, 0x0, 0x0, 0x0, 0x0, 0x0,
    0x0, 0x5f, 0xff, 0xff, 0xb4, 0x44, 0x44, 0x44,
    0x44, 0x44, 0x44, 0x44, 0x44, 0x42, 0x5f, 0xff,
    0xff, 0xff, 0xff, 0xff, 0xff, 0xff, 0xff, 0xff,
    0xff, 0xff, 0xfa, 0x5f, 0xff, 0xff, 0xff, 0xff,
    0xff, 0xff, 0xff, 0xff, 0xff, 0xff, 0xff, 0xfa,
    0x5f, 0xff, 0xff, 0xff, 0xff, 0xff, 0xff, 0xff,
    0xff, 0xff, 0xff, 0xff, 0xfa, 0x5f, 0xff, 0xff,
    0xff, 0xff, 0xff, 0xff, 0xff, 0xff, 0xff, 0xff,
    0xff, 0xfa, 0x5f, 0xff, 0xff, 0xff, 0xff, 0xff,
    0xff, 0xff, 0xff, 0xff, 0xff, 0xff, 0xfa,

    /* U+0046 "F" */
    0x5f, 0xff, 0xff, 0xff, 0xff, 0xff, 0xff, 0xff,
    0xff, 0xff, 0xff, 0xff, 0x45, 0xff, 0xff, 0xff,
    0xff, 0xff, 0xff, 0xff, 0xff, 0xff, 0xff, 0xff,
    0xf4, 0x5f, 0xff, 0xff, 0xff, 0xff, 0xff, 0xff,
    0xff, 0xff, 0xff, 0xff, 0xff, 0x45, 0xff, 0xff,
    0xff, 0xff, 0xff, 0xff, 0xff, 0xff, 0xff, 0xff,
    0xff, 0xf4, 0x5f, 0xff, 0xff, 0xff, 0xff, 0xff,
    0xff, 0xff, 0xff, 0xff, 0xff, 0xff, 0x45, 0xff,
    0xff, 0xfb, 0x44, 0x44, 0x44, 0x44, 0x44, 0x44,
    0x44, 0x44, 0x41, 0x5f, 0xff, 0xff, 0xa0, 0x0,
    0x0, 0x0, 0x0, 0x0, 0x0, 0x0, 0x0, 0x5,
    0xff, 0xff, 0xfa, 0x0, 0x0, 0x0, 0x0, 0x0,
    0x0, 0x0, 0x0, 0x0, 0x5f, 0xff, 0xff, 0xa0,
    0x0, 0x0, 0x0, 0x0, 0x0, 0x0, 0x0, 0x0,
    0x5, 0xff, 0xff, 0xfa, 0x0, 0x0, 0x0, 0x0,
    0x0, 0x0, 0x0, 0x0, 0x0, 0x5f, 0xff, 0xff,
    0xa0, 0x0, 0x0, 0x0, 0x0, 0x0, 0x0, 0x0,
    0x0, 0x5, 0xff, 0xff, 0xfa, 0x0, 0x0, 0x0,
    0x0, 0x0, 0x0, 0x0, 0x0, 0x0, 0x5f, 0xff,
    0xff, 0xa0, 0x0, 0x0, 0x0, 0x0, 0x0, 0x0,
    0x0, 0x0, 0x5, 0xff, 0xff, 0xfa, 0x0, 0x0,
    0x0, 0x0, 0x0, 0x0, 0x0, 0x0, 0x0, 0x5f,
    0xff, 0xff, 0xff, 0xff, 0xff, 0xff, 0xff, 0xff,
    0xff, 0xff, 0x20, 0x5, 0xff, 0xff, 0xff, 0xff,
    0xff, 0xff, 0xff, 0xff, 0xff, 0xff, 0xf2, 0x0,
    0x5f, 0xff, 0xff, 0xff, 0xff, 0xff, 0xff, 0xff,
    0xff, 0xff, 0xff, 0x20, 0x5, 0xff, 0xff, 0xff,
    0xff, 0xff, 0xff, 0xff, 0xff, 0xff, 0xff, 0xf2,
    0x0, 0x5f, 0xff, 0xff, 0xff, 0xff, 0xff, 0xff,
    0xff, 0xff, 0xff, 0xff, 0x20, 0x5, 0xff, 0xff,
    0xfa, 0x0, 0x0, 0x0, 0x0, 0x0, 0x0, 0x0,
    0x0, 0x0, 0x5f, 0xff, 0xff, 0xa0, 0x0, 0x0,
    0x0, 0x0, 0x0, 0x0, 0x0, 0x0, 0x5, 0xff,
    0xff, 0xfa, 0x0, 0x0, 0x0, 0x0, 0x0, 0x0,
    0x0, 0x0, 0x0, 0x5f, 0xff, 0xff, 0xa0, 0x0,
    0x0, 0x0, 0x0, 0x0, 0x0, 0x0, 0x0, 0x5,
    0xff, 0xff, 0xfa, 0x0, 0x0, 0x0, 0x0, 0x0,
    0x0, 0x0, 0x0, 0x0, 0x5f, 0xff, 0xff, 0xa0,
    0x0, 0x0, 0x0, 0x0, 0x0, 0x0, 0x0, 0x0,
    0x5, 0xff, 0xff, 0xfa, 0x0, 0x0, 0x0, 0x0,
    0x0, 0x0, 0x0, 0x0, 0x0, 0x5f, 0xff, 0xff,
    0xa0, 0x0, 0x0, 0x0, 0x0, 0x0, 0x0, 0x0,
    0x0, 0x5, 0xff, 0xff, 0xfa, 0x0, 0x0, 0x0,
    0x0, 0x0, 0x0, 0x0, 0x0, 0x0, 0x5f, 0xff,
    0xff, 0xa0, 0x0, 0x0, 0x0, 0x0, 0x0, 0x0,
    0x0, 0x0, 0x5, 0xff, 0xff, 0xfa, 0x0, 0x0,
    0x0, 0x0, 0x0, 0x0, 0x0, 0x0, 0x0, 0x5f,
    0xff, 0xff, 0xa0, 0x0, 0x0, 0x0, 0x0, 0x0,
    0x0, 0x0, 0x0, 0x5, 0xff, 0xff, 0xfa, 0x0,
    0x0, 0x0, 0x0, 0x0, 0x0, 0x0, 0x0, 0x0,
    0x5f, 0xff, 0xff, 0xa0, 0x0, 0x0, 0x0, 0x0,
    0x0, 0x0, 0x0, 0x0, 0x5, 0xff, 0xff, 0xfa,
    0x0, 0x0, 0x0, 0x0, 0x0, 0x0, 0x0, 0x0,
    0x0, 0x5f, 0xff, 0xff, 0xa0, 0x0, 0x0, 0x0,
    0x0, 0x0, 0x0, 0x0, 0x0, 0x0,

    /* U+0047 "G" */
    0x0, 0x0, 0x0, 0x0, 0x0, 0x3, 0x8b, 0xce,
    0xfe, 0xdb, 0x85, 0x0, 0x0, 0x0, 0x0, 0x0,
    0x0, 0x0, 0x0, 0x0, 0x7, 0xdf, 0xff, 0xff,
    0xff, 0xff, 0xff, 0xe9, 0x20, 0x0, 0x0, 0x0,
    0x0, 0x0, 0x0, 0x4, 0xdf, 0xff, 0xff, 0xff,
    0xff, 0xff, 0xff, 0xff, 0xf7, 0x0, 0x0, 0x0,
    0x0, 0x0, 0x0, 0x8f, 0xff, 0xff, 0xff, 0xff,
    0xff, 0xff, 0xff, 0xff, 0xff, 0xc0, 0x0, 0x0,
    0x0, 0x0, 0x9, 0xff, 0xff, 0xff, 0xff, 0xff,
    0xff, 0xff, 0xff, 0xff, 0xff, 0xfc, 0x10, 0x0,
    0x0, 0x0, 0x9f, 0xff, 0xff, 0xff, 0xc6, 0x31,
    0x2, 0x47, 0xdf, 0xff, 0xff, 0xff, 0xa0, 0x0,
    0x0, 0x5, 0xff, 0xff, 0xff, 0xe4, 0x0, 0x0,
    0x0, 0x0, 0x5, 0xef, 0xff, 0xff, 0xf5, 0x0,
    0x0, 0x1e, 0xff, 0xff, 0xfc, 0x10, 0x0, 0x0,
    0x0, 0x0, 0x0, 0x2e, 0xff, 0xff, 0xfd, 0x0,
    0x0, 0x9f, 0xff, 0xff, 0xe1, 0x0, 0x0, 0x0,
    0x0, 0x0, 0x0, 0x3, 0xff, 0xff, 0xff, 0x40,
    0x1, 0xff, 0xff, 0xff, 0x40, 0x0, 0x0, 0x0,
    0x0, 0x0, 0x0, 0x0, 0x7f, 0xff, 0xff, 0xa0,
    0x8, 0xff, 0xff, 0xfb, 0x0, 0x0, 0x0, 0x0,
    0x0, 0x0, 0x0, 0x0, 0x1f, 0xff, 0xff, 0xd0,
    0xe, 0xff, 0xff, 0xf4, 0x0, 0x0, 0x0, 0x0,
    0x0, 0x0, 0x0, 0x0, 0xb, 0xee, 0xee, 0xe1,
    0x2f, 0xff, 0xff, 0xe0, 0x0, 0x0, 0x0, 0x0,
    0x0, 0x0, 0x0, 0x0, 0x0, 0x0, 0x0, 0x0,
    0x6f, 0xff, 0xff, 0x90, 0x0, 0x0, 0x0, 0x0,
    0x0, 0x0, 0x0, 0x0, 0x0, 0x0, 0x0, 0x0,
    0x9f, 0xff, 0xff, 0x60, 0x0, 0x0, 0x0, 0x0,
    0x0, 0x0, 0x0, 0x0, 0x0, 0x0, 0x0, 0x0,
    0xbf, 0xff, 0xff, 0x40, 0x0, 0x0, 0x0, 0x0,
    0x0, 0x0, 0x0, 0x0, 0x0, 0x0, 0x0, 0x0,
    0xcf, 0xff, 0xff, 0x20, 0x0, 0x0, 0x0, 0x0,
    0x0, 0x0, 0x0, 0x0, 0x0, 0x0, 0x0, 0x0,
    0xef, 0xff, 0xff, 0x10, 0x0, 0x0, 0x0, 0x0,
    0xa, 0xaa, 0xaa, 0xaa, 0xaa, 0xaa, 0xaa, 0xa5,
    0xef, 0xff, 0xff, 0x10, 0x0, 0x0, 0x0, 0x0,
    0xf, 0xff, 0xff, 0xff, 0xff, 0xff, 0xff, 0xf8,
    0xdf, 0xff, 0xff, 0x20, 0x0, 0x0, 0x0, 0x0,
    0xf, 0xff, 0xff, 0xff, 0xff, 0xff, 0xff, 0xf8,
    0xcf, 0xff, 0xff, 0x30, 0x0, 0x0, 0x0, 0x0,
    0xf, 0xff, 0xff, 0xff, 0xff, 0xff, 0xff, 0xf8,
    0xbf, 0xff, 0xff, 0x50, 0x0, 0x0, 0x0, 0x0,
    0xf, 0xff, 0xff, 0xff, 0xff, 0xff, 0xff, 0xf8,
    0x8f, 0xff, 0xff, 0x80, 0x0, 0x0, 0x0, 0x0,
    0x0, 0x0, 0x0, 0x0, 0x0, 0xff, 0xff, 0xf8,
    0x4f, 0xff, 0xff, 0xc0, 0x0, 0x0, 0x0, 0x0,
    0x0, 0x0, 0x0, 0x0, 0x1, 0xff, 0xff, 0xf8,
    0xf, 0xff, 0xff, 0xf1, 0x0, 0x0, 0x0, 0x0,
    0x0, 0x0, 0x0, 0x0, 0x3, 0xff, 0xff, 0xf8,
    0xb, 0xff, 0xff, 0xf7, 0x0, 0x0, 0x0, 0x0,
    0x0, 0x0, 0x0, 0x0, 0x7, 0xff, 0xff, 0xf8,
    0x5, 0xff, 0xff, 0xfe, 0x10, 0x0, 0x0, 0x0,
    0x0, 0x0, 0x0, 0x0, 0xd, 0xff, 0xff, 0xf8,
    0x0, 0xdf, 0xff, 0xff, 0x90, 0x0, 0x0, 0x0,
    0x0, 0x0, 0x0, 0x0, 0x5f, 0xff, 0xff, 0xf8,
    0x0, 0x6f, 0xff, 0xff, 0xf6, 0x0, 0x0, 0x0,
    0x0, 0x0, 0x0, 0x1, 0xef, 0xff, 0xff, 0xf8,
    0x0, 0xb, 0xff, 0xff, 0xff, 0x70, 0x0, 0x0,
    0x0, 0x0, 0x0, 0x2d, 0xff, 0xff, 0xff, 0xf8,
    0x0, 0x1, 0xef, 0xff, 0xff, 0xfb, 0x40, 0x0,
    0x0, 0x0, 0x18, 0xff, 0xff, 0xff, 0xff, 0xf8,
    0x0, 0x0, 0x3f, 0xff, 0xff, 0xff, 0xfd, 0xa8,
    0x78, 0x9c, 0xff, 0xff, 0xff, 0xef, 0xff, 0xf8,
    0x0, 0x0, 0x3, 0xef, 0xff, 0xff, 0xff, 0xff,
    0xff, 0xff, 0xff, 0xff, 0xfc, 0x1f, 0xff, 0xf8,
    0x0, 0x0, 0x0, 0x2c, 0xff, 0xff, 0xff, 0xff,
    0xff, 0xff, 0xff, 0xff, 0xc0, 0xc, 0xff, 0xf8,
    0x0, 0x0, 0x0, 0x0, 0x6f, 0xff, 0xff, 0xff,
    0xff, 0xff, 0xff, 0xf7, 0x0, 0x9, 0xff, 0xf8,
    0x0, 0x0, 0x0, 0x0, 0x1, 0x6b, 0xff, 0xff,
    0xff, 0xff, 0xe9, 0x20, 0x0, 0x6, 0xff, 0xf8,
    0x0, 0x0, 0x0, 0x0, 0x0, 0x0, 0x13, 0x56,
    0x76, 0x53, 0x0, 0x0, 0x0, 0x0, 0x0, 0x0,

    /* U+0048 "H" */
    0x7f, 0xff, 0xff, 0x70, 0x0, 0x0, 0x0, 0x0,
    0x0, 0x0, 0x0, 0xef, 0xff, 0xff, 0x17, 0xff,
    0xff, 0xf7, 0x0, 0x0, 0x0, 0x0, 0x0, 0x0,
    0x0, 0xe, 0xff, 0xff, 0xf1, 0x7f, 0xff, 0xff,
    0x70, 0x0, 0x0, 0x0, 0x0, 0x0, 0x0, 0x0,
    0xef, 0xff, 0xff, 0x17, 0xff, 0xff, 0xf7, 0x0,
    0x0, 0x0, 0x0, 0x0, 0x0, 0x0, 0xe, 0xff,
    0xff, 0xf1, 0x7f, 0xff, 0xff, 0x70, 0x0, 0x0,
    0x0, 0x0, 0x0, 0x0, 0x0, 0xef, 0xff, 0xff,
    0x17, 0xff, 0xff, 0xf7, 0x0, 0x0, 0x0, 0x0,
    0x0, 0x0, 0x0, 0xe, 0xff, 0xff, 0xf1, 0x7f,
    0xff, 0xff, 0x70, 0x0, 0x0, 0x0, 0x0, 0x0,
    0x0, 0x0, 0xef, 0xff, 0xff, 0x17, 0xff, 0xff,
    0xf7, 0x0, 0x0, 0x0, 0x0, 0x0, 0x0, 0x0,
    0xe, 0xff, 0xff, 0xf1, 0x7f, 0xff, 0xff, 0x70,
    0x0, 0x0, 0x0, 0x0, 0x0, 0x0, 0x0, 0xef,
    0xff, 0xff, 0x17, 0xff, 0xff, 0xf7, 0x0, 0x0,
    0x0, 0x0, 0x0, 0x0, 0x0, 0xe, 0xff, 0xff,
    0xf1, 0x7f, 0xff, 0xff, 0x70, 0x0, 0x0, 0x0,
    0x0, 0x0, 0x0, 0x0, 0xef, 0xff, 0xff, 0x17,
    0xff, 0xff, 0xf7, 0x0, 0x0, 0x0, 0x0, 0x0,
    0x0, 0x0, 0xe, 0xff, 0xff, 0xf1, 0x7f, 0xff,
    0xff, 0x70, 0x0, 0x0, 0x0, 0x0, 0x0, 0x0,
    0x0, 0xef, 0xff, 0xff, 0x17, 0xff, 0xff, 0xf7,
    0x0, 0x0, 0x0, 0x0, 0x0, 0x0, 0x0, 0xe,
    0xff, 0xff, 0xf1, 0x7f, 0xff, 0xff, 0xff, 0xff,
    0xff, 0xff, 0xff, 0xff, 0xff, 0xff, 0xff, 0xff,
    0xff, 0x17, 0xff, 0xff, 0xff, 0xff, 0xff, 0xff,
    0xff, 0xff, 0xff, 0xff, 0xff, 0xff, 0xff, 0xf1,
    0x7f, 0xff, 0xff, 0xff, 0xff, 0xff, 0xff, 0xff,
    0xff, 0xff, 0xff, 0xff, 0xff, 0xff, 0x17, 0xff,
    0xff, 0xff, 0xff, 0xff, 0xff, 0xff, 0xff, 0xff,
    0xff, 0xff, 0xff, 0xff, 0xf1, 0x7f, 0xff, 0xff,
    0xff, 0xff, 0xff, 0xff, 0xff, 0xff, 0xff, 0xff,
    0xff, 0xff, 0xff, 0x17, 0xff, 0xff, 0xfa, 0x44,
    0x44, 0x44, 0x44, 0x44, 0x44, 0x44, 0x4e, 0xff,
    0xff, 0xf1, 0x7f, 0xff, 0xff, 0x70, 0x0, 0x0,
    0x0, 0x0, 0x0, 0x0, 0x0, 0xef, 0xff, 0xff,
    0x17, 0xff, 0xff, 0xf7, 0x0, 0x0, 0x0, 0x0,
    0x0, 0x0, 0x0, 0xe, 0xff, 0xff, 0xf1, 0x7f,
    0xff, 0xff, 0x70, 0x0, 0x0, 0x0, 0x0, 0x0,
    0x0, 0x0, 0xef, 0xff, 0xff, 0x17, 0xff, 0xff,
    0xf7, 0x0, 0x0, 0x0, 0x0, 0x0, 0x0, 0x0,
    0xe, 0xff, 0xff, 0xf1, 0x7f, 0xff, 0xff, 0x70,
    0x0, 0x0, 0x0, 0x0, 0x0, 0x0, 0x0, 0xef,
    0xff, 0xff, 0x17, 0xff, 0xff, 0xf7, 0x0, 0x0,
    0x0, 0x0, 0x0, 0x0, 0x0, 0xe, 0xff, 0xff,
    0xf1, 0x7f, 0xff, 0xff, 0x70, 0x0, 0x0, 0x0,
    0x0, 0x0, 0x0, 0x0, 0xef, 0xff, 0xff, 0x17,
    0xff, 0xff, 0xf7, 0x0, 0x0, 0x0, 0x0, 0x0,
    0x0, 0x0, 0xe, 0xff, 0xff, 0xf1, 0x7f, 0xff,
    0xff, 0x70, 0x0, 0x0, 0x0, 0x0, 0x0, 0x0,
    0x0, 0xef, 0xff, 0xff, 0x17, 0xff, 0xff, 0xf7,
    0x0, 0x0, 0x0, 0x0, 0x0, 0x0, 0x0, 0xe,
    0xff, 0xff, 0xf1, 0x7f, 0xff, 0xff, 0x70, 0x0,
    0x0, 0x0, 0x0, 0x0, 0x0, 0x0, 0xef, 0xff,
    0xff, 0x17, 0xff, 0xff, 0xf7, 0x0, 0x0, 0x0,
    0x0, 0x0, 0x0, 0x0, 0xe, 0xff, 0xff, 0xf1,
    0x7f, 0xff, 0xff, 0x70, 0x0, 0x0, 0x0, 0x0,
    0x0, 0x0, 0x0, 0xef, 0xff, 0xff, 0x17, 0xff,
    0xff, 0xf7, 0x0, 0x0, 0x0, 0x0, 0x0, 0x0,
    0x0, 0xe, 0xff, 0xff, 0xf1, 0x7f, 0xff, 0xff,
    0x70, 0x0, 0x0, 0x0, 0x0, 0x0, 0x0, 0x0,
    0xef, 0xff, 0xff, 0x10,

    /* U+0049 "I" */
    0x5f, 0xff, 0xff, 0xa5, 0xff, 0xff, 0xfa, 0x5f,
    0xff, 0xff, 0xa5, 0xff, 0xff, 0xfa, 0x5f, 0xff,
    0xff, 0xa5, 0xff, 0xff, 0xfa, 0x5f, 0xff, 0xff,
    0xa5, 0xff, 0xff, 0xfa, 0x5f, 0xff, 0xff, 0xa5,
    0xff, 0xff, 0xfa, 0x5f, 0xff, 0xff, 0xa5, 0xff,
    0xff, 0xfa, 0x5f, 0xff, 0xff, 0xa5, 0xff, 0xff,
    0xfa, 0x5f, 0xff, 0xff, 0xa5, 0xff, 0xff, 0xfa,
    0x5f, 0xff, 0xff, 0xa5, 0xff, 0xff, 0xfa, 0x5f,
    0xff, 0xff, 0xa5, 0xff, 0xff, 0xfa, 0x5f, 0xff,
    0xff, 0xa5, 0xff, 0xff, 0xfa, 0x5f, 0xff, 0xff,
    0xa5, 0xff, 0xff, 0xfa, 0x5f, 0xff, 0xff, 0xa5,
    0xff, 0xff, 0xfa, 0x5f, 0xff, 0xff, 0xa5, 0xff,
    0xff, 0xfa, 0x5f, 0xff, 0xff, 0xa5, 0xff, 0xff,
    0xfa, 0x5f, 0xff, 0xff, 0xa5, 0xff, 0xff, 0xfa,
    0x5f, 0xff, 0xff, 0xa5, 0xff, 0xff, 0xfa, 0x5f,
    0xff, 0xff, 0xa0,

    /* U+004A "J" */
    0x0, 0x0, 0x0, 0x0, 0x0, 0x0, 0x0, 0x0,
    0xdf, 0xff, 0xff, 0x10, 0x0, 0x0, 0x0, 0x0,
    0x0, 0x0, 0x0, 0xd, 0xff, 0xff, 0xf1, 0x0,
    0x0, 0x0, 0x0, 0x0, 0x0, 0x0, 0x0, 0xdf,
    0xff, 0xff, 0x10, 0x0, 0x0, 0x0, 0x0, 0x0,
    0x0, 0x0, 0xd, 0xff, 0xff, 0xf1, 0x0, 0x0,
    0x0, 0x0, 0x0, 0x0, 0x0, 0x0, 0xdf, 0xff,
    0xff, 0x10, 0x0, 0x0, 0x0, 0x0, 0x0, 0x0,
    0x0, 0xd, 0xff, 0xff, 0xf1, 0x0, 0x0, 0x0,
    0x0, 0x0, 0x0, 0x0, 0x0, 0xdf, 0xff, 0xff,
    0x10, 0x0, 0x0, 0x0, 0x0, 0x0, 0x0, 0x0,
    0xd, 0xff, 0xff, 0xf1, 0x0, 0x0, 0x0, 0x0,
    0x0, 0x0, 0x0, 0x0, 0xdf, 0xff, 0xff, 0x10,
    0x0, 0x0, 0x0, 0x0, 0x0, 0x0, 0x0, 0xd,
    0xff, 0xff, 0xf1, 0x0, 0x0, 0x0, 0x0, 0x0,
    0x0, 0x0, 0x0, 0xdf, 0xff, 0xff, 0x10, 0x0,
    0x0, 0x0, 0x0, 0x0, 0x0, 0x0, 0xd, 0xff,
    0xff, 0xf1, 0x0, 0x0, 0x0, 0x0, 0x0, 0x0,
    0x0, 0x0, 0xdf, 0xff, 0xff, 0x10, 0x0, 0x0,
    0x0, 0x0, 0x0, 0x0, 0x0, 0xd, 0xff, 0xff,
    0xf1, 0x0, 0x0, 0x0, 0x0, 0x0, 0x0, 0x0,
    0x0, 0xdf, 0xff, 0xff, 0x10, 0x0, 0x0, 0x0,
    0x0, 0x0, 0x0, 0x0, 0xd, 0xff, 0xff, 0xf1,
    0x0, 0x0, 0x0, 0x0, 0x0, 0x0, 0x0, 0x0,
    0xdf, 0xff, 0xff, 0x10, 0x0, 0x0, 0x0, 0x0,
    0x0, 0x0, 0x0, 0xd, 0xff, 0xff, 0xf1, 0x0,
    0x0, 0x0, 0x0, 0x0, 0x0, 0x0, 0x0, 0xdf,
    0xff, 0xff, 0x10, 0x0, 0x0, 0x0, 0x0, 0x0,
    0x0, 0x0, 0xd, 0xff, 0xff, 0xf1, 0x0, 0x0,
    0x0, 0x0, 0x0, 0x0, 0x0, 0x0, 0xdf, 0xff,
    0xff, 0x10, 0x0, 0x0, 0x0, 0x0, 0x0, 0x0,
    0x0, 0xd, 0xff, 0xff, 0xf1, 0x27, 0x77, 0x77,
    0x40, 0x0, 0x0, 0x0, 0x0, 0xdf, 0xff, 0xff,
    0x15, 0xff, 0xff, 0xf9, 0x0, 0x0, 0x0, 0x0,
    0xe, 0xff, 0xff, 0xf1, 0x5f, 0xff, 0xff, 0xa0,
    0x0, 0x0, 0x0, 0x0, 0xef, 0xff, 0xff, 0x4,
    0xff, 0xff, 0xfb, 0x0, 0x0, 0x0, 0x0, 0xf,
    0xff, 0xff, 0xf0, 0x3f, 0xff, 0xff, 0xc0, 0x0,
    0x0, 0x0, 0x1, 0xff, 0xff, 0xfd, 0x1, 0xff,
    0xff, 0xff, 0x10, 0x0, 0x0, 0x0, 0x5f, 0xff,
    0xff, 0xc0, 0xd, 0xff, 0xff, 0xf6, 0x0, 0x0,
    0x0, 0xb, 0xff, 0xff, 0xf9, 0x0, 0x8f, 0xff,
    0xff, 0xf5, 0x0, 0x0, 0x7, 0xff, 0xff, 0xff,
    0x40, 0x2, 0xff, 0xff, 0xff, 0xfc, 0xa8, 0xbe,
    0xff, 0xff, 0xff, 0xd0, 0x0, 0x8, 0xff, 0xff,
    0xff, 0xff, 0xff, 0xff, 0xff, 0xff, 0xf4, 0x0,
    0x0, 0xc, 0xff, 0xff, 0xff, 0xff, 0xff, 0xff,
    0xff, 0xf7, 0x0, 0x0, 0x0, 0xa, 0xff, 0xff,
    0xff, 0xff, 0xff, 0xff, 0xf6, 0x0, 0x0, 0x0,
    0x0, 0x4, 0xcf, 0xff, 0xff, 0xff, 0xfd, 0x81,
    0x0, 0x0, 0x0, 0x0, 0x0, 0x0, 0x15, 0x67,
    0x75, 0x42, 0x0, 0x0, 0x0, 0x0,

    /* U+004B "K" */
    0x5f, 0xff, 0xff, 0xa0, 0x0, 0x0, 0x0, 0x0,
    0x0, 0x0, 0x9, 0xff, 0xff, 0xff, 0xc0, 0x5,
    0xff, 0xff, 0xfa, 0x0, 0x0, 0x0, 0x0, 0x0,
    0x0, 0x8, 0xff, 0xff, 0xff, 0xc0, 0x0, 0x5f,
    0xff, 0xff, 0xa0, 0x0, 0x0, 0x0, 0x0, 0x0,
    0x7, 0xff, 0xff, 0xff, 0xc0, 0x0, 0x5, 0xff,
    0xff, 0xfa, 0x0, 0x0, 0x0, 0x0, 0x0, 0x7,
    0xff, 0xff, 0xff, 0xc1, 0x0, 0x0, 0x5f, 0xff,
    0xff, 0xa0, 0x0, 0x0, 0x0, 0x0, 0x6, 0xff,
    0xff, 0xff, 0xd1, 0x0, 0x0, 0x5, 0xff, 0xff,
    0xfa, 0x0, 0x0, 0x0, 0x0, 0x5, 0xff, 0xff,
    0xff, 0xd1, 0x0, 0x0, 0x0, 0x5f, 0xff, 0xff,
    0xa0, 0x0, 0x0, 0x0, 0x5, 0xff, 0xff, 0xff,
    0xd1, 0x0, 0x0, 0x0, 0x5, 0xff, 0xff, 0xfa,
    0x0, 0x0, 0x0, 0x4, 0xff, 0xff, 0xff, 0xd1,
    0x0, 0x0, 0x0, 0x0, 0x5f, 0xff, 0xff, 0xa0,
    0x0, 0x0, 0x4, 0xff, 0xff, 0xff, 0xd1, 0x0,
    0x0, 0x0, 0x0, 0x5, 0xff, 0xff, 0xfa, 0x0,
    0x0, 0x3, 0xff, 0xff, 0xff, 0xe1, 0x0, 0x0,
    0x0, 0x0, 0x0, 0x5f, 0xff, 0xff, 0xa0, 0x0,
    0x3, 0xff, 0xff, 0xff, 0xe2, 0x0, 0x0, 0x0,
    0x0, 0x0, 0x5, 0xff, 0xff, 0xfa, 0x0, 0x2,
    0xef, 0xff, 0xff, 0xe2, 0x0, 0x0, 0x0, 0x0,
    0x0, 0x0, 0x5f, 0xff, 0xff, 0xa0, 0x2, 0xef,
    0xff, 0xff, 0xe2, 0x0, 0x0, 0x0, 0x0, 0x0,
    0x0, 0x5, 0xff, 0xff, 0xfa, 0x2, 0xef, 0xff,
    0xff, 0xe2, 0x0, 0x0, 0x0, 0x0, 0x0, 0x0,
    0x0, 0x5f, 0xff, 0xff, 0xa1, 0xdf, 0xff, 0xff,
    0xfe, 0x10, 0x0, 0x0, 0x0, 0x0, 0x0, 0x0,
    0x5, 0xff, 0xff, 0xfb, 0xdf, 0xff, 0xff, 0xff,
    0xfb, 0x0, 0x0, 0x0, 0x0, 0x0, 0x0, 0x0,
    0x5f, 0xff, 0xff, 0xff, 0xff, 0xff, 0xff, 0xff,
    0xf6, 0x0, 0x0, 0x0, 0x0, 0x0, 0x0, 0x5,
    0xff, 0xff, 0xff, 0xff, 0xff, 0xff, 0xff, 0xff,
    0xf2, 0x0, 0x0, 0x0, 0x0, 0x0, 0x0, 0x5f,
    0xff, 0xff, 0xff, 0xff, 0xf9, 0xff, 0xff, 0xff,
    0xc0, 0x0, 0x0, 0x0, 0x0, 0x0, 0x5, 0xff,
    0xff, 0xff, 0xff, 0xf5, 0xa, 0xff, 0xff, 0xff,
    0x70, 0x0, 0x0, 0x0, 0x0, 0x0, 0x5f, 0xff,
    0xff, 0xff, 0xf5, 0x0, 0x1e, 0xff, 0xff, 0xff,
    0x30, 0x0, 0x0, 0x0, 0x0, 0x5, 0xff, 0xff,
    0xff, 0xf5, 0x0, 0x0, 0x4f, 0xff, 0xff, 0xfd,
    0x0, 0x0, 0x0, 0x0, 0x0, 0x5f, 0xff, 0xff,
    0xf6, 0x0, 0x0, 0x0, 0x9f, 0xff, 0xff, 0xf8,
    0x0, 0x0, 0x0, 0x0, 0x5, 0xff, 0xff, 0xfa,
    0x0, 0x0, 0x0, 0x0, 0xef, 0xff, 0xff, 0xf4,
    0x0, 0x0, 0x0, 0x0, 0x5f, 0xff, 0xff, 0xa0,
    0x0, 0x0, 0x0, 0x4, 0xff, 0xff, 0xff, 0xe1,
    0x0, 0x0, 0x0, 0x5, 0xff, 0xff, 0xfa, 0x0,
    0x0, 0x0, 0x0, 0x9, 0xff, 0xff, 0xff, 0xa0,
    0x0, 0x0, 0x0, 0x5f, 0xff, 0xff, 0xa0, 0x0,
    0x0, 0x0, 0x0, 0xe, 0xff, 0xff, 0xff, 0x50,
    0x0, 0x0, 0x5, 0xff, 0xff, 0xfa, 0x0, 0x0,
    0x0, 0x0, 0x0, 0x4f, 0xff, 0xff, 0xfe, 0x10,
    0x0, 0x0, 0x5f, 0xff, 0xff, 0xa0, 0x0, 0x0,
    0x0, 0x0, 0x0, 0x9f, 0xff, 0xff, 0xfb, 0x0,
    0x0, 0x5, 0xff, 0xff, 0xfa, 0x0, 0x0, 0x0,
    0x0, 0x0, 0x0, 0xdf, 0xff, 0xff, 0xf6, 0x0,
    0x0, 0x5f, 0xff, 0xff, 0xa0, 0x0, 0x0, 0x0,
    0x0, 0x0, 0x4, 0xff, 0xff, 0xff, 0xf2, 0x0,
    0x5, 0xff, 0xff, 0xfa, 0x0, 0x0, 0x0, 0x0,
    0x0, 0x0, 0x9, 0xff, 0xff, 0xff, 0xc0, 0x0,
    0x5f, 0xff, 0xff, 0xa0, 0x0, 0x0, 0x0, 0x0,
    0x0, 0x0, 0xd, 0xff, 0xff, 0xff, 0x80, 0x5,
    0xff, 0xff, 0xfa, 0x0, 0x0, 0x0, 0x0, 0x0,
    0x0, 0x0, 0x3f, 0xff, 0xff, 0xff, 0x30, 0x5f,
    0xff, 0xff, 0xa0, 0x0, 0x0, 0x0, 0x0, 0x0,
    0x0, 0x0, 0x8f, 0xff, 0xff, 0xfd, 0x0,

    /* U+004C "L" */
    0x5f, 0xff, 0xff, 0xa0, 0x0, 0x0, 0x0, 0x0,
    0x0, 0x0, 0x0, 0x0, 0x5, 0xff, 0xff, 0xfa,
    0x0, 0x0, 0x0, 0x0, 0x0, 0x0, 0x0, 0x0,
    0x0, 0x5f, 0xff, 0xff, 0xa0, 0x0, 0x0, 0x0,
    0x0, 0x0, 0x0, 0x0, 0x0, 0x5, 0xff, 0xff,
    0xfa, 0x0, 0x0, 0x0, 0x0, 0x0, 0x0, 0x0,
    0x0, 0x0, 0x5f, 0xff, 0xff, 0xa0, 0x0, 0x0,
    0x0, 0x0, 0x0, 0x0, 0x0, 0x0, 0x5, 0xff,
    0xff, 0xfa, 0x0, 0x0, 0x0, 0x0, 0x0, 0x0,
    0x0, 0x0, 0x0, 0x5f, 0xff, 0xff, 0xa0, 0x0,
    0x0, 0x0, 0x0, 0x0, 0x0, 0x0, 0x0, 0x5,
    0xff, 0xff, 0xfa, 0x0, 0x0, 0x0, 0x0, 0x0,
    0x0, 0x0, 0x0, 0x0, 0x5f, 0xff, 0xff, 0xa0,
    0x0, 0x0, 0x0, 0x0, 0x0, 0x0, 0x0, 0x0,
    0x5, 0xff, 0xff, 0xfa, 0x0, 0x0, 0x0, 0x0,
    0x0, 0x0, 0x0, 0x0, 0x0, 0x5f, 0xff, 0xff,
    0xa0, 0x0, 0x0, 0x0, 0x0, 0x0, 0x0, 0x0,
    0x0, 0x5, 0xff, 0xff, 0xfa, 0x0, 0x0, 0x0,
    0x0, 0x0, 0x0, 0x0, 0x0, 0x0, 0x5f, 0xff,
    0xff, 0xa0, 0x0, 0x0, 0x0, 0x0, 0x0, 0x0,
    0x0, 0x0, 0x5, 0xff, 0xff, 0xfa, 0x0, 0x0,
    0x0, 0x0, 0x0, 0x0, 0x0, 0x0, 0x0, 0x5f,
    0xff, 0xff, 0xa0, 0x0, 0x0, 0x0, 0x0, 0x0,
    0x0, 0x0, 0x0, 0x5, 0xff, 0xff, 0xfa, 0x0,
    0x0, 0x0, 0x0, 0x0, 0x0, 0x0, 0x0, 0x0,
    0x5f, 0xff, 0xff, 0xa0, 0x0, 0x0, 0x0, 0x0,
    0x0, 0x0, 0x0, 0x0, 0x5, 0xff, 0xff, 0xfa,
    0x0, 0x0, 0x0, 0x0, 0x0, 0x0, 0x0, 0x0,
    0x0, 0x5f, 0xff, 0xff, 0xa0, 0x0, 0x0, 0x0,
    0x0, 0x0, 0x0, 0x0, 0x0, 0x5, 0xff, 0xff,
    0xfa, 0x0, 0x0, 0x0, 0x0, 0x0, 0x0, 0x0,
    0x0, 0x0, 0x5f, 0xff, 0xff, 0xa0, 0x0, 0x0,
    0x0, 0x0, 0x0, 0x0, 0x0, 0x0, 0x5, 0xff,
    0xff, 0xfa, 0x0, 0x0, 0x0, 0x0, 0x0, 0x0,
    0x0, 0x0, 0x0, 0x5f, 0xff, 0xff, 0xa0, 0x0,
    0x0, 0x0, 0x0, 0x0, 0x0, 0x0, 0x0, 0x5,
    0xff, 0xff, 0xfa, 0x0, 0x0, 0x0, 0x0, 0x0,
    0x0, 0x0, 0x0, 0x0, 0x5f, 0xff, 0xff, 0xa0,
    0x0, 0x0, 0x0, 0x0, 0x0, 0x0, 0x0, 0x0,
    0x5, 0xff, 0xff, 0xfa, 0x0, 0x0, 0x0, 0x0,
    0x0, 0x0, 0x0, 0x0, 0x0, 0x5f, 0xff, 0xff,
    0xa0, 0x0, 0x0, 0x0, 0x0, 0x0, 0x0, 0x0,
    0x0, 0x5, 0xff, 0xff, 0xfa, 0x0, 0x0, 0x0,
    0x0, 0x0, 0x0, 0x0, 0x0, 0x0, 0x5f, 0xff,
    0xff, 0xa0, 0x0, 0x0, 0x0, 0x0, 0x0, 0x0,
    0x0, 0x0, 0x5, 0xff, 0xff, 0xfb, 0x44, 0x44,
    0x44, 0x44, 0x44, 0x44, 0x44, 0x44, 0x40, 0x5f,
    0xff, 0xff, 0xff, 0xff, 0xff, 0xff, 0xff, 0xff,
    0xff, 0xff, 0xff, 0x15, 0xff, 0xff, 0xff, 0xff,
    0xff, 0xff, 0xff, 0xff, 0xff, 0xff, 0xff, 0xf1,
    0x5f, 0xff, 0xff, 0xff, 0xff, 0xff, 0xff, 0xff,
    0xff, 0xff, 0xff, 0xff, 0x15, 0xff, 0xff, 0xff,
    0xff, 0xff, 0xff, 0xff, 0xff, 0xff, 0xff, 0xff,
    0xf1, 0x5f, 0xff, 0xff, 0xff, 0xff, 0xff, 0xff,
    0xff, 0xff, 0xff, 0xff, 0xff, 0x10,

    /* U+004D "M" */
    0x7f, 0xff, 0xff, 0xff, 0xf2, 0x0, 0x0, 0x0,
    0x0, 0x0, 0x0, 0x0, 0x0, 0x6, 0xff, 0xff,
    0xff, 0xff, 0x17, 0xff, 0xff, 0xff, 0xff, 0x80,
    0x0, 0x0, 0x0, 0x0, 0x0, 0x0, 0x0, 0x0,
    0xbf, 0xff, 0xff, 0xff, 0xf1, 0x7f, 0xff, 0xff,
    0xff, 0xfd, 0x0, 0x0, 0x0, 0x0, 0x0, 0x0,
    0x0, 0x0, 0x1f, 0xff, 0xff, 0xff, 0xff, 0x17,
    0xff, 0xff, 0xff, 0xff, 0xf3, 0x0, 0x0, 0x0,
    0x0, 0x0, 0x0, 0x0, 0x6, 0xff, 0xff, 0xff,
    0xff, 0xf1, 0x7f, 0xff, 0xff, 0xff, 0xff, 0x80,
    0x0, 0x0, 0x0, 0x0, 0x0, 0x0, 0x0, 0xbf,
    0xff, 0xff, 0xff, 0xff, 0x17, 0xff, 0xff, 0xff,
    0xff, 0xfe, 0x0, 0x0, 0x0, 0x0, 0x0, 0x0,
    0x0, 0x1f, 0xff, 0xff, 0xff, 0xff, 0xf1, 0x7f,
    0xff, 0xff, 0xff, 0xff, 0xf3, 0x0, 0x0, 0x0,
    0x0, 0x0, 0x0, 0x6, 0xff, 0xff, 0xff, 0xff,
    0xff, 0x17, 0xff, 0xff, 0xff, 0xff, 0xff, 0x90,
    0x0, 0x0, 0x0, 0x0, 0x0, 0x0, 0xcf, 0xff,
    0xff, 0xff, 0xff, 0xf1, 0x7f, 0xff, 0xff, 0xbf,
    0xff, 0xfe, 0x0, 0x0, 0x0, 0x0, 0x0, 0x0,
    0x1f, 0xff, 0xff, 0xbf, 0xff, 0xff, 0x17, 0xff,
    0xff, 0xf6, 0xff, 0xff, 0xf4, 0x0, 0x0, 0x0,
    0x0, 0x0, 0x6, 0xff, 0xff, 0xc9, 0xff, 0xff,
    0xf1, 0x7f, 0xff, 0xff, 0x4c, 0xff, 0xff, 0x90,
    0x0, 0x0, 0x0, 0x0, 0x0, 0xcf, 0xff, 0xf6,
    0x9f, 0xff, 0xff, 0x17, 0xff, 0xff, 0xf4, 0x6f,
    0xff, 0xff, 0x0, 0x0, 0x0, 0x0, 0x0, 0x1f,
    0xff, 0xff, 0x19, 0xff, 0xff, 0xf1, 0x7f, 0xff,
    0xff, 0x41, 0xff, 0xff, 0xf4, 0x0, 0x0, 0x0,
    0x0, 0x7, 0xff, 0xff, 0xb0, 0x9f, 0xff, 0xff,
    0x17, 0xff, 0xff, 0xf4, 0xb, 0xff, 0xff, 0xa0,
    0x0, 0x0, 0x0, 0x0, 0xcf, 0xff, 0xf5, 0x9,
    0xff, 0xff, 0xf1, 0x7f, 0xff, 0xff, 0x40, 0x5f,
    0xff, 0xff, 0x0, 0x0, 0x0, 0x0, 0x1f, 0xff,
    0xff, 0x0, 0x9f, 0xff, 0xff, 0x17, 0xff, 0xff,
    0xf4, 0x0, 0xff, 0xff, 0xf5, 0x0, 0x0, 0x0,
    0x7, 0xff, 0xff, 0xa0, 0x9, 0xff, 0xff, 0xf1,
    0x7f, 0xff, 0xff, 0x40, 0xa, 0xff, 0xff, 0xb0,
    0x0, 0x0, 0x0, 0xcf, 0xff, 0xf5, 0x0, 0x9f,
    0xff, 0xff, 0x17, 0xff, 0xff, 0xf4, 0x0, 0x4f,
    0xff, 0xff, 0x0, 0x0, 0x0, 0x2f, 0xff, 0xfe,
    0x0, 0x9, 0xff, 0xff, 0xf1, 0x7f, 0xff, 0xff,
    0x40, 0x0, 0xef, 0xff, 0xf6, 0x0, 0x0, 0x7,
    0xff, 0xff, 0x90, 0x0, 0x9f, 0xff, 0xff, 0x17,
    0xff, 0xff, 0xf4, 0x0, 0x9, 0xff, 0xff, 0xb0,
    0x0, 0x0, 0xcf, 0xff, 0xf4, 0x0, 0x9, 0xff,
    0xff, 0xf1, 0x7f, 0xff, 0xff, 0x40, 0x0, 0x3f,
    0xff, 0xff, 0x10, 0x0, 0x2f, 0xff, 0xfe, 0x0,
    0x0, 0x9f, 0xff, 0xff, 0x17, 0xff, 0xff, 0xf4,
    0x0, 0x0, 0xef, 0xff, 0xf6, 0x0, 0x7, 0xff,
    0xff, 0x80, 0x0, 0x9, 0xff, 0xff, 0xf1, 0x7f,
    0xff, 0xff, 0x40, 0x0, 0x8, 0xff, 0xff, 0xc0,
    0x0, 0xcf, 0xff, 0xf3, 0x0, 0x0, 0x9f, 0xff,
    0xff, 0x17, 0xff, 0xff, 0xf4, 0x0, 0x0, 0x2f,
    0xff, 0xff, 0x10, 0x2f, 0xff, 0xfd, 0x0, 0x0,
    0x9, 0xff, 0xff, 0xf1, 0x7f, 0xff, 0xff, 0x40,
    0x0, 0x0, 0xdf, 0xff, 0xf7, 0x7, 0xff, 0xff,
    0x80, 0x0, 0x0, 0x9f, 0xff, 0xff, 0x17, 0xff,
    0xff, 0xf4, 0x0, 0x0, 0x7, 0xff, 0xff, 0xc0,
    0xcf, 0xff, 0xf2, 0x0, 0x0, 0x9, 0xff, 0xff,
    0xf1, 0x7f, 0xff, 0xff, 0x40, 0x0, 0x0, 0x2f,
    0xff, 0xff, 0x4f, 0xff, 0xfc, 0x0, 0x0, 0x0,
    0x9f, 0xff, 0xff, 0x17, 0xff, 0xff, 0xf4, 0x0,
    0x0, 0x0, 0xcf, 0xff, 0xfe, 0xff, 0xff, 0x70,
    0x0, 0x0, 0x9, 0xff, 0xff, 0xf1, 0x7f, 0xff,
    0xff, 0x40, 0x0, 0x0, 0x6, 0xff, 0xff, 0xff,
    0xff, 0xf1, 0x0, 0x0, 0x0, 0x9f, 0xff, 0xff,
    0x17, 0xff, 0xff, 0xf4, 0x0, 0x0, 0x0, 0x1f,
    0xff, 0xff, 0xff, 0xfb, 0x0, 0x0, 0x0, 0x9,
    0xff, 0xff, 0xf1, 0x7f, 0xff, 0xff, 0x40, 0x0,
    0x0, 0x0, 0xbf, 0xff, 0xff, 0xff, 0x60, 0x0,
    0x0, 0x0, 0x9f, 0xff, 0xff, 0x17, 0xff, 0xff,
    0xf4, 0x0, 0x0, 0x0, 0x5, 0xff, 0xff, 0xff,
    0xf1, 0x0, 0x0, 0x0, 0x9, 0xff, 0xff, 0xf1,
    0x7f, 0xff, 0xff, 0x40, 0x0, 0x0, 0x0, 0xf,
    0xff, 0xff, 0xfb, 0x0, 0x0, 0x0, 0x0, 0x9f,
    0xff, 0xff, 0x17, 0xff, 0xff, 0xf4, 0x0, 0x0,
    0x0, 0x0, 0xaf, 0xff, 0xff, 0x50, 0x0, 0x0,
    0x0, 0x9, 0xff, 0xff, 0xf1, 0x7f, 0xff, 0xff,
    0x40, 0x0, 0x0, 0x0, 0x5, 0xff, 0xff, 0xf0,
    0x0, 0x0, 0x0, 0x0, 0x9f, 0xff, 0xff, 0x10,

    /* U+004E "N" */
    0x9f, 0xff, 0xff, 0xf1, 0x0, 0x0, 0x0, 0x0,
    0x0, 0x0, 0x0, 0x8f, 0xff, 0xff, 0x39, 0xff,
    0xff, 0xff, 0xa0, 0x0, 0x0, 0x0, 0x0, 0x0,
    0x0, 0x8, 0xff, 0xff, 0xf3, 0x9f, 0xff, 0xff,
    0xff, 0x40, 0x0, 0x0, 0x0, 0x0, 0x0, 0x0,
    0x8f, 0xff, 0xff, 0x39, 0xff, 0xff, 0xff, 0xfd,
    0x0, 0x0, 0x0, 0x0, 0x0, 0x0, 0x8, 0xff,
    0xff, 0xf3, 0x9f, 0xff, 0xff, 0xff, 0xf7, 0x0,
    0x0, 0x0, 0x0, 0x0, 0x0, 0x8f, 0xff, 0xff,
    0x39, 0xff, 0xff, 0xff, 0xff, 0xf1, 0x0, 0x0,
    0x0, 0x0, 0x0, 0x8, 0xff, 0xff, 0xf3, 0x9f,
    0xff, 0xff, 0xff, 0xff, 0xb0, 0x0, 0x0, 0x0,
    0x0, 0x0, 0x8f, 0xff, 0xff, 0x39, 0xff, 0xff,
    0xff, 0xff, 0xff, 0x40, 0x0, 0x0, 0x0, 0x0,
    0x8, 0xff, 0xff, 0xf3, 0x9f, 0xff, 0xff, 0xff,
    0xff, 0xfd, 0x0, 0x0, 0x0, 0x0, 0x0, 0x8f,
    0xff, 0xff, 0x39, 0xff, 0xff, 0xfb, 0xff, 0xff,
    0xf8, 0x0, 0x0, 0x0, 0x0, 0x8, 0xff, 0xff,
    0xf3, 0x9f, 0xff, 0xff, 0x3e, 0xff, 0xff, 0xf2,
    0x0, 0x0, 0x0, 0x0, 0x8f, 0xff, 0xff, 0x39,
    0xff, 0xff, 0xf1, 0x6f, 0xff, 0xff, 0xb0, 0x0,
    0x0, 0x0, 0x8, 0xff, 0xff, 0xf3, 0x9f, 0xff,
    0xff, 0x10, 0xcf, 0xff, 0xff, 0x50, 0x0, 0x0,
    0x0, 0x8f, 0xff, 0xff, 0x39, 0xff, 0xff, 0xf1,
    0x2, 0xff, 0xff, 0xfe, 0x0, 0x0, 0x0, 0x8,
    0xff, 0xff, 0xf3, 0x9f, 0xff, 0xff, 0x10, 0x9,
    0xff, 0xff, 0xf8, 0x0, 0x0, 0x0, 0x8f, 0xff,
    0xff, 0x39, 0xff, 0xff, 0xf1, 0x0, 0xe, 0xff,
    0xff, 0xf2, 0x0, 0x0, 0x8, 0xff, 0xff, 0xf3,
    0x9f, 0xff, 0xff, 0x10, 0x0, 0x5f, 0xff, 0xff,
    0xc0, 0x0, 0x0, 0x8f, 0xff, 0xff, 0x39, 0xff,
    0xff, 0xf1, 0x0, 0x0, 0xbf, 0xff, 0xff, 0x50,
    0x0, 0x8, 0xff, 0xff, 0xf3, 0x9f, 0xff, 0xff,
    0x10, 0x0, 0x2, 0xff, 0xff, 0xfe, 0x0, 0x0,
    0x8f, 0xff, 0xff, 0x39, 0xff, 0xff, 0xf1, 0x0,
    0x0, 0x8, 0xff, 0xff, 0xf9, 0x0, 0x8, 0xff,
    0xff, 0xf3, 0x9f, 0xff, 0xff, 0x10, 0x0, 0x0,
    0xe, 0xff, 0xff, 0xf3, 0x0, 0x8f, 0xff, 0xff,
    0x39, 0xff, 0xff, 0xf1, 0x0, 0x0, 0x0, 0x5f,
    0xff, 0xff, 0xc0, 0x8, 0xff, 0xff, 0xf3, 0x9f,
    0xff, 0xff, 0x10, 0x0, 0x0, 0x0, 0xbf, 0xff,
    0xff, 0x60, 0x8f, 0xff, 0xff, 0x39, 0xff, 0xff,
    0xf1, 0x0, 0x0, 0x0, 0x2, 0xff, 0xff, 0xfe,
    0x18, 0xff, 0xff, 0xf3, 0x9f, 0xff, 0xff, 0x10,
    0x0, 0x0, 0x0, 0x8, 0xff, 0xff, 0xf9, 0x8f,
    0xff, 0xff, 0x39, 0xff, 0xff, 0xf1, 0x0, 0x0,
    0x0, 0x0, 0xd, 0xff, 0xff, 0xfb, 0xff, 0xff,
    0xf3, 0x9f, 0xff, 0xff, 0x10, 0x0, 0x0, 0x0,
    0x0, 0x4f, 0xff, 0xff, 0xff, 0xff, 0xff, 0x39,
    0xff, 0xff, 0xf1, 0x0, 0x0, 0x0, 0x0, 0x0,
    0xaf, 0xff, 0xff, 0xff, 0xff, 0xf3, 0x9f, 0xff,
    0xff, 0x10, 0x0, 0x0, 0x0, 0x0, 0x1, 0xff,
    0xff, 0xff, 0xff, 0xff, 0x39, 0xff, 0xff, 0xf1,
    0x0, 0x0, 0x0, 0x0, 0x0, 0x7, 0xff, 0xff,
    0xff, 0xff, 0xf3, 0x9f, 0xff, 0xff, 0x10, 0x0,
    0x0, 0x0, 0x0, 0x0, 0xd, 0xff, 0xff, 0xff,
    0xff, 0x39, 0xff, 0xff, 0xf1, 0x0, 0x0, 0x0,
    0x0, 0x0, 0x0, 0x4f, 0xff, 0xff, 0xff, 0xf3,
    0x9f, 0xff, 0xff, 0x10, 0x0, 0x0, 0x0, 0x0,
    0x0, 0x0, 0xaf, 0xff, 0xff, 0xff, 0x39, 0xff,
    0xff, 0xf1, 0x0, 0x0, 0x0, 0x0, 0x0, 0x0,
    0x1, 0xff, 0xff, 0xff, 0xf3, 0x9f, 0xff, 0xff,
    0x10, 0x0, 0x0, 0x0, 0x0, 0x0, 0x0, 0x7,
    0xff, 0xff, 0xff, 0x30,

    /* U+004F "O" */
    0x0, 0x0, 0x0, 0x0, 0x0, 0x0, 0x0, 0x0,
    0x0, 0x0, 0x0, 0x0, 0x0, 0x0, 0x0, 0x0,
    0x0, 0x0, 0x0, 0x0, 0x0, 0x0, 0x0, 0x5a,
    0xcd, 0xff, 0xed, 0xb7, 0x20, 0x0, 0x0, 0x0,
    0x0, 0x0, 0x0, 0x0, 0x0, 0x0, 0x1, 0x9f,
    0xff, 0xff, 0xff, 0xff, 0xff, 0xfc, 0x50, 0x0,
    0x0, 0x0, 0x0, 0x0, 0x0, 0x0, 0x0, 0x7f,
    0xff, 0xff, 0xff, 0xff, 0xff, 0xff, 0xff, 0xfb,
    0x20, 0x0, 0x0, 0x0, 0x0, 0x0, 0x0, 0x1c,
    0xff, 0xff, 0xff, 0xff, 0xff, 0xff, 0xff, 0xff,
    0xff, 0xf5, 0x0, 0x0, 0x0, 0x0, 0x0, 0x1,
    0xdf, 0xff, 0xff, 0xff, 0xff, 0xff, 0xff, 0xff,
    0xff, 0xff, 0xff, 0x50, 0x0, 0x0, 0x0, 0x0,
    0xd, 0xff, 0xff, 0xff, 0xfb, 0x52, 0x10, 0x24,
    0x9e, 0xff, 0xff, 0xff, 0xf5, 0x0, 0x0, 0x0,
    0x0, 0x9f, 0xff, 0xff, 0xfc, 0x20, 0x0, 0x0,
    0x0, 0x0, 0x8f, 0xff, 0xff, 0xfe, 0x10, 0x0,
    0x0, 0x4, 0xff, 0xff, 0xff, 0x90, 0x0, 0x0,
    0x0, 0x0, 0x0, 0x4, 0xff, 0xff, 0xff, 0xb0,
    0x0, 0x0, 0xd, 0xff, 0xff, 0xfb, 0x0, 0x0,
    0x0, 0x0, 0x0, 0x0, 0x0, 0x5f, 0xff, 0xff,
    0xf4, 0x0, 0x0, 0x5f, 0xff, 0xff, 0xf1, 0x0,
    0x0, 0x0, 0x0, 0x0, 0x0, 0x0, 0x9, 0xff,
    0xff, 0xfb, 0x0, 0x0, 0xcf, 0xff, 0xff, 0x70,
    0x0, 0x0, 0x0, 0x0, 0x0, 0x0, 0x0, 0x1,
    0xff, 0xff, 0xff, 0x30, 0x2, 0xff, 0xff, 0xff,
    0x0, 0x0, 0x0, 0x0, 0x0, 0x0, 0x0, 0x0,
    0x0, 0x9f, 0xff, 0xff, 0x90, 0x6, 0xff, 0xff,
    0xfa, 0x0, 0x0, 0x0, 0x0, 0x0, 0x0, 0x0,
    0x0, 0x0, 0x4f, 0xff, 0xff, 0xd0, 0xa, 0xff,
    0xff, 0xf6, 0x0, 0x0, 0x0, 0x0, 0x0, 0x0,
    0x0, 0x0, 0x0, 0xf, 0xff, 0xff, 0xf1, 0xd,
    0xff, 0xff, 0xf3, 0x0, 0x0, 0x0, 0x0, 0x0,
    0x0, 0x0, 0x0, 0x0, 0xc, 0xff, 0xff, 0xf5,
    0xf, 0xff, 0xff, 0xf0, 0x0, 0x0, 0x0, 0x0,
    0x0, 0x0, 0x0, 0x0, 0x0, 0x9, 0xff, 0xff,
    0xf6, 0xf, 0xff, 0xff, 0xe0, 0x0, 0x0, 0x0,
    0x0, 0x0, 0x0, 0x0, 0x0, 0x0, 0x7, 0xff,
    0xff, 0xf8, 0x1f, 0xff, 0xff, 0xd0, 0x0, 0x0,
    0x0, 0x0, 0x0, 0x0, 0x0, 0x0, 0x0, 0x6,
    0xff, 0xff, 0xf9, 0x2f, 0xff, 0xff, 0xd0, 0x0,
    0x0, 0x0, 0x0, 0x0, 0x0, 0x0, 0x0, 0x0,
    0x5, 0xff, 0xff, 0xfa, 0x1f, 0xff, 0xff, 0xe0,
    0x0, 0x0, 0x0, 0x0, 0x0, 0x0, 0x0, 0x0,
    0x0, 0x6, 0xff, 0xff, 0xf8, 0xf, 0xff, 0xff,
    0xf0, 0x0, 0x0, 0x0, 0x0, 0x0, 0x0, 0x0,
    0x0, 0x0, 0x8, 0xff, 0xff, 0xf7, 0xf, 0xff,
    0xff, 0xf1, 0x0, 0x0, 0x0, 0x0, 0x0, 0x0,
    0x0, 0x0, 0x0, 0xa, 0xff, 0xff, 0xf6, 0xc,
    0xff, 0xff, 0xf4, 0x0, 0x0, 0x0, 0x0, 0x0,
    0x0, 0x0, 0x0, 0x0, 0xd, 0xff, 0xff, 0xf3,
    0x8, 0xff, 0xff, 0xf8, 0x0, 0x0, 0x0, 0x0,
    0x0, 0x0, 0x0, 0x0, 0x0, 0x1f, 0xff, 0xff,
    0xf0, 0x4, 0xff, 0xff, 0xfd, 0x0, 0x0, 0x0,
    0x0, 0x0, 0x0, 0x0, 0x0, 0x0, 0x6f, 0xff,
    0xff, 0xb0, 0x0, 0xff, 0xff, 0xff, 0x30, 0x0,
    0x0, 0x0, 0x0, 0x0, 0x0, 0x0, 0x0, 0xcf,
    0xff, 0xff, 0x60, 0x0, 0x8f, 0xff, 0xff, 0xc0,
    0x0, 0x0, 0x0, 0x0, 0x0, 0x0, 0x0, 0x4,
    0xff, 0xff, 0xfe, 0x0, 0x0, 0x2f, 0xff, 0xff,
    0xf5, 0x0, 0x0, 0x0, 0x0, 0x0, 0x0, 0x0,
    0xd, 0xff, 0xff, 0xf8, 0x0, 0x0, 0xa, 0xff,
    0xff, 0xff, 0x30, 0x0, 0x0, 0x0, 0x0, 0x0,
    0x0, 0xbf, 0xff, 0xff, 0xf1, 0x0, 0x0, 0x1,
    0xef, 0xff, 0xff, 0xe5, 0x0, 0x0, 0x0, 0x0,
    0x0, 0x1b, 0xff, 0xff, 0xff, 0x60, 0x0, 0x0,
    0x0, 0x4f, 0xff, 0xff, 0xff, 0xa3, 0x0, 0x0,
    0x0, 0x16, 0xef, 0xff, 0xff, 0xfb, 0x0, 0x0,
    0x0, 0x0, 0x6, 0xff, 0xff, 0xff, 0xff, 0xda,
    0x88, 0x9b, 0xff, 0xff, 0xff, 0xff, 0xc1, 0x0,
    0x0, 0x0, 0x0, 0x0, 0x6f, 0xff, 0xff, 0xff,
    0xff, 0xff, 0xff, 0xff, 0xff, 0xff, 0xfc, 0x10,
    0x0, 0x0, 0x0, 0x0, 0x0, 0x5, 0xef, 0xff,
    0xff, 0xff, 0xff, 0xff, 0xff, 0xff, 0xff, 0x90,
    0x0, 0x0, 0x0, 0x0, 0x0, 0x0, 0x0, 0x9,
    0xff, 0xff, 0xff, 0xff, 0xff, 0xff, 0xff, 0xd3,
    0x0, 0x0, 0x0, 0x0, 0x0, 0x0, 0x0, 0x0,
    0x0, 0x27, 0xcf, 0xff, 0xff, 0xff, 0xfe, 0x94,
    0x0, 0x0, 0x0, 0x0, 0x0, 0x0, 0x0, 0x0,
    0x0, 0x0, 0x0, 0x1, 0x35, 0x67, 0x64, 0x30,
    0x0, 0x0, 0x0, 0x0, 0x0, 0x0,

    /* U+0050 "P" */
    0x5f, 0xff, 0xff, 0xff, 0xff, 0xff, 0xff, 0xff,
    0xed, 0xc9, 0x40, 0x0, 0x0, 0x0, 0x5f, 0xff,
    0xff, 0xff, 0xff, 0xff, 0xff, 0xff, 0xff, 0xff,
    0xfe, 0x60, 0x0, 0x0, 0x5f, 0xff, 0xff, 0xff,
    0xff, 0xff, 0xff, 0xff, 0xff, 0xff, 0xff, 0xfc,
    0x10, 0x0, 0x5f, 0xff, 0xff, 0xff, 0xff, 0xff,
    0xff, 0xff, 0xff, 0xff, 0xff, 0xff, 0xd1, 0x0,
    0x5f, 0xff, 0xff, 0xff, 0xff, 0xff, 0xff, 0xff,
    0xff, 0xff, 0xff, 0xff, 0xfa, 0x0, 0x5f, 0xff,
    0xff, 0xa0, 0x0, 0x0, 0x0, 0x0, 0x13, 0xaf,
    0xff, 0xff, 0xff, 0x30, 0x5f, 0xff, 0xff, 0xa0,
    0x0, 0x0, 0x0, 0x0, 0x0, 0x3, 0xff, 0xff,
    0xff, 0xa0, 0x5f, 0xff, 0xff, 0xa0, 0x0, 0x0,
    0x0, 0x0, 0x0, 0x0, 0x6f, 0xff, 0xff, 0xf0,
    0x5f, 0xff, 0xff, 0xa0, 0x0, 0x0, 0x0, 0x0,
    0x0, 0x0, 0xe, 0xff, 0xff, 0xf1, 0x5f, 0xff,
    0xff, 0xa0, 0x0, 0x0, 0x0, 0x0, 0x0, 0x0,
    0xb, 0xff, 0xff, 0xf3, 0x5f, 0xff, 0xff, 0xa0,
    0x0, 0x0, 0x0, 0x0, 0x0, 0x0, 0x9, 0xff,
    0xff, 0xf5, 0x5f, 0xff, 0xff, 0xa0, 0x0, 0x0,
    0x0, 0x0, 0x0, 0x0, 0x9, 0xff, 0xff, 0xf6,
    0x5f, 0xff, 0xff, 0xa0, 0x0, 0x0, 0x0, 0x0,
    0x0, 0x0, 0xb, 0xff, 0xff, 0xf3, 0x5f, 0xff,
    0xff, 0xa0, 0x0, 0x0, 0x0, 0x0, 0x0, 0x0,
    0xf, 0xff, 0xff, 0xf1, 0x5f, 0xff, 0xff, 0xa0,
    0x0, 0x0, 0x0, 0x0, 0x0, 0x0, 0x9f, 0xff,
    0xff, 0xf0, 0x5f, 0xff, 0xff, 0xa0, 0x0, 0x0,
    0x0, 0x0, 0x0, 0x7, 0xff, 0xff, 0xff, 0xa0,
    0x5f, 0xff, 0xff, 0xa0, 0x0, 0x0, 0x0, 0x0,
    0x25, 0xcf, 0xff, 0xff, 0xff, 0x40, 0x5f, 0xff,
    0xff, 0xff, 0xff, 0xff, 0xff, 0xff, 0xff, 0xff,
    0xff, 0xff, 0xfa, 0x0, 0x5f, 0xff, 0xff, 0xff,
    0xff, 0xff, 0xff, 0xff, 0xff, 0xff, 0xff, 0xff,
    0xd1, 0x0, 0x5f, 0xff, 0xff, 0xff, 0xff, 0xff,
    0xff, 0xff, 0xff, 0xff, 0xff, 0xfd, 0x10, 0x0,
    0x5f, 0xff, 0xff, 0xff, 0xff, 0xff, 0xff, 0xff,
    0xff, 0xff, 0xff, 0x70, 0x0, 0x0, 0x5f, 0xff,
    0xff, 0xff, 0xff, 0xff, 0xff, 0xff, 0xed, 0xc9,
    0x40, 0x0, 0x0, 0x0, 0x5f, 0xff, 0xff, 0xa0,
    0x0, 0x0, 0x0, 0x0, 0x0, 0x0, 0x0, 0x0,
    0x0, 0x0, 0x5f, 0xff, 0xff, 0xa0, 0x0, 0x0,
    0x0, 0x0, 0x0, 0x0, 0x0, 0x0, 0x0, 0x0,
    0x5f, 0xff, 0xff, 0xa0, 0x0, 0x0, 0x0, 0x0,
    0x0, 0x0, 0x0, 0x0, 0x0, 0x0, 0x5f, 0xff,
    0xff, 0xa0, 0x0, 0x0, 0x0, 0x0, 0x0, 0x0,
    0x0, 0x0, 0x0, 0x0, 0x5f, 0xff, 0xff, 0xa0,
    0x0, 0x0, 0x0, 0x0, 0x0, 0x0, 0x0, 0x0,
    0x0, 0x0, 0x5f, 0xff, 0xff, 0xa0, 0x0, 0x0,
    0x0, 0x0, 0x0, 0x0, 0x0, 0x0, 0x0, 0x0,
    0x5f, 0xff, 0xff, 0xa0, 0x0, 0x0, 0x0, 0x0,
    0x0, 0x0, 0x0, 0x0, 0x0, 0x0, 0x5f, 0xff,
    0xff, 0xa0, 0x0, 0x0, 0x0, 0x0, 0x0, 0x0,
    0x0, 0x0, 0x0, 0x0, 0x5f, 0xff, 0xff, 0xa0,
    0x0, 0x0, 0x0, 0x0, 0x0, 0x0, 0x0, 0x0,
    0x0, 0x0, 0x5f, 0xff, 0xff, 0xa0, 0x0, 0x0,
    0x0, 0x0, 0x0, 0x0, 0x0, 0x0, 0x0, 0x0,
    0x5f, 0xff, 0xff, 0xa0, 0x0, 0x0, 0x0, 0x0,
    0x0, 0x0, 0x0, 0x0, 0x0, 0x0, 0x5f, 0xff,
    0xff, 0xa0, 0x0, 0x0, 0x0, 0x0, 0x0, 0x0,
    0x0, 0x0, 0x0, 0x0, 0x5f, 0xff, 0xff, 0xa0,
    0x0, 0x0, 0x0, 0x0, 0x0, 0x0, 0x0, 0x0,
    0x0, 0x0,

    /* U+0051 "Q" */
    0x0, 0x0, 0x0, 0x0, 0x0, 0x0, 0x0, 0x0,
    0x0, 0x0, 0x0, 0x0, 0x0, 0x0, 0x0, 0x0,
    0x0, 0x0, 0x0, 0x0, 0x0, 0x0, 0x0, 0x5a,
    0xcd, 0xff, 0xed, 0xb7, 0x20, 0x0, 0x0, 0x0,
    0x0, 0x0, 0x0, 0x0, 0x0, 0x0, 0x1, 0x9f,
    0xff, 0xff, 0xff, 0xff, 0xff, 0xfc, 0x50, 0x0,
    0x0, 0x0, 0x0, 0x0, 0x0, 0x0, 0x0, 0x7f,
    0xff, 0xff, 0xff, 0xff, 0xff, 0xff, 0xff, 0xfb,
    0x20, 0x0, 0x0, 0x0, 0x0, 0x0, 0x0, 0x1c,
    0xff, 0xff, 0xff, 0xff, 0xff, 0xff, 0xff, 0xff,
    0xff, 0xf5, 0x0, 0x0, 0x0, 0x0, 0x0, 0x1,
    0xdf, 0xff, 0xff, 0xff, 0xff, 0xff, 0xff, 0xff,
    0xff, 0xff, 0xff, 0x50, 0x0, 0x0, 0x0, 0x0,
    0xd, 0xff, 0xff, 0xff, 0xfb, 0x52, 0x10, 0x24,
    0x9e, 0xff, 0xff, 0xff, 0xf5, 0x0, 0x0, 0x0,
    0x0, 0x9f, 0xff, 0xff, 0xfc, 0x20, 0x0, 0x0,
    0x0, 0x0, 0x8f, 0xff, 0xff, 0xfe, 0x10, 0x0,
    0x0, 0x4, 0xff, 0xff, 0xff, 0x90, 0x0, 0x0,
    0x0, 0x0, 0x0, 0x4, 0xff, 0xff, 0xff, 0xb0,
    0x0, 0x0, 0xd, 0xff, 0xff, 0xfb, 0x0, 0x0,
    0x0, 0x0, 0x0, 0x0, 0x0, 0x5f, 0xff, 0xff,
    0xf4, 0x0, 0x0, 0x5f, 0xff, 0xff, 0xf1, 0x0,
    0x0, 0x0, 0x0, 0x0, 0x0, 0x0, 0x9, 0xff,
    0xff, 0xfb, 0x0, 0x0, 0xcf, 0xff, 0xff, 0x70,
    0x0, 0x0, 0x0, 0x0, 0x0, 0x0, 0x0, 0x1,
    0xff, 0xff, 0xff, 0x30, 0x2, 0xff, 0xff, 0xff,
    0x0, 0x0, 0x0, 0x0, 0x0, 0x0, 0x0, 0x0,
    0x0, 0x9f, 0xff, 0xff, 0x90, 0x6, 0xff, 0xff,
    0xfa, 0x0, 0x0, 0x0, 0x0, 0x0, 0x0, 0x0,
    0x0, 0x0, 0x4f, 0xff, 0xff, 0xd0, 0xa, 0xff,
    0xff, 0xf6, 0x0, 0x0, 0x0, 0x0, 0x0, 0x0,
    0x0, 0x0, 0x0, 0xf, 0xff, 0xff, 0xf1, 0xd,
    0xff, 0xff, 0xf3, 0x0, 0x0, 0x0, 0x0, 0x0,
    0x0, 0x0, 0x0, 0x0, 0xc, 0xff, 0xff, 0xf5,
    0xf, 0xff, 0xff, 0xf0, 0x0, 0x0, 0x0, 0x0,
    0x0, 0x0, 0x0, 0x0, 0x0, 0x9, 0xff, 0xff,
    0xf6, 0xf, 0xff, 0xff, 0xe0, 0x0, 0x0, 0x0,
    0x0, 0x0, 0x0, 0x0, 0x0, 0x0, 0x7, 0xff,
    0xff, 0xf8, 0x1f, 0xff, 0xff, 0xd0, 0x0, 0x0,
    0x0, 0x0, 0x0, 0x0, 0x0, 0x0, 0x0, 0x6,
    0xff, 0xff, 0xf9, 0x2f, 0xff, 0xff, 0xd0, 0x0,
    0x0, 0x0, 0x0, 0x0, 0x0, 0x0, 0x0, 0x0,
    0x5, 0xff, 0xff, 0xfa, 0x1f, 0xff, 0xff, 0xe0,
    0x0, 0x0, 0x0, 0x0, 0x0, 0x0, 0x0, 0x0,
    0x0, 0x6, 0xff, 0xff, 0xf8, 0xf, 0xff, 0xff,
    0xf0, 0x0, 0x0, 0x0, 0x0, 0x0, 0x0, 0x0,
    0x0, 0x0, 0x7, 0xff, 0xff, 0xf7, 0xf, 0xff,
    0xff, 0xf1, 0x0, 0x0, 0x0, 0x0, 0x0, 0x0,
    0x0, 0x0, 0x0, 0xa, 0xff, 0xff, 0xf6, 0xc,
    0xff, 0xff, 0xf4, 0x0, 0x0, 0x0, 0x0, 0x0,
    0x0, 0x0, 0x0, 0x0, 0xd, 0xff, 0xff, 0xf3,
    0x8, 0xff, 0xff, 0xf8, 0x0, 0x0, 0x0, 0x0,
    0x0, 0x0, 0x0, 0x0, 0x0, 0x1f, 0xff, 0xff,
    0xf0, 0x4, 0xff, 0xff, 0xfd, 0x0, 0x0, 0x0,
    0x0, 0x0, 0x0, 0x80, 0x0, 0x0, 0x7f, 0xff,
    0xff, 0xb0, 0x0, 0xff, 0xff, 0xff, 0x30, 0x0,
    0x0, 0x0, 0x0, 0x9, 0xfd, 0x10, 0x0, 0xdf,
    0xff, 0xff, 0x70, 0x0, 0x8f, 0xff, 0xff, 0xc0,
    0x0, 0x0, 0x0, 0x0, 0x6f, 0xff, 0xe2, 0x6,
    0xff, 0xff, 0xff, 0x10, 0x0, 0x2f, 0xff, 0xff,
    0xf5, 0x0, 0x0, 0x0, 0x2, 0xff, 0xff, 0xfe,
    0x5e, 0xff, 0xff, 0xf9, 0x0, 0x0, 0xa, 0xff,
    0xff, 0xff, 0x30, 0x0, 0x0, 0x0, 0x6f, 0xff,
    0xff, 0xff, 0xff, 0xff, 0xf2, 0x0, 0x0, 0x1,
    0xef, 0xff, 0xff, 0xe5, 0x0, 0x0, 0x0, 0x4,
    0xff, 0xff, 0xff, 0xff, 0xff, 0x70, 0x0, 0x0,
    0x0, 0x4f, 0xff, 0xff, 0xff, 0xa3, 0x0, 0x0,
    0x0, 0x5f, 0xff, 0xff, 0xff, 0xfa, 0x0, 0x0,
    0x0, 0x0, 0x6, 0xff, 0xff, 0xff, 0xff, 0xda,
    0x88, 0x9c, 0xff, 0xff, 0xff, 0xff, 0xf1, 0x0,
    0x0, 0x0, 0x0, 0x0, 0x6f, 0xff, 0xff, 0xff,
    0xff, 0xff, 0xff, 0xff, 0xff, 0xff, 0xff, 0xfb,
    0x0, 0x0, 0x0, 0x0, 0x0, 0x5, 0xef, 0xff,
    0xff, 0xff, 0xff, 0xff, 0xff, 0xff, 0xff, 0xff,
    0xff, 0xd1, 0x0, 0x0, 0x0, 0x0, 0x0, 0x9,
    0xff, 0xff, 0xff, 0xff, 0xff, 0xff, 0xff, 0xca,
    0xff, 0xff, 0xfe, 0x20, 0x0, 0x0, 0x0, 0x0,
    0x0, 0x27, 0xcf, 0xff, 0xff, 0xff, 0xfe, 0xa4,
    0x0, 0x7f, 0xff, 0xff, 0xe0, 0x0, 0x0, 0x0,
    0x0, 0x0, 0x0, 0x1, 0x35, 0x67, 0x65, 0x20,
    0x0, 0x0, 0x5, 0xff, 0xff, 0x50, 0x0, 0x0,
    0x0, 0x0, 0x0, 0x0, 0x0, 0x0, 0x0, 0x0,
    0x0, 0x0, 0x0, 0x0, 0x4f, 0xf7, 0x0, 0x0,
    0x0, 0x0, 0x0, 0x0, 0x0, 0x0, 0x0, 0x0,
    0x0, 0x0, 0x0, 0x0, 0x0, 0x3, 0x80, 0x0,

    /* U+0052 "R" */
    0x5f, 0xff, 0xff, 0xff, 0xff, 0xff, 0xff, 0xff,
    0xff, 0xed, 0xa7, 0x20, 0x0, 0x0, 0x0, 0x5f,
    0xff, 0xff, 0xff, 0xff, 0xff, 0xff, 0xff, 0xff,
    0xff, 0xff, 0xfb, 0x30, 0x0, 0x0, 0x5f, 0xff,
    0xff, 0xff, 0xff, 0xff, 0xff, 0xff, 0xff, 0xff,
    0xff, 0xff, 0xf7, 0x0, 0x0, 0x5f, 0xff, 0xff,
    0xff, 0xff, 0xff, 0xff, 0xff, 0xff, 0xff, 0xff,
    0xff, 0xff, 0x60, 0x0, 0x5f, 0xff, 0xff, 0xff,
    0xff, 0xff, 0xff, 0xff, 0xff, 0xff, 0xff, 0xff,
    0xff, 0xf1, 0x0, 0x5f, 0xff, 0xff, 0xa0, 0x0,
    0x0, 0x0, 0x0, 0x1, 0x39, 0xef, 0xff, 0xff,
    0xf9, 0x0, 0x5f, 0xff, 0xff, 0xa0, 0x0, 0x0,
    0x0, 0x0, 0x0, 0x0, 0x2e, 0xff, 0xff, 0xfe,
    0x0, 0x5f, 0xff, 0xff, 0xa0, 0x0, 0x0, 0x0,
    0x0, 0x0, 0x0, 0x4, 0xff, 0xff, 0xff, 0x20,
    0x5f, 0xff, 0xff, 0xa0, 0x0, 0x0, 0x0, 0x0,
    0x0, 0x0, 0x0, 0xef, 0xff, 0xff, 0x40, 0x5f,
    0xff, 0xff, 0xa0, 0x0, 0x0, 0x0, 0x0, 0x0,
    0x0, 0x0, 0xbf, 0xff, 0xff, 0x50, 0x5f, 0xff,
    0xff, 0xa0, 0x0, 0x0, 0x0, 0x0, 0x0, 0x0,
    0x0, 0xbf, 0xff, 0xff, 0x40, 0x5f, 0xff, 0xff,
    0xa0, 0x0, 0x0, 0x0, 0x0, 0x0, 0x0, 0x0,
    0xdf, 0xff, 0xff, 0x20, 0x5f, 0xff, 0xff, 0xa0,
    0x0, 0x0, 0x0, 0x0, 0x0, 0x0, 0x0, 0xff,
    0xff, 0xff, 0x0, 0x5f, 0xff, 0xff, 0xa0, 0x0,
    0x0, 0x0, 0x0, 0x0, 0x0, 0x7, 0xff, 0xff,
    0xfa, 0x0, 0x5f, 0xff, 0xff, 0xa0, 0x0, 0x0,
    0x0, 0x0, 0x0, 0x0, 0x3f, 0xff, 0xff, 0xf2,
    0x0, 0x5f, 0xff, 0xff, 0xa0, 0x0, 0x0, 0x0,
    0x0, 0x2, 0x49, 0xff, 0xff, 0xff, 0x80, 0x0,
    0x5f, 0xff, 0xff, 0xff, 0xff, 0xff, 0xff, 0xff,
    0xff, 0xff, 0xff, 0xff, 0xfb, 0x0, 0x0, 0x5f,
    0xff, 0xff, 0xff, 0xff, 0xff, 0xff, 0xff, 0xff,
    0xff, 0xff, 0xff, 0x70, 0x0, 0x0, 0x5f, 0xff,
    0xff, 0xff, 0xff, 0xff, 0xff, 0xff, 0xff, 0xff,
    0xff, 0xe5, 0x0, 0x0, 0x0, 0x5f, 0xff, 0xff,
    0xff, 0xff, 0xff, 0xff, 0xff, 0xff, 0xff, 0xff,
    0xff, 0xd3, 0x0, 0x0, 0x5f, 0xff, 0xff, 0xea,
    0xaa, 0xaa, 0xaa, 0xaa, 0xbd, 0xff, 0xff, 0xff,
    0xff, 0x20, 0x0, 0x5f, 0xff, 0xff, 0xa0, 0x0,
    0x0, 0x0, 0x0, 0x0, 0x19, 0xff, 0xff, 0xff,
    0xb0, 0x0, 0x5f, 0xff, 0xff, 0xa0, 0x0, 0x0,
    0x0, 0x0, 0x0, 0x0, 0x6f, 0xff, 0xff, 0xf3,
    0x0, 0x5f, 0xff, 0xff, 0xa0, 0x0, 0x0, 0x0,
    0x0, 0x0, 0x0, 0xc, 0xff, 0xff, 0xf8, 0x0,
    0x5f, 0xff, 0xff, 0xa0, 0x0, 0x0, 0x0, 0x0,
    0x0, 0x0, 0x5, 0xff, 0xff, 0xfa, 0x0, 0x5f,
    0xff, 0xff, 0xa0, 0x0, 0x0, 0x0, 0x0, 0x0,
    0x0, 0x1, 0xff, 0xff, 0xfb, 0x0, 0x5f, 0xff,
    0xff, 0xa0, 0x0, 0x0, 0x0, 0x0, 0x0, 0x0,
    0x0, 0xef, 0xff, 0xfc, 0x0, 0x5f, 0xff, 0xff,
    0xa0, 0x0, 0x0, 0x0, 0x0, 0x0, 0x0, 0x0,
    0xcf, 0xff, 0xfd, 0x0, 0x5f, 0xff, 0xff, 0xa0,
    0x0, 0x0, 0x0, 0x0, 0x0, 0x0, 0x0, 0xbf,
    0xff, 0xfd, 0x0, 0x5f, 0xff, 0xff, 0xa0, 0x0,
    0x0, 0x0, 0x0, 0x0, 0x0, 0x0, 0xbf, 0xff,
    0xff, 0x0, 0x5f, 0xff, 0xff, 0xa0, 0x0, 0x0,
    0x0, 0x0, 0x0, 0x0, 0x0, 0xaf, 0xff, 0xff,
    0x10, 0x5f, 0xff, 0xff, 0xa0, 0x0, 0x0, 0x0,
    0x0, 0x0, 0x0, 0x0, 0xaf, 0xff, 0xff, 0x30,
    0x5f, 0xff, 0xff, 0xa0, 0x0, 0x0, 0x0, 0x0,
    0x0, 0x0, 0x0, 0x9f, 0xff, 0xff, 0x70, 0x5f,
    0xff, 0xff, 0xa0, 0x0, 0x0, 0x0, 0x0, 0x0,
    0x0, 0x0, 0x6f, 0xff, 0xff, 0xc0, 0x5f, 0xff,
    0xff, 0xa0, 0x0, 0x0, 0x0, 0x0, 0x0, 0x0,
    0x0, 0x1f, 0xff, 0xff, 0xf5,

    /* U+0053 "S" */
    0x0, 0x0, 0x0, 0x0, 0x3, 0x7b, 0xde, 0xfe,
    0xdb, 0x73, 0x0, 0x0, 0x0, 0x0, 0x0, 0x0,
    0x0, 0x0, 0x7e, 0xff, 0xff, 0xff, 0xff, 0xff,
    0xfd, 0x70, 0x0, 0x0, 0x0, 0x0, 0x0, 0x4,
    0xef, 0xff, 0xff, 0xff, 0xff, 0xff, 0xff, 0xff,
    0xd3, 0x0, 0x0, 0x0, 0x0, 0x5, 0xff, 0xff,
    0xff, 0xff, 0xff, 0xff, 0xff, 0xff, 0xff, 0xf5,
    0x0, 0x0, 0x0, 0x3, 0xff, 0xff, 0xff, 0xff,
    0xff, 0xff, 0xff, 0xff, 0xff, 0xff, 0xf4, 0x0,
    0x0, 0x0, 0xdf, 0xff, 0xff, 0xfc, 0x62, 0x10,
    0x24, 0x9f, 0xff, 0xff, 0xff, 0xe0, 0x0, 0x0,
    0x5f, 0xff, 0xff, 0xf6, 0x0, 0x0, 0x0, 0x0,
    0x1a, 0xff, 0xff, 0xff, 0x80, 0x0, 0xb, 0xff,
    0xff, 0xf6, 0x0, 0x0, 0x0, 0x0, 0x0, 0xc,
    0xff, 0xff, 0xfe, 0x0, 0x0, 0xff, 0xff, 0xff,
    0x0, 0x0, 0x0, 0x0, 0x0, 0x0, 0x1f, 0xff,
    0xff, 0xf3, 0x0, 0xf, 0xff, 0xff, 0xe0, 0x0,
    0x0, 0x0, 0x0, 0x0, 0x0, 0xbf, 0xff, 0xff,
    0x60, 0x1, 0xff, 0xff, 0xff, 0x0, 0x0, 0x0,
    0x0, 0x0, 0x0, 0x8, 0xff, 0xff, 0xf7, 0x0,
    0xf, 0xff, 0xff, 0xf5, 0x0, 0x0, 0x0, 0x0,
    0x0, 0x0, 0x12, 0x22, 0x22, 0x10, 0x0, 0xdf,
    0xff, 0xff, 0xe3, 0x0, 0x0, 0x0, 0x0, 0x0,
    0x0, 0x0, 0x0, 0x0, 0x0, 0x8, 0xff, 0xff,
    0xff, 0xf9, 0x20, 0x0, 0x0, 0x0, 0x0, 0x0,
    0x0, 0x0, 0x0, 0x0, 0x2f, 0xff, 0xff, 0xff,
    0xff, 0xc8, 0x40, 0x0, 0x0, 0x0, 0x0, 0x0,
    0x0, 0x0, 0x0, 0x6f, 0xff, 0xff, 0xff, 0xff,
    0xff, 0xfb, 0x73, 0x0, 0x0, 0x0, 0x0, 0x0,
    0x0, 0x0, 0x8f, 0xff, 0xff, 0xff, 0xff, 0xff,
    0xff, 0xfe, 0xa5, 0x0, 0x0, 0x0, 0x0, 0x0,
    0x0, 0x5e, 0xff, 0xff, 0xff, 0xff, 0xff, 0xff,
    0xff, 0xfe, 0x70, 0x0, 0x0, 0x0, 0x0, 0x0,
    0x6, 0xcf, 0xff, 0xff, 0xff, 0xff, 0xff, 0xff,
    0xff, 0xe2, 0x0, 0x0, 0x0, 0x0, 0x0, 0x0,
    0x15, 0xae, 0xff, 0xff, 0xff, 0xff, 0xff, 0xff,
    0xe2, 0x0, 0x0, 0x0, 0x0, 0x0, 0x0, 0x0,
    0x3, 0x7b, 0xff, 0xff, 0xff, 0xff, 0xff, 0xe0,
    0x0, 0x0, 0x0, 0x0, 0x0, 0x0, 0x0, 0x0,
    0x0, 0x48, 0xef, 0xff, 0xff, 0xff, 0x60, 0x0,
    0x0, 0x0, 0x0, 0x0, 0x0, 0x0, 0x0, 0x0,
    0x0, 0x6f, 0xff, 0xff, 0xfe, 0x0, 0x0, 0x0,
    0x0, 0x0, 0x0, 0x0, 0x0, 0x0, 0x0, 0x0,
    0x5f, 0xff, 0xff, 0xf3, 0x5f, 0xff, 0xff, 0x90,
    0x0, 0x0, 0x0, 0x0, 0x0, 0x0, 0x0, 0xcf,
    0xff, 0xff, 0x54, 0xff, 0xff, 0xfb, 0x0, 0x0,
    0x0, 0x0, 0x0, 0x0, 0x0, 0x9, 0xff, 0xff,
    0xf7, 0x2f, 0xff, 0xff, 0xe0, 0x0, 0x0, 0x0,
    0x0, 0x0, 0x0, 0x0, 0x8f, 0xff, 0xff, 0x60,
    0xef, 0xff, 0xff, 0x40, 0x0, 0x0, 0x0, 0x0,
    0x0, 0x0, 0xb, 0xff, 0xff, 0xf4, 0x9, 0xff,
    0xff, 0xfd, 0x0, 0x0, 0x0, 0x0, 0x0, 0x0,
    0x2, 0xff, 0xff, 0xff, 0x10, 0x4f, 0xff, 0xff,
    0xfc, 0x10, 0x0, 0x0, 0x0, 0x0, 0x0, 0xdf,
    0xff, 0xff, 0xb0, 0x0, 0xbf, 0xff, 0xff, 0xff,
    0x81, 0x0, 0x0, 0x0, 0x4, 0xdf, 0xff, 0xff,
    0xf5, 0x0, 0x1, 0xff, 0xff, 0xff, 0xff, 0xfc,
    0xa9, 0x88, 0xbe, 0xff, 0xff, 0xff, 0xfa, 0x0,
    0x0, 0x3, 0xff, 0xff, 0xff, 0xff, 0xff, 0xff,
    0xff, 0xff, 0xff, 0xff, 0xfd, 0x0, 0x0, 0x0,
    0x3, 0xef, 0xff, 0xff, 0xff, 0xff, 0xff, 0xff,
    0xff, 0xff, 0xfb, 0x0, 0x0, 0x0, 0x0, 0x0,
    0x9f, 0xff, 0xff, 0xff, 0xff, 0xff, 0xff, 0xff,
    0xe6, 0x0, 0x0, 0x0, 0x0, 0x0, 0x0, 0x16,
    0xcf, 0xff, 0xff, 0xff, 0xff, 0xfb, 0x50, 0x0,
    0x0, 0x0, 0x0, 0x0, 0x0, 0x0, 0x0, 0x3,
    0x56, 0x77, 0x65, 0x20, 0x0, 0x0, 0x0, 0x0,
    0x0,

    /* U+0054 "T" */
    0x9f, 0xff, 0xff, 0xff, 0xff, 0xff, 0xff, 0xff,
    0xff, 0xff, 0xff, 0xff, 0xff, 0xff, 0x19, 0xff,
    0xff, 0xff, 0xff, 0xff, 0xff, 0xff, 0xff, 0xff,
    0xff, 0xff, 0xff, 0xff, 0xf1, 0x9f, 0xff, 0xff,
    0xff, 0xff, 0xff, 0xff, 0xff, 0xff, 0xff, 0xff,
    0xff, 0xff, 0xff, 0x19, 0xff, 0xff, 0xff, 0xff,
    0xff, 0xff, 0xff, 0xff, 0xff, 0xff, 0xff, 0xff,
    0xff, 0xf1, 0x9f, 0xff, 0xff, 0xff, 0xff, 0xff,
    0xff, 0xff, 0xff, 0xff, 0xff, 0xff, 0xff, 0xff,
    0x12, 0x44, 0x44, 0x44, 0x44, 0x44, 0xdf, 0xff,
    0xff, 0x74, 0x44, 0x44, 0x44, 0x44, 0x40, 0x0,
    0x0, 0x0, 0x0, 0x0, 0xc, 0xff, 0xff, 0xf3,
    0x0, 0x0, 0x0, 0x0, 0x0, 0x0, 0x0, 0x0,
    0x0, 0x0, 0x0, 0xcf, 0xff, 0xff, 0x30, 0x0,
    0x0, 0x0, 0x0, 0x0, 0x0, 0x0, 0x0, 0x0,
    0x0, 0xc, 0xff, 0xff, 0xf3, 0x0, 0x0, 0x0,
    0x0, 0x0, 0x0, 0x0, 0x0, 0x0, 0x0, 0x0,
    0xcf, 0xff, 0xff, 0x30, 0x0, 0x0, 0x0, 0x0,
    0x0, 0x0, 0x0, 0x0, 0x0, 0x0, 0xc, 0xff,
    0xff, 0xf3, 0x0, 0x0, 0x0, 0x0, 0x0, 0x0,
    0x0, 0x0, 0x0, 0x0, 0x0, 0xcf, 0xff, 0xff,
    0x30, 0x0, 0x0, 0x0, 0x0, 0x0, 0x0, 0x0,
    0x0, 0x0, 0x0, 0xc, 0xff, 0xff, 0xf3, 0x0,
    0x0, 0x0, 0x0, 0x0, 0x0, 0x0, 0x0, 0x0,
    0x0, 0x0, 0xcf, 0xff, 0xff, 0x30, 0x0, 0x0,
    0x0, 0x0, 0x0, 0x0, 0x0, 0x0, 0x0, 0x0,
    0xc, 0xff, 0xff, 0xf3, 0x0, 0x0, 0x0, 0x0,
    0x0, 0x0, 0x0, 0x0, 0x0, 0x0, 0x0, 0xcf,
    0xff, 0xff, 0x30, 0x0, 0x0, 0x0, 0x0, 0x0,
    0x0, 0x0, 0x0, 0x0, 0x0, 0xc, 0xff, 0xff,
    0xf3, 0x0, 0x0, 0x0, 0x0, 0x0, 0x0, 0x0,
    0x0, 0x0, 0x0, 0x0, 0xcf, 0xff, 0xff, 0x30,
    0x0, 0x0, 0x0, 0x0, 0x0, 0x0, 0x0, 0x0,
    0x0, 0x0, 0xc, 0xff, 0xff, 0xf3, 0x0, 0x0,
    0x0, 0x0, 0x0, 0x0, 0x0, 0x0, 0x0, 0x0,
    0x0, 0xcf, 0xff, 0xff, 0x30, 0x0, 0x0, 0x0,
    0x0, 0x0, 0x0, 0x0, 0x0, 0x0, 0x0, 0xc,
    0xff, 0xff, 0xf3, 0x0, 0x0, 0x0, 0x0, 0x0,
    0x0, 0x0, 0x0, 0x0, 0x0, 0x0, 0xcf, 0xff,
    0xff, 0x30, 0x0, 0x0, 0x0, 0x0, 0x0, 0x0,
    0x0, 0x0, 0x0, 0x0, 0xc, 0xff, 0xff, 0xf3,
    0x0, 0x0, 0x0, 0x0, 0x0, 0x0, 0x0, 0x0,
    0x0, 0x0, 0x0, 0xcf, 0xff, 0xff, 0x30, 0x0,
    0x0, 0x0, 0x0, 0x0, 0x0, 0x0, 0x0, 0x0,
    0x0, 0xc, 0xff, 0xff, 0xf3, 0x0, 0x0, 0x0,
    0x0, 0x0, 0x0, 0x0, 0x0, 0x0, 0x0, 0x0,
    0xcf, 0xff, 0xff, 0x30, 0x0, 0x0, 0x0, 0x0,
    0x0, 0x0, 0x0, 0x0, 0x0, 0x0, 0xc, 0xff,
    0xff, 0xf3, 0x0, 0x0, 0x0, 0x0, 0x0, 0x0,
    0x0, 0x0, 0x0, 0x0, 0x0, 0xcf, 0xff, 0xff,
    0x30, 0x0, 0x0, 0x0, 0x0, 0x0, 0x0, 0x0,
    0x0, 0x0, 0x0, 0xc, 0xff, 0xff, 0xf3, 0x0,
    0x0, 0x0, 0x0, 0x0, 0x0, 0x0, 0x0, 0x0,
    0x0, 0x0, 0xcf, 0xff, 0xff, 0x30, 0x0, 0x0,
    0x0, 0x0, 0x0, 0x0, 0x0, 0x0, 0x0, 0x0,
    0xc, 0xff, 0xff, 0xf3, 0x0, 0x0, 0x0, 0x0,
    0x0, 0x0, 0x0, 0x0, 0x0, 0x0, 0x0, 0xcf,
    0xff, 0xff, 0x30, 0x0, 0x0, 0x0, 0x0, 0x0,
    0x0, 0x0, 0x0, 0x0, 0x0, 0xc, 0xff, 0xff,
    0xf3, 0x0, 0x0, 0x0, 0x0, 0x0, 0x0, 0x0,
    0x0, 0x0, 0x0, 0x0, 0xcf, 0xff, 0xff, 0x30,
    0x0, 0x0, 0x0, 0x0, 0x0, 0x0, 0x0, 0x0,
    0x0, 0x0, 0xc, 0xff, 0xff, 0xf3, 0x0, 0x0,
    0x0, 0x0, 0x0, 0x0,

    /* U+0055 "U" */
    0xbf, 0xff, 0xff, 0x40, 0x0, 0x0, 0x0, 0x0,
    0x0, 0x0, 0x0, 0x9f, 0xff, 0xff, 0x6b, 0xff,
    0xff, 0xf4, 0x0, 0x0, 0x0, 0x0, 0x0, 0x0,
    0x0, 0x9, 0xff, 0xff, 0xf6, 0xbf, 0xff, 0xff,
    0x40, 0x0, 0x0, 0x0, 0x0, 0x0, 0x0, 0x0,
    0x9f, 0xff, 0xff, 0x6b, 0xff, 0xff, 0xf4, 0x0,
    0x0, 0x0, 0x0, 0x0, 0x0, 0x0, 0x9, 0xff,
    0xff, 0xf6, 0xbf, 0xff, 0xff, 0x40, 0x0, 0x0,
    0x0, 0x0, 0x0, 0x0, 0x0, 0x9f, 0xff, 0xff,
    0x6b, 0xff, 0xff, 0xf4, 0x0, 0x0, 0x0, 0x0,
    0x0, 0x0, 0x0, 0x9, 0xff, 0xff, 0xf6, 0xbf,
    0xff, 0xff, 0x40, 0x0, 0x0, 0x0, 0x0, 0x0,
    0x0, 0x0, 0x9f, 0xff, 0xff, 0x6b, 0xff, 0xff,
    0xf4, 0x0, 0x0, 0x0, 0x0, 0x0, 0x0, 0x0,
    0x9, 0xff, 0xff, 0xf6, 0xbf, 0xff, 0xff, 0x40,
    0x0, 0x0, 0x0, 0x0, 0x0, 0x0, 0x0, 0x9f,
    0xff, 0xff, 0x6b, 0xff, 0xff, 0xf4, 0x0, 0x0,
    0x0, 0x0, 0x0, 0x0, 0x0, 0x9, 0xff, 0xff,
    0xf6, 0xbf, 0xff, 0xff, 0x40, 0x0, 0x0, 0x0,
    0x0, 0x0, 0x0, 0x0, 0x9f, 0xff, 0xff, 0x6b,
    0xff, 0xff, 0xf4, 0x0, 0x0, 0x0, 0x0, 0x0,
    0x0, 0x0, 0x9, 0xff, 0xff, 0xf6, 0xbf, 0xff,
    0xff, 0x40, 0x0, 0x0, 0x0, 0x0, 0x0, 0x0,
    0x0, 0x9f, 0xff, 0xff, 0x6b, 0xff, 0xff, 0xf4,
    0x0, 0x0, 0x0, 0x0, 0x0, 0x0, 0x0, 0x9,
    0xff, 0xff, 0xf6, 0xbf, 0xff, 0xff, 0x40, 0x0,
    0x0, 0x0, 0x0, 0x0, 0x0, 0x0, 0x9f, 0xff,
    0xff, 0x6b, 0xff, 0xff, 0xf4, 0x0, 0x0, 0x0,
    0x0, 0x0, 0x0, 0x0, 0x9, 0xff, 0xff, 0xf6,
    0xbf, 0xff, 0xff, 0x40, 0x0, 0x0, 0x0, 0x0,
    0x0, 0x0, 0x0, 0x9f, 0xff, 0xff, 0x6b, 0xff,
    0xff, 0xf4, 0x0, 0x0, 0x0, 0x0, 0x0, 0x0,
    0x0, 0x9, 0xff, 0xff, 0xf6, 0xbf, 0xff, 0xff,
    0x40, 0x0, 0x0, 0x0, 0x0, 0x0, 0x0, 0x0,
    0x9f, 0xff, 0xff, 0x6b, 0xff, 0xff, 0xf4, 0x0,
    0x0, 0x0, 0x0, 0x0, 0x0, 0x0, 0x9, 0xff,
    0xff, 0xf6, 0xbf, 0xff, 0xff, 0x40, 0x0, 0x0,
    0x0, 0x0, 0x0, 0x0, 0x0, 0xaf, 0xff, 0xff,
    0x6b, 0xff, 0xff, 0xf5, 0x0, 0x0, 0x0, 0x0,
    0x0, 0x0, 0x0, 0xa, 0xff, 0xff, 0xf6, 0xbf,
    0xff, 0xff, 0x50, 0x0, 0x0, 0x0, 0x0, 0x0,
    0x0, 0x0, 0xbf, 0xff, 0xff, 0x5a, 0xff, 0xff,
    0xf6, 0x0, 0x0, 0x0, 0x0, 0x0, 0x0, 0x0,
    0xc, 0xff, 0xff, 0xf4, 0x8f, 0xff, 0xff, 0x80,
    0x0, 0x0, 0x0, 0x0, 0x0, 0x0, 0x0, 0xff,
    0xff, 0xff, 0x36, 0xff, 0xff, 0xfc, 0x0, 0x0,
    0x0, 0x0, 0x0, 0x0, 0x0, 0x2f, 0xff, 0xff,
    0xf1, 0x2f, 0xff, 0xff, 0xf2, 0x0, 0x0, 0x0,
    0x0, 0x0, 0x0, 0x9, 0xff, 0xff, 0xfd, 0x0,
    0xef, 0xff, 0xff, 0xc0, 0x0, 0x0, 0x0, 0x0,
    0x0, 0x3, 0xff, 0xff, 0xff, 0x80, 0x7, 0xff,
    0xff, 0xff, 0xa0, 0x0, 0x0, 0x0, 0x0, 0x3,
    0xef, 0xff, 0xff, 0xf2, 0x0, 0xe, 0xff, 0xff,
    0xff, 0xd6, 0x10, 0x0, 0x0, 0x39, 0xff, 0xff,
    0xff, 0xf9, 0x0, 0x0, 0x5f, 0xff, 0xff, 0xff,
    0xff, 0xed, 0xce, 0xff, 0xff, 0xff, 0xff, 0xfe,
    0x10, 0x0, 0x0, 0x8f, 0xff, 0xff, 0xff, 0xff,
    0xff, 0xff, 0xff, 0xff, 0xff, 0xff, 0x20, 0x0,
    0x0, 0x0, 0x7f, 0xff, 0xff, 0xff, 0xff, 0xff,
    0xff, 0xff, 0xff, 0xfd, 0x30, 0x0, 0x0, 0x0,
    0x0, 0x3c, 0xff, 0xff, 0xff, 0xff, 0xff, 0xff,
    0xff, 0xf9, 0x0, 0x0, 0x0, 0x0, 0x0, 0x0,
    0x3, 0xae, 0xff, 0xff, 0xff, 0xff, 0xfc, 0x71,
    0x0, 0x0, 0x0, 0x0, 0x0, 0x0, 0x0, 0x0,
    0x1, 0x56, 0x77, 0x65, 0x40, 0x0, 0x0, 0x0,
    0x0, 0x0,

    /* U+0056 "V" */
    0x1f, 0xff, 0xff, 0xf2, 0x0, 0x0, 0x0, 0x0,
    0x0, 0x0, 0x0, 0x0, 0xbf, 0xff, 0xff, 0x60,
    0xbf, 0xff, 0xff, 0x70, 0x0, 0x0, 0x0, 0x0,
    0x0, 0x0, 0x0, 0xf, 0xff, 0xff, 0xf1, 0x6,
    0xff, 0xff, 0xfc, 0x0, 0x0, 0x0, 0x0, 0x0,
    0x0, 0x0, 0x5, 0xff, 0xff, 0xfb, 0x0, 0x1f,
    0xff, 0xff, 0xf1, 0x0, 0x0, 0x0, 0x0, 0x0,
    0x0, 0x0, 0xaf, 0xff, 0xff, 0x60, 0x0, 0xcf,
    0xff, 0xff, 0x60, 0x0, 0x0, 0x0, 0x0, 0x0,
    0x0, 0xe, 0xff, 0xff, 0xf1, 0x0, 0x7, 0xff,
    0xff, 0xfb, 0x0, 0x0, 0x0, 0x0, 0x0, 0x0,
    0x4, 0xff, 0xff, 0xfb, 0x0, 0x0, 0x1f, 0xff,
    0xff, 0xf0, 0x0, 0x0, 0x0, 0x0, 0x0, 0x0,
    0x9f, 0xff, 0xff, 0x60, 0x0, 0x0, 0xcf, 0xff,
    0xff, 0x50, 0x0, 0x0, 0x0, 0x0, 0x0, 0xe,
    0xff, 0xff, 0xf1, 0x0, 0x0, 0x7, 0xff, 0xff,
    0xfa, 0x0, 0x0, 0x0, 0x0, 0x0, 0x3, 0xff,
    0xff, 0xfb, 0x0, 0x0, 0x0, 0x2f, 0xff, 0xff,
    0xe0, 0x0, 0x0, 0x0, 0x0, 0x0, 0x8f, 0xff,
    0xff, 0x60, 0x0, 0x0, 0x0, 0xcf, 0xff, 0xff,
    0x40, 0x0, 0x0, 0x0, 0x0, 0xd, 0xff, 0xff,
    0xf1, 0x0, 0x0, 0x0, 0x7, 0xff, 0xff, 0xf9,
    0x0, 0x0, 0x0, 0x0, 0x2, 0xff, 0xff, 0xfb,
    0x0, 0x0, 0x0, 0x0, 0x2f, 0xff, 0xff, 0xd0,
    0x0, 0x0, 0x0, 0x0, 0x7f, 0xff, 0xff, 0x60,
    0x0, 0x0, 0x0, 0x0, 0xdf, 0xff, 0xff, 0x20,
    0x0, 0x0, 0x0, 0xc, 0xff, 0xff, 0xf1, 0x0,
    0x0, 0x0, 0x0, 0x8, 0xff, 0xff, 0xf7, 0x0,
    0x0, 0x0, 0x2, 0xff, 0xff, 0xfb, 0x0, 0x0,
    0x0, 0x0, 0x0, 0x2f, 0xff, 0xff, 0xc0, 0x0,
    0x0, 0x0, 0x7f, 0xff, 0xff, 0x60, 0x0, 0x0,
    0x0, 0x0, 0x0, 0xdf, 0xff, 0xff, 0x10, 0x0,
    0x0, 0xc, 0xff, 0xff, 0xf1, 0x0, 0x0, 0x0,
    0x0, 0x0, 0x8, 0xff, 0xff, 0xf6, 0x0, 0x0,
    0x1, 0xff, 0xff, 0xfb, 0x0, 0x0, 0x0, 0x0,
    0x0, 0x0, 0x3f, 0xff, 0xff, 0xb0, 0x0, 0x0,
    0x6f, 0xff, 0xff, 0x50, 0x0, 0x0, 0x0, 0x0,
    0x0, 0x0, 0xdf, 0xff, 0xff, 0x10, 0x0, 0xb,
    0xff, 0xff, 0xf1, 0x0, 0x0, 0x0, 0x0, 0x0,
    0x0, 0x8, 0xff, 0xff, 0xf5, 0x0, 0x0, 0xff,
    0xff, 0xfb, 0x0, 0x0, 0x0, 0x0, 0x0, 0x0,
    0x0, 0x3f, 0xff, 0xff, 0xa0, 0x0, 0x5f, 0xff,
    0xff, 0x50, 0x0, 0x0, 0x0, 0x0, 0x0, 0x0,
    0x0, 0xef, 0xff, 0xff, 0x0, 0xa, 0xff, 0xff,
    0xf1, 0x0, 0x0, 0x0, 0x0, 0x0, 0x0, 0x0,
    0x9, 0xff, 0xff, 0xf4, 0x0, 0xff, 0xff, 0xfb,
    0x0, 0x0, 0x0, 0x0, 0x0, 0x0, 0x0, 0x0,
    0x3f, 0xff, 0xff, 0x90, 0x4f, 0xff, 0xff, 0x50,
    0x0, 0x0, 0x0, 0x0, 0x0, 0x0, 0x0, 0x0,
    0xef, 0xff, 0xfe, 0x9, 0xff, 0xff, 0xf0, 0x0,
    0x0, 0x0, 0x0, 0x0, 0x0, 0x0, 0x0, 0x9,
    0xff, 0xff, 0xf3, 0xef, 0xff, 0xfb, 0x0, 0x0,
    0x0, 0x0, 0x0, 0x0, 0x0, 0x0, 0x0, 0x4f,
    0xff, 0xff, 0xcf, 0xff, 0xff, 0x50, 0x0, 0x0,
    0x0, 0x0, 0x0, 0x0, 0x0, 0x0, 0x0, 0xef,
    0xff, 0xff, 0xff, 0xff, 0xf0, 0x0, 0x0, 0x0,
    0x0, 0x0, 0x0, 0x0, 0x0, 0x0, 0x9, 0xff,
    0xff, 0xff, 0xff, 0xfb, 0x0, 0x0, 0x0, 0x0,
    0x0, 0x0, 0x0, 0x0, 0x0, 0x0, 0x4f, 0xff,
    0xff, 0xff, 0xff, 0x50, 0x0, 0x0, 0x0, 0x0,
    0x0, 0x0, 0x0, 0x0, 0x0, 0x0, 0xef, 0xff,
    0xff, 0xff, 0xf0, 0x0, 0x0, 0x0, 0x0, 0x0,
    0x0, 0x0, 0x0, 0x0, 0x0, 0xa, 0xff, 0xff,
    0xff, 0xfb, 0x0, 0x0, 0x0, 0x0, 0x0, 0x0,
    0x0, 0x0, 0x0, 0x0, 0x0, 0x4f, 0xff, 0xff,
    0xff, 0x50, 0x0, 0x0, 0x0, 0x0, 0x0, 0x0,
    0x0, 0x0, 0x0, 0x0, 0x0, 0xff, 0xff, 0xff,
    0xf0, 0x0, 0x0, 0x0, 0x0, 0x0, 0x0,

    /* U+0057 "W" */
    0x9f, 0xff, 0xff, 0x80, 0x0, 0x0, 0x0, 0x0,
    0x0, 0x8, 0xff, 0xff, 0xfd, 0x0, 0x0, 0x0,
    0x0, 0x0, 0x0, 0x3f, 0xff, 0xff, 0xe0, 0x5f,
    0xff, 0xff, 0xb0, 0x0, 0x0, 0x0, 0x0, 0x0,
    0xc, 0xff, 0xff, 0xff, 0x10, 0x0, 0x0, 0x0,
    0x0, 0x0, 0x6f, 0xff, 0xff, 0x90, 0x1f, 0xff,
    0xff, 0xf0, 0x0, 0x0, 0x0, 0x0, 0x0, 0x1f,
    0xff, 0xff, 0xff, 0x50, 0x0, 0x0, 0x0, 0x0,
    0x0, 0xaf, 0xff, 0xff, 0x50, 0xd, 0xff, 0xff,
    0xf3, 0x0, 0x0, 0x0, 0x0, 0x0, 0x5f, 0xff,
    0xff, 0xff, 0x90, 0x0, 0x0, 0x0, 0x0, 0x0,
    0xef, 0xff, 0xff, 0x10, 0x8, 0xff, 0xff, 0xf6,
    0x0, 0x0, 0x0, 0x0, 0x0, 0x9f, 0xff, 0xff,
    0xff, 0xd0, 0x0, 0x0, 0x0, 0x0, 0x2, 0xff,
    0xff, 0xfc, 0x0, 0x4, 0xff, 0xff, 0xfa, 0x0,
    0x0, 0x0, 0x0, 0x0, 0xdf, 0xff, 0xff, 0xff,
    0xf1, 0x0, 0x0, 0x0, 0x0, 0x6, 0xff, 0xff,
    0xf8, 0x0, 0x0, 0xff, 0xff, 0xfe, 0x0, 0x0,
    0x0, 0x0, 0x1, 0xff, 0xff, 0xff, 0xff, 0xf5,
    0x0, 0x0, 0x0, 0x0, 0xa, 0xff, 0xff, 0xf4,
    0x0, 0x0, 0xcf, 0xff, 0xff, 0x10, 0x0, 0x0,
    0x0, 0x5, 0xff, 0xff, 0xff, 0xff, 0xf9, 0x0,
    0x0, 0x0, 0x0, 0xd, 0xff, 0xff, 0xf0, 0x0,
    0x0, 0x8f, 0xff, 0xff, 0x50, 0x0, 0x0, 0x0,
    0x9, 0xff, 0xff, 0xcf, 0xff, 0xfd, 0x0, 0x0,
    0x0, 0x0, 0x1f, 0xff, 0xff, 0xb0, 0x0, 0x0,
    0x4f, 0xff, 0xff, 0x90, 0x0, 0x0, 0x0, 0xd,
    0xff, 0xff, 0x4f, 0xff, 0xff, 0x10, 0x0, 0x0,
    0x0, 0x5f, 0xff, 0xff, 0x70, 0x0, 0x0, 0xf,
    0xff, 0xff, 0xd0, 0x0, 0x0, 0x0, 0x2f, 0xff,
    0xfe, 0xc, 0xff, 0xff, 0x50, 0x0, 0x0, 0x0,
    0x9f, 0xff, 0xff, 0x30, 0x0, 0x0, 0xc, 0xff,
    0xff, 0xf0, 0x0, 0x0, 0x0, 0x6f, 0xff, 0xfa,
    0x8, 0xff, 0xff, 0x90, 0x0, 0x0, 0x0, 0xdf,
    0xff, 0xfe, 0x0, 0x0, 0x0, 0x7, 0xff, 0xff,
    0xf4, 0x0, 0x0, 0x0, 0xaf, 0xff, 0xf6, 0x4,
    0xff, 0xff, 0xd0, 0x0, 0x0, 0x1, 0xff, 0xff,
    0xfa, 0x0, 0x0, 0x0, 0x3, 0xff, 0xff, 0xf8,
    0x0, 0x0, 0x0, 0xef, 0xff, 0xf2, 0x0, 0xff,
    0xff, 0xf1, 0x0, 0x0, 0x4, 0xff, 0xff, 0xf6,
    0x0, 0x0, 0x0, 0x0, 0xff, 0xff, 0xfb, 0x0,
    0x0, 0x2, 0xff, 0xff, 0xd0, 0x0, 0xcf, 0xff,
    0xf5, 0x0, 0x0, 0x8, 0xff, 0xff, 0xf1, 0x0,
    0x0, 0x0, 0x0, 0xbf, 0xff, 0xff, 0x0, 0x0,
    0x6, 0xff, 0xff, 0x90, 0x0, 0x8f, 0xff, 0xf9,
    0x0, 0x0, 0xc, 0xff, 0xff, 0xd0, 0x0, 0x0,
    0x0, 0x0, 0x7f, 0xff, 0xff, 0x30, 0x0, 0xa,
    0xff, 0xff, 0x50, 0x0, 0x4f, 0xff, 0xfe, 0x0,
    0x0, 0xf, 0xff, 0xff, 0x90, 0x0, 0x0, 0x0,
    0x0, 0x3f, 0xff, 0xff, 0x60, 0x0, 0xe, 0xff,
    0xff, 0x10, 0x0, 0xf, 0xff, 0xff, 0x10, 0x0,
    0x3f, 0xff, 0xff, 0x40, 0x0, 0x0, 0x0, 0x0,
    0xe, 0xff, 0xff, 0xa0, 0x0, 0x3f, 0xff, 0xfd,
    0x0, 0x0, 0xc, 0xff, 0xff, 0x50, 0x0, 0x7f,
    0xff, 0xff, 0x0, 0x0, 0x0, 0x0, 0x0, 0xa,
    0xff, 0xff, 0xe0, 0x0, 0x7f, 0xff, 0xf8, 0x0,
    0x0, 0x8, 0xff, 0xff, 0xa0, 0x0, 0xbf, 0xff,
    0xfc, 0x0, 0x0, 0x0, 0x0, 0x0, 0x6, 0xff,
    0xff, 0xf2, 0x0, 0xbf, 0xff, 0xf4, 0x0, 0x0,
    0x3, 0xff, 0xff, 0xe0, 0x0, 0xff, 0xff, 0xf7,
    0x0, 0x0, 0x0, 0x0, 0x0, 0x2, 0xff, 0xff,
    0xf5, 0x0, 0xff, 0xff, 0xf0, 0x0, 0x0, 0x0,
    0xff, 0xff, 0xf2, 0x3, 0xff, 0xff, 0xf3, 0x0,
    0x0, 0x0, 0x0, 0x0, 0x0, 0xef, 0xff, 0xf9,
    0x3, 0xff, 0xff, 0xc0, 0x0, 0x0, 0x0, 0xbf,
    0xff, 0xf6, 0x7, 0xff, 0xff, 0xe0, 0x0, 0x0,
    0x0, 0x0, 0x0, 0x0, 0xaf, 0xff, 0xfd, 0x7,
    0xff, 0xff, 0x80, 0x0, 0x0, 0x0, 0x7f, 0xff,
    0xfa, 0xa, 0xff, 0xff, 0xa0, 0x0, 0x0, 0x0,
    0x0, 0x0, 0x0, 0x6f, 0xff, 0xff, 0xb, 0xff,
    0xff, 0x40, 0x0, 0x0, 0x0, 0x3f, 0xff, 0xfe,
    0xe, 0xff, 0xff, 0x60, 0x0, 0x0, 0x0, 0x0,
    0x0, 0x0, 0x2f, 0xff, 0xff, 0x5f, 0xff, 0xff,
    0x0, 0x0, 0x0, 0x0, 0xf, 0xff, 0xff, 0x4f,
    0xff, 0xff, 0x20, 0x0, 0x0, 0x0, 0x0, 0x0,
    0x0, 0xe, 0xff, 0xff, 0xcf, 0xff, 0xfb, 0x0,
    0x0, 0x0, 0x0, 0xb, 0xff, 0xff, 0xcf, 0xff,
    0xfd, 0x0, 0x0, 0x0, 0x0, 0x0, 0x0, 0x0,
    0x9, 0xff, 0xff, 0xff, 0xff, 0xf7, 0x0, 0x0,
    0x0, 0x0, 0x7, 0xff, 0xff, 0xff, 0xff, 0xf9,
    0x0, 0x0, 0x0, 0x0, 0x0, 0x0, 0x0, 0x5,
    0xff, 0xff, 0xff, 0xff, 0xf3, 0x0, 0x0, 0x0,
    0x0, 0x3, 0xff, 0xff, 0xff, 0xff, 0xf5, 0x0,
    0x0, 0x0, 0x0, 0x0, 0x0, 0x0, 0x1, 0xff,
    0xff, 0xff, 0xff, 0xe0, 0x0, 0x0, 0x0, 0x0,
    0x0, 0xef, 0xff, 0xff, 0xff, 0xf1, 0x0, 0x0,
    0x0, 0x0, 0x0, 0x0, 0x0, 0x0, 0xdf, 0xff,
    0xff, 0xff, 0xa0, 0x0, 0x0, 0x0, 0x0, 0x0,
    0xaf, 0xff, 0xff, 0xff, 0xc0, 0x0, 0x0, 0x0,
    0x0, 0x0, 0x0, 0x0, 0x0, 0x9f, 0xff, 0xff,
    0xff, 0x60, 0x0, 0x0, 0x0, 0x0, 0x0, 0x6f,
    0xff, 0xff, 0xff, 0x80, 0x0, 0x0, 0x0, 0x0,
    0x0, 0x0, 0x0, 0x0, 0x5f, 0xff, 0xff, 0xff,
    0x20, 0x0, 0x0, 0x0, 0x0, 0x0, 0x2f, 0xff,
    0xff, 0xff, 0x30, 0x0, 0x0, 0x0, 0x0, 0x0,
    0x0, 0x0, 0x0, 0x1f, 0xff, 0xff, 0xfe, 0x0,
    0x0, 0x0, 0x0, 0x0, 0x0, 0xe, 0xff, 0xff,
    0xff, 0x0, 0x0, 0x0, 0x0, 0x0, 0x0, 0x0,
    0x0, 0x0, 0xd, 0xff, 0xff, 0xfa, 0x0, 0x0,
    0x0, 0x0, 0x0, 0x0, 0xa, 0xff, 0xff, 0xfb,
    0x0, 0x0, 0x0, 0x0, 0x0,

    /* U+0058 "X" */
    0x1, 0xef, 0xff, 0xff, 0xf2, 0x0, 0x0, 0x0,
    0x0, 0x0, 0x0, 0x0, 0x9f, 0xff, 0xff, 0xf2,
    0x0, 0x5, 0xff, 0xff, 0xff, 0xc0, 0x0, 0x0,
    0x0, 0x0, 0x0, 0x0, 0x4f, 0xff, 0xff, 0xf6,
    0x0, 0x0, 0xa, 0xff, 0xff, 0xff, 0x60, 0x0,
    0x0, 0x0, 0x0, 0x0, 0xe, 0xff, 0xff, 0xfb,
    0x0, 0x0, 0x0, 0x1e, 0xff, 0xff, 0xfe, 0x10,
    0x0, 0x0, 0x0, 0x0, 0x9, 0xff, 0xff, 0xff,
    0x20, 0x0, 0x0, 0x0, 0x4f, 0xff, 0xff, 0xfa,
    0x0, 0x0, 0x0, 0x0, 0x3, 0xff, 0xff, 0xff,
    0x60, 0x0, 0x0, 0x0, 0x0, 0xaf, 0xff, 0xff,
    0xf4, 0x0, 0x0, 0x0, 0x0, 0xdf, 0xff, 0xff,
    0xb0, 0x0, 0x0, 0x0, 0x0, 0x1, 0xef, 0xff,
    0xff, 0xd0, 0x0, 0x0, 0x0, 0x8f, 0xff, 0xff,
    0xf1, 0x0, 0x0, 0x0, 0x0, 0x0, 0x4, 0xff,
    0xff, 0xff, 0x80, 0x0, 0x0, 0x3f, 0xff, 0xff,
    0xf6, 0x0, 0x0, 0x0, 0x0, 0x0, 0x0, 0x9,
    0xff, 0xff, 0xff, 0x20, 0x0, 0xd, 0xff, 0xff,
    0xfb, 0x0, 0x0, 0x0, 0x0, 0x0, 0x0, 0x0,
    0xe, 0xff, 0xff, 0xfc, 0x0, 0x8, 0xff, 0xff,
    0xff, 0x10, 0x0, 0x0, 0x0, 0x0, 0x0, 0x0,
    0x0, 0x4f, 0xff, 0xff, 0xf6, 0x3, 0xff, 0xff,
    0xff, 0x60, 0x0, 0x0, 0x0, 0x0, 0x0, 0x0,
    0x0, 0x0, 0x9f, 0xff, 0xff, 0xf2, 0xdf, 0xff,
    0xff, 0xb0, 0x0, 0x0, 0x0, 0x0, 0x0, 0x0,
    0x0, 0x0, 0x0, 0xef, 0xff, 0xff, 0xef, 0xff,
    0xff, 0xe1, 0x0, 0x0, 0x0, 0x0, 0x0, 0x0,
    0x0, 0x0, 0x0, 0x4, 0xff, 0xff, 0xff, 0xff,
    0xff, 0xf5, 0x0, 0x0, 0x0, 0x0, 0x0, 0x0,
    0x0, 0x0, 0x0, 0x0, 0x9, 0xff, 0xff, 0xff,
    0xff, 0xfb, 0x0, 0x0, 0x0, 0x0, 0x0, 0x0,
    0x0, 0x0, 0x0, 0x0, 0x0, 0xd, 0xff, 0xff,
    0xff, 0xfe, 0x10, 0x0, 0x0, 0x0, 0x0, 0x0,
    0x0, 0x0, 0x0, 0x0, 0x0, 0x0, 0x4f, 0xff,
    0xff, 0xff, 0x50, 0x0, 0x0, 0x0, 0x0, 0x0,
    0x0, 0x0, 0x0, 0x0, 0x0, 0x0, 0x6, 0xff,
    0xff, 0xff, 0xf8, 0x0, 0x0, 0x0, 0x0, 0x0,
    0x0, 0x0, 0x0, 0x0, 0x0, 0x0, 0x2, 0xff,
    0xff, 0xff, 0xff, 0xf3, 0x0, 0x0, 0x0, 0x0,
    0x0, 0x0, 0x0, 0x0, 0x0, 0x0, 0x0, 0xcf,
    0xff, 0xff, 0xff, 0xff, 0xd0, 0x0, 0x0, 0x0,
    0x0, 0x0, 0x0, 0x0, 0x0, 0x0, 0x0, 0x7f,
    0xff, 0xff, 0xff, 0xff, 0xff, 0x80, 0x0, 0x0,
    0x0, 0x0, 0x0, 0x0, 0x0, 0x0, 0x0, 0x2f,
    0xff, 0xff, 0xfe, 0xff, 0xff, 0xff, 0x30, 0x0,
    0x0, 0x0, 0x0, 0x0, 0x0, 0x0, 0x0, 0xc,
    0xff, 0xff, 0xfd, 0x1e, 0xff, 0xff, 0xfd, 0x0,
    0x0, 0x0, 0x0, 0x0, 0x0, 0x0, 0x0, 0x7,
    0xff, 0xff, 0xff, 0x30, 0x6f, 0xff, 0xff, 0xf8,
    0x0, 0x0, 0x0, 0x0, 0x0, 0x0, 0x0, 0x2,
    0xff, 0xff, 0xff, 0x80, 0x0, 0xcf, 0xff, 0xff,
    0xf3, 0x0, 0x0, 0x0, 0x0, 0x0, 0x0, 0x0,
    0xcf, 0xff, 0xff, 0xd0, 0x0, 0x2, 0xff, 0xff,
    0xff, 0xd0, 0x0, 0x0, 0x0, 0x0, 0x0, 0x0,
    0x7f, 0xff, 0xff, 0xf3, 0x0, 0x0, 0x7, 0xff,
    0xff, 0xff, 0x80, 0x0, 0x0, 0x0, 0x0, 0x0,
    0x2f, 0xff, 0xff, 0xf9, 0x0, 0x0, 0x0, 0xd,
    0xff, 0xff, 0xff, 0x30, 0x0, 0x0, 0x0, 0x0,
    0xc, 0xff, 0xff, 0xfe, 0x0, 0x0, 0x0, 0x0,
    0x3f, 0xff, 0xff, 0xfd, 0x0, 0x0, 0x0, 0x0,
    0x7, 0xff, 0xff, 0xff, 0x40, 0x0, 0x0, 0x0,
    0x0, 0x8f, 0xff, 0xff, 0xf9, 0x0, 0x0, 0x0,
    0x2, 0xff, 0xff, 0xff, 0xa0, 0x0, 0x0, 0x0,
    0x0, 0x0, 0xef, 0xff, 0xff, 0xf3, 0x0, 0x0,
    0x0, 0xcf, 0xff, 0xff, 0xe1, 0x0, 0x0, 0x0,
    0x0, 0x0, 0x4, 0xff, 0xff, 0xff, 0xd0, 0x0,
    0x0, 0x7f, 0xff, 0xff, 0xf5, 0x0, 0x0, 0x0,
    0x0, 0x0, 0x0, 0xa, 0xff, 0xff, 0xff, 0x90,
    0x0, 0x2f, 0xff, 0xff, 0xfb, 0x0, 0x0, 0x0,
    0x0, 0x0, 0x0, 0x0, 0x1e, 0xff, 0xff, 0xff,
    0x40, 0xc, 0xff, 0xff, 0xff, 0x10, 0x0, 0x0,
    0x0, 0x0, 0x0, 0x0, 0x0, 0x5f, 0xff, 0xff,
    0xfd, 0x0,

    /* U+0059 "Y" */
    0x1e, 0xff, 0xff, 0xfe, 0x0, 0x0, 0x0, 0x0,
    0x0, 0x0, 0x0, 0x0, 0x9, 0xff, 0xff, 0xff,
    0x20, 0x6f, 0xff, 0xff, 0xf8, 0x0, 0x0, 0x0,
    0x0, 0x0, 0x0, 0x0, 0x3, 0xff, 0xff, 0xff,
    0x70, 0x0, 0xcf, 0xff, 0xff, 0xf2, 0x0, 0x0,
    0x0, 0x0, 0x0, 0x0, 0x0, 0xbf, 0xff, 0xff,
    0xd0, 0x0, 0x2, 0xff, 0xff, 0xff, 0xb0, 0x0,
    0x0, 0x0, 0x0, 0x0, 0x0, 0x5f, 0xff, 0xff,
    0xf4, 0x0, 0x0, 0x9, 0xff, 0xff, 0xff, 0x40,
    0x0, 0x0, 0x0, 0x0, 0x0, 0xd, 0xff, 0xff,
    0xfa, 0x0, 0x0, 0x0, 0xe, 0xff, 0xff, 0xfd,
    0x0, 0x0, 0x0, 0x0, 0x0, 0x7, 0xff, 0xff,
    0xff, 0x10, 0x0, 0x0, 0x0, 0x5f, 0xff, 0xff,
    0xf6, 0x0, 0x0, 0x0, 0x0, 0x1, 0xff, 0xff,
    0xff, 0x70, 0x0, 0x0, 0x0, 0x0, 0xbf, 0xff,
    0xff, 0xe1, 0x0, 0x0, 0x0, 0x0, 0x9f, 0xff,
    0xff, 0xd0, 0x0, 0x0, 0x0, 0x0, 0x2, 0xff,
    0xff, 0xff, 0x90, 0x0, 0x0, 0x0, 0x2f, 0xff,
    0xff, 0xf4, 0x0, 0x0, 0x0, 0x0, 0x0, 0x8,
    0xff, 0xff, 0xff, 0x20, 0x0, 0x0, 0xb, 0xff,
    0xff, 0xfa, 0x0, 0x0, 0x0, 0x0, 0x0, 0x0,
    0xe, 0xff, 0xff, 0xfb, 0x0, 0x0, 0x4, 0xff,
    0xff, 0xff, 0x10, 0x0, 0x0, 0x0, 0x0, 0x0,
    0x0, 0x5f, 0xff, 0xff, 0xf5, 0x0, 0x0, 0xdf,
    0xff, 0xff, 0x70, 0x0, 0x0, 0x0, 0x0, 0x0,
    0x0, 0x0, 0xbf, 0xff, 0xff, 0xd0, 0x0, 0x7f,
    0xff, 0xff, 0xd0, 0x0, 0x0, 0x0, 0x0, 0x0,
    0x0, 0x0, 0x2, 0xff, 0xff, 0xff, 0x70, 0x1e,
    0xff, 0xff, 0xf4, 0x0, 0x0, 0x0, 0x0, 0x0,
    0x0, 0x0, 0x0, 0x8, 0xff, 0xff, 0xff, 0x19,
    0xff, 0xff, 0xfa, 0x0, 0x0, 0x0, 0x0, 0x0,
    0x0, 0x0, 0x0, 0x0, 0xe, 0xff, 0xff, 0xfb,
    0xff, 0xff, 0xff, 0x10, 0x0, 0x0, 0x0, 0x0,
    0x0, 0x0, 0x0, 0x0, 0x0, 0x4f, 0xff, 0xff,
    0xff, 0xff, 0xff, 0x70, 0x0, 0x0, 0x0, 0x0,
    0x0, 0x0, 0x0, 0x0, 0x0, 0x0, 0xbf, 0xff,
    0xff, 0xff, 0xff, 0xd0, 0x0, 0x0, 0x0, 0x0,
    0x0, 0x0, 0x0, 0x0, 0x0, 0x0, 0x2, 0xff,
    0xff, 0xff, 0xff, 0xf4, 0x0, 0x0, 0x0, 0x0,
    0x0, 0x0, 0x0, 0x0, 0x0, 0x0, 0x0, 0x7,
    0xff, 0xff, 0xff, 0xfa, 0x0, 0x0, 0x0, 0x0,
    0x0, 0x0, 0x0, 0x0, 0x0, 0x0, 0x0, 0x0,
    0xd, 0xff, 0xff, 0xff, 0x10, 0x0, 0x0, 0x0,
    0x0, 0x0, 0x0, 0x0, 0x0, 0x0, 0x0, 0x0,
    0x0, 0x7f, 0xff, 0xff, 0x90, 0x0, 0x0, 0x0,
    0x0, 0x0, 0x0, 0x0, 0x0, 0x0, 0x0, 0x0,
    0x0, 0x6, 0xff, 0xff, 0xf9, 0x0, 0x0, 0x0,
    0x0, 0x0, 0x0, 0x0, 0x0, 0x0, 0x0, 0x0,
    0x0, 0x0, 0x6f, 0xff, 0xff, 0x90, 0x0, 0x0,
    0x0, 0x0, 0x0, 0x0, 0x0, 0x0, 0x0, 0x0,
    0x0, 0x0, 0x6, 0xff, 0xff, 0xf9, 0x0, 0x0,
    0x0, 0x0, 0x0, 0x0, 0x0, 0x0, 0x0, 0x0,
    0x0, 0x0, 0x0, 0x6f, 0xff, 0xff, 0x90, 0x0,
    0x0, 0x0, 0x0, 0x0, 0x0, 0x0, 0x0, 0x0,
    0x0, 0x0, 0x0, 0x6, 0xff, 0xff, 0xf9, 0x0,
    0x0, 0x0, 0x0, 0x0, 0x0, 0x0, 0x0, 0x0,
    0x0, 0x0, 0x0, 0x0, 0x6f, 0xff, 0xff, 0x90,
    0x0, 0x0, 0x0, 0x0, 0x0, 0x0, 0x0, 0x0,
    0x0, 0x0, 0x0, 0x0, 0x6, 0xff, 0xff, 0xf9,
    0x0, 0x0, 0x0, 0x0, 0x0, 0x0, 0x0, 0x0,
    0x0, 0x0, 0x0, 0x0, 0x0, 0x6f, 0xff, 0xff,
    0x90, 0x0, 0x0, 0x0, 0x0, 0x0, 0x0, 0x0,
    0x0, 0x0, 0x0, 0x0, 0x0, 0x6, 0xff, 0xff,
    0xf9, 0x0, 0x0, 0x0, 0x0, 0x0, 0x0, 0x0,
    0x0, 0x0, 0x0, 0x0, 0x0, 0x0, 0x6f, 0xff,
    0xff, 0x90, 0x0, 0x0, 0x0, 0x0, 0x0, 0x0,
    0x0, 0x0, 0x0, 0x0, 0x0, 0x0, 0x6, 0xff,
    0xff, 0xf9, 0x0, 0x0, 0x0, 0x0, 0x0, 0x0,
    0x0, 0x0, 0x0, 0x0, 0x0, 0x0, 0x0, 0x6f,
    0xff, 0xff, 0x90, 0x0, 0x0, 0x0, 0x0, 0x0,
    0x0, 0x0, 0x0, 0x0, 0x0, 0x0, 0x0, 0x6,
    0xff, 0xff, 0xf9, 0x0, 0x0, 0x0, 0x0, 0x0,
    0x0, 0x0,

    /* U+005A "Z" */
    0x5, 0xff, 0xff, 0xff, 0xff, 0xff, 0xff, 0xff,
    0xff, 0xff, 0xff, 0xff, 0xff, 0xfb, 0x0, 0x5f,
    0xff, 0xff, 0xff, 0xff, 0xff, 0xff, 0xff, 0xff,
    0xff, 0xff, 0xff, 0xff, 0xb0, 0x5, 0xff, 0xff,
    0xff, 0xff, 0xff, 0xff, 0xff, 0xff, 0xff, 0xff,
    0xff, 0xff, 0xfb, 0x0, 0x5f, 0xff, 0xff, 0xff,
    0xff, 0xff, 0xff, 0xff, 0xff, 0xff, 0xff, 0xff,
    0xff, 0xb0, 0x5, 0xff, 0xff, 0xff, 0xff, 0xff,
    0xff, 0xff, 0xff, 0xff, 0xff, 0xff, 0xff, 0xfa,
    0x0, 0x14, 0x44, 0x44, 0x44, 0x44, 0x44, 0x44,
    0x44, 0x44, 0x7f, 0xff, 0xff, 0xfe, 0x10, 0x0,
    0x0, 0x0, 0x0, 0x0, 0x0, 0x0, 0x0, 0x0,
    0xd, 0xff, 0xff, 0xff, 0x40, 0x0, 0x0, 0x0,
    0x0, 0x0, 0x0, 0x0, 0x0, 0x0, 0xb, 0xff,
    0xff, 0xff, 0x60, 0x0, 0x0, 0x0, 0x0, 0x0,
    0x0, 0x0, 0x0, 0x0, 0x8, 0xff, 0xff, 0xff,
    0xa0, 0x0, 0x0, 0x0, 0x0, 0x0, 0x0, 0x0,
    0x0, 0x0, 0x5, 0xff, 0xff, 0xff, 0xc0, 0x0,
    0x0, 0x0, 0x0, 0x0, 0x0, 0x0, 0x0, 0x0,
    0x2, 0xff, 0xff, 0xff, 0xe2, 0x0, 0x0, 0x0,
    0x0, 0x0, 0x0, 0x0, 0x0, 0x0, 0x1, 0xdf,
    0xff, 0xff, 0xf4, 0x0, 0x0, 0x0, 0x0, 0x0,
    0x0, 0x0, 0x0, 0x0, 0x0, 0xbf, 0xff, 0xff,
    0xf7, 0x0, 0x0, 0x0, 0x0, 0x0, 0x0, 0x0,
    0x0, 0x0, 0x0, 0x8f, 0xff, 0xff, 0xfa, 0x0,
    0x0, 0x0, 0x0, 0x0, 0x0, 0x0, 0x0, 0x0,
    0x0, 0x5f, 0xff, 0xff, 0xfd, 0x0, 0x0, 0x0,
    0x0, 0x0, 0x0, 0x0, 0x0, 0x0, 0x0, 0x3f,
    0xff, 0xff, 0xfe, 0x20, 0x0, 0x0, 0x0, 0x0,
    0x0, 0x0, 0x0, 0x0, 0x0, 0x1e, 0xff, 0xff,
    0xff, 0x40, 0x0, 0x0, 0x0, 0x0, 0x0, 0x0,
    0x0, 0x0, 0x0, 0xc, 0xff, 0xff, 0xff, 0x70,
    0x0, 0x0, 0x0, 0x0, 0x0, 0x0, 0x0, 0x0,
    0x0, 0x9, 0xff, 0xff, 0xff, 0xa0, 0x0, 0x0,
    0x0, 0x0, 0x0, 0x0, 0x0, 0x0, 0x0, 0x6,
    0xff, 0xff, 0xff, 0xd0, 0x0, 0x0, 0x0, 0x0,
    0x0, 0x0, 0x0, 0x0, 0x0, 0x3, 0xff, 0xff,
    0xff, 0xe2, 0x0, 0x0, 0x0, 0x0, 0x0, 0x0,
    0x0, 0x0, 0x0, 0x1, 0xef, 0xff, 0xff, 0xf4,
    0x0, 0x0, 0x0, 0x0, 0x0, 0x0, 0x0, 0x0,
    0x0, 0x0, 0xcf, 0xff, 0xff, 0xf7, 0x0, 0x0,
    0x0, 0x0, 0x0, 0x0, 0x0, 0x0, 0x0, 0x0,
    0xaf, 0xff, 0xff, 0xfa, 0x0, 0x0, 0x0, 0x0,
    0x0, 0x0, 0x0, 0x0, 0x0, 0x0, 0x6f, 0xff,
    0xff, 0xfd, 0x0, 0x0, 0x0, 0x0, 0x0, 0x0,
    0x0, 0x0, 0x0, 0x0, 0x4f, 0xff, 0xff, 0xff,
    0x20, 0x0, 0x0, 0x0, 0x0, 0x0, 0x0, 0x0,
    0x0, 0x0, 0x2e, 0xff, 0xff, 0xff, 0x40, 0x0,
    0x0, 0x0, 0x0, 0x0, 0x0, 0x0, 0x0, 0x0,
    0xd, 0xff, 0xff, 0xff, 0x70, 0x0, 0x0, 0x0,
    0x0, 0x0, 0x0, 0x0, 0x0, 0x0, 0xa, 0xff,
    0xff, 0xff, 0xb0, 0x0, 0x0, 0x0, 0x0, 0x0,
    0x0, 0x0, 0x0, 0x0, 0x7, 0xff, 0xff, 0xff,
    0xf5, 0x44, 0x44, 0x44, 0x44, 0x44, 0x44, 0x44,
    0x44, 0x44, 0x40, 0xef, 0xff, 0xff, 0xff, 0xff,
    0xff, 0xff, 0xff, 0xff, 0xff, 0xff, 0xff, 0xff,
    0xff, 0x2e, 0xff, 0xff, 0xff, 0xff, 0xff, 0xff,
    0xff, 0xff, 0xff, 0xff, 0xff, 0xff, 0xff, 0xf2,
    0xef, 0xff, 0xff, 0xff, 0xff, 0xff, 0xff, 0xff,
    0xff, 0xff, 0xff, 0xff, 0xff, 0xff, 0x2e, 0xff,
    0xff, 0xff, 0xff, 0xff, 0xff, 0xff, 0xff, 0xff,
    0xff, 0xff, 0xff, 0xff, 0xf2, 0xef, 0xff, 0xff,
    0xff, 0xff, 0xff, 0xff, 0xff, 0xff, 0xff, 0xff,
    0xff, 0xff, 0xff, 0x20,

    /* U+005B "[" */
    0x8f, 0xff, 0xff, 0xff, 0xff, 0xf2, 0x8f, 0xff,
    0xff, 0xff, 0xff, 0xf2, 0x8f, 0xff, 0xff, 0xff,
    0xff, 0xf2, 0x8f, 0xff, 0xff, 0xff, 0xff, 0xf2,
    0x8f, 0xff, 0xfc, 0x66, 0x66, 0x61, 0x8f, 0xff,
    0xfa, 0x0, 0x0, 0x0, 0x8f, 0xff, 0xfa, 0x0,
    0x0, 0x0, 0x8f, 0xff, 0xfa, 0x0, 0x0, 0x0,
    0x8f, 0xff, 0xfa, 0x0, 0x0, 0x0, 0x8f, 0xff,
    0xfa, 0x0, 0x0, 0x0, 0x8f, 0xff, 0xfa, 0x0,
    0x0, 0x0, 0x8f, 0xff, 0xfa, 0x0, 0x0, 0x0,
    0x8f, 0xff, 0xfa, 0x0, 0x0, 0x0, 0x8f, 0xff,
    0xfa, 0x0, 0x0, 0x0, 0x8f, 0xff, 0xfa, 0x0,
    0x0, 0x0, 0x8f, 0xff, 0xfa, 0x0, 0x0, 0x0,
    0x8f, 0xff, 0xfa, 0x0, 0x0, 0x0, 0x8f, 0xff,
    0xfa, 0x0, 0x0, 0x0, 0x8f, 0xff, 0xfa, 0x0,
    0x0, 0x0, 0x8f, 0xff, 0xfa, 0x0, 0x0, 0x0,
    0x8f, 0xff, 0xfa, 0x0, 0x0, 0x0, 0x8f, 0xff,
    0xfa, 0x0, 0x0, 0x0, 0x8f, 0xff, 0xfa, 0x0,
    0x0, 0x0, 0x8f, 0xff, 0xfa, 0x0, 0x0, 0x0,
    0x8f, 0xff, 0xfa, 0x0, 0x0, 0x0, 0x8f, 0xff,
    0xfa, 0x0, 0x0, 0x0, 0x8f, 0xff, 0xfa, 0x0,
    0x0, 0x0, 0x8f, 0xff, 0xfa, 0x0, 0x0, 0x0,
    0x8f, 0xff, 0xfa, 0x0, 0x0, 0x0, 0x8f, 0xff,
    0xfa, 0x0, 0x0, 0x0, 0x8f, 0xff, 0xfa, 0x0,
    0x0, 0x0, 0x8f, 0xff, 0xfa, 0x0, 0x0, 0x0,
    0x8f, 0xff, 0xfa, 0x0, 0x0, 0x0, 0x8f, 0xff,
    0xfa, 0x0, 0x0, 0x0, 0x8f, 0xff, 0xfa, 0x0,
    0x0, 0x0, 0x8f, 0xff, 0xfa, 0x0, 0x0, 0x0,
    0x8f, 0xff, 0xfa, 0x0, 0x0, 0x0, 0x8f, 0xff,
    0xfa, 0x0, 0x0, 0x0, 0x8f, 0xff, 0xfa, 0x0,
    0x0, 0x0, 0x8f, 0xff, 0xfa, 0x0, 0x0, 0x0,
    0x8f, 0xff, 0xfc, 0x66, 0x66, 0x61, 0x8f, 0xff,
    0xff, 0xff, 0xff, 0xf2, 0x8f, 0xff, 0xff, 0xff,
    0xff, 0xf2, 0x8f, 0xff, 0xff, 0xff, 0xff, 0xf2,
    0x8f, 0xff, 0xff, 0xff, 0xff, 0xf2,

    /* U+005C "\\" */
    0x7, 0x77, 0x77, 0x20, 0x0, 0x0, 0x0, 0x0,
    0x0, 0x0, 0xa, 0xff, 0xff, 0x80, 0x0, 0x0,
    0x0, 0x0, 0x0, 0x0, 0x4, 0xff, 0xff, 0xe0,
    0x0, 0x0, 0x0, 0x0, 0x0, 0x0, 0x0, 0xef,
    0xff, 0xf4, 0x0, 0x0, 0x0, 0x0, 0x0, 0x0,
    0x0, 0x8f, 0xff, 0xfa, 0x0, 0x0, 0x0, 0x0,
    0x0, 0x0, 0x0, 0x2f, 0xff, 0xff, 0x10, 0x0,
    0x0, 0x0, 0x0, 0x0, 0x0, 0xc, 0xff, 0xff,
    0x60, 0x0, 0x0, 0x0, 0x0, 0x0, 0x0, 0x6,
    0xff, 0xff, 0xd0, 0x0, 0x0, 0x0, 0x0, 0x0,
    0x0, 0x1, 0xff, 0xff, 0xf3, 0x0, 0x0, 0x0,
    0x0, 0x0, 0x0, 0x0, 0xaf, 0xff, 0xf9, 0x0,
    0x0, 0x0, 0x0, 0x0, 0x0, 0x0, 0x4f, 0xff,
    0xfe, 0x0, 0x0, 0x0, 0x0, 0x0, 0x0, 0x0,
    0xe, 0xff, 0xff, 0x50, 0x0, 0x0, 0x0, 0x0,
    0x0, 0x0, 0x8, 0xff, 0xff, 0xb0, 0x0, 0x0,
    0x0, 0x0, 0x0, 0x0, 0x2, 0xff, 0xff, 0xf1,
    0x0, 0x0, 0x0, 0x0, 0x0, 0x0, 0x0, 0xcf,
    0xff, 0xf7, 0x0, 0x0, 0x0, 0x0, 0x0, 0x0,
    0x0, 0x6f, 0xff, 0xfd, 0x0, 0x0, 0x0, 0x0,
    0x0, 0x0, 0x0, 0xf, 0xff, 0xff, 0x30, 0x0,
    0x0, 0x0, 0x0, 0x0, 0x0, 0xa, 0xff, 0xff,
    0x90, 0x0, 0x0, 0x0, 0x0, 0x0, 0x0, 0x4,
    0xff, 0xff, 0xe0, 0x0, 0x0, 0x0, 0x0, 0x0,
    0x0, 0x0, 0xef, 0xff, 0xf5, 0x0, 0x0, 0x0,
    0x0, 0x0, 0x0, 0x0, 0x8f, 0xff, 0xfb, 0x0,
    0x0, 0x0, 0x0, 0x0, 0x0, 0x0, 0x2f, 0xff,
    0xff, 0x10, 0x0, 0x0, 0x0, 0x0, 0x0, 0x0,
    0xc, 0xff, 0xff, 0x70, 0x0, 0x0, 0x0, 0x0,
    0x0, 0x0, 0x6, 0xff, 0xff, 0xd0, 0x0, 0x0,
    0x0, 0x0, 0x0, 0x0, 0x0, 0xff, 0xff, 0xf3,
    0x0, 0x0, 0x0, 0x0, 0x0, 0x0, 0x0, 0x9f,
    0xff, 0xf9, 0x0, 0x0, 0x0, 0x0, 0x0, 0x0,
    0x0, 0x3f, 0xff, 0xff, 0x0, 0x0, 0x0, 0x0,
    0x0, 0x0, 0x0, 0xd, 0xff, 0xff, 0x50, 0x0,
    0x0, 0x0, 0x0, 0x0, 0x0, 0x7, 0xff, 0xff,
    0xb0, 0x0, 0x0, 0x0, 0x0, 0x0, 0x0, 0x1,
    0xff, 0xff, 0xf2, 0x0, 0x0, 0x0, 0x0, 0x0,
    0x0, 0x0, 0xbf, 0xff, 0xf7, 0x0, 0x0, 0x0,
    0x0, 0x0, 0x0, 0x0, 0x5f, 0xff, 0xfd, 0x0,
    0x0, 0x0, 0x0, 0x0, 0x0, 0x0, 0xf, 0xff,
    0xff, 0x40, 0x0, 0x0, 0x0, 0x0, 0x0, 0x0,
    0x9, 0xff, 0xff, 0xa0, 0x0, 0x0, 0x0, 0x0,
    0x0, 0x0, 0x3, 0xff, 0xff, 0xf0, 0x0, 0x0,
    0x0, 0x0, 0x0, 0x0, 0x0, 0xdf, 0xff, 0xf6,
    0x0, 0x0, 0x0, 0x0, 0x0, 0x0, 0x0, 0x7f,
    0xff, 0xfc,

    /* U+005D "]" */
    0xff, 0xff, 0xff, 0xff, 0xff, 0xbf, 0xff, 0xff,
    0xff, 0xff, 0xfb, 0xff, 0xff, 0xff, 0xff, 0xff,
    0xbf, 0xff, 0xff, 0xff, 0xff, 0xfb, 0x66, 0x66,
    0x6a, 0xff, 0xff, 0xb0, 0x0, 0x0, 0x6f, 0xff,
    0xfb, 0x0, 0x0, 0x6, 0xff, 0xff, 0xb0, 0x0,
    0x0, 0x6f, 0xff, 0xfb, 0x0, 0x0, 0x6, 0xff,
    0xff, 0xb0, 0x0, 0x0, 0x6f, 0xff, 0xfb, 0x0,
    0x0, 0x6, 0xff, 0xff, 0xb0, 0x0, 0x0, 0x6f,
    0xff, 0xfb, 0x0, 0x0, 0x6, 0xff, 0xff, 0xb0,
    0x0, 0x0, 0x6f, 0xff, 0xfb, 0x0, 0x0, 0x6,
    0xff, 0xff, 0xb0, 0x0, 0x0, 0x6f, 0xff, 0xfb,
    0x0, 0x0, 0x6, 0xff, 0xff, 0xb0, 0x0, 0x0,
    0x6f, 0xff, 0xfb, 0x0, 0x0, 0x6, 0xff, 0xff,
    0xb0, 0x0, 0x0, 0x6f, 0xff, 0xfb, 0x0, 0x0,
    0x6, 0xff, 0xff, 0xb0, 0x0, 0x0, 0x6f, 0xff,
    0xfb, 0x0, 0x0, 0x6, 0xff, 0xff, 0xb0, 0x0,
    0x0, 0x6f, 0xff, 0xfb, 0x0, 0x0, 0x6, 0xff,
    0xff, 0xb0, 0x0, 0x0, 0x6f, 0xff, 0xfb, 0x0,
    0x0, 0x6, 0xff, 0xff, 0xb0, 0x0, 0x0, 0x6f,
    0xff, 0xfb, 0x0, 0x0, 0x6, 0xff, 0xff, 0xb0,
    0x0, 0x0, 0x6f, 0xff, 0xfb, 0x0, 0x0, 0x6,
    0xff, 0xff, 0xb0, 0x0, 0x0, 0x6f, 0xff, 0xfb,
    0x0, 0x0, 0x6, 0xff, 0xff, 0xb0, 0x0, 0x0,
    0x6f, 0xff, 0xfb, 0x0, 0x0, 0x6, 0xff, 0xff,
    0xb0, 0x0, 0x0, 0x6f, 0xff, 0xfb, 0x0, 0x0,
    0x6, 0xff, 0xff, 0xb0, 0x0, 0x0, 0x6f, 0xff,
    0xfb, 0x0, 0x0, 0x6, 0xff, 0xff, 0xb0, 0x0,
    0x0, 0x6f, 0xff, 0xfb, 0x66, 0x66, 0x6a, 0xff,
    0xff, 0xbf, 0xff, 0xff, 0xff, 0xff, 0xfb, 0xff,
    0xff, 0xff, 0xff, 0xff, 0xbf, 0xff, 0xff, 0xff,
    0xff, 0xfb, 0xff, 0xff, 0xff, 0xff, 0xff, 0xb0,

    /* U+005E "^" */
    0x0, 0x0, 0x0, 0x0, 0x9f, 0xff, 0x50, 0x0,
    0x0, 0x0, 0x0, 0x0, 0x0, 0x0, 0x1f, 0xff,
    0xfd, 0x0, 0x0, 0x0, 0x0, 0x0, 0x0, 0x0,
    0x8, 0xff, 0xff, 0xf5, 0x0, 0x0, 0x0, 0x0,
    0x0, 0x0, 0x1, 0xff, 0xff, 0xff, 0xc0, 0x0,
    0x0, 0x0, 0x0, 0x0, 0x0, 0x7f, 0xff, 0xff,
    0xff, 0x40, 0x0, 0x0, 0x0, 0x0, 0x0, 0xe,
    0xff, 0xff, 0xff, 0xfc, 0x0, 0x0, 0x0, 0x0,
    0x0, 0x7, 0xff, 0xff, 0x6f, 0xff, 0xf3, 0x0,
    0x0, 0x0, 0x0, 0x0, 0xef, 0xff, 0xa0, 0xdf,
    0xff, 0xb0, 0x0, 0x0, 0x0, 0x0, 0x6f, 0xff,
    0xf3, 0x6, 0xff, 0xff, 0x30, 0x0, 0x0, 0x0,
    0xd, 0xff, 0xfb, 0x0, 0xe, 0xff, 0xfa, 0x0,
    0x0, 0x0, 0x5, 0xff, 0xff, 0x40, 0x0, 0x7f,
    0xff, 0xf2, 0x0, 0x0, 0x0, 0xdf, 0xff, 0xd0,
    0x0, 0x1, 0xff, 0xff, 0xa0, 0x0, 0x0, 0x5f,
    0xff, 0xf6, 0x0, 0x0, 0x9, 0xff, 0xff, 0x20,
    0x0, 0xc, 0xff, 0xfe, 0x0, 0x0, 0x0, 0x2f,
    0xff, 0xf9, 0x0, 0x4, 0xff, 0xff, 0x70, 0x0,
    0x0, 0x0, 0xbf, 0xff, 0xf1, 0x0, 0xcf, 0xff,
    0xf1, 0x0, 0x0, 0x0, 0x3, 0xff, 0xff, 0x90,
    0x4f, 0xff, 0xf9, 0x0, 0x0, 0x0, 0x0, 0xc,
    0xff, 0xff, 0x1b, 0xff, 0xff, 0x20, 0x0, 0x0,
    0x0, 0x0, 0x5f, 0xff, 0xf8,

    /* U+005F "_" */
    0x77, 0x77, 0x77, 0x77, 0x77, 0x77, 0x77, 0x77,
    0x77, 0x77, 0x77, 0x77, 0xff, 0xff, 0xff, 0xff,
    0xff, 0xff, 0xff, 0xff, 0xff, 0xff, 0xff, 0xff,
    0xff, 0xff, 0xff, 0xff, 0xff, 0xff, 0xff, 0xff,
    0xff, 0xff, 0xff, 0xff,

    /* U+0060 "`" */
    0x1d, 0xff, 0xff, 0xf5, 0x0, 0x0, 0x1, 0xdf,
    0xff, 0xfe, 0x10, 0x0, 0x0, 0x1d, 0xff, 0xff,
    0x90, 0x0, 0x0, 0x1, 0xdf, 0xff, 0xf3, 0x0,
    0x0, 0x0, 0x2e, 0xff, 0xfd, 0x0, 0x0, 0x0,
    0x2, 0xef, 0xff, 0x70, 0x0, 0x0, 0x0, 0x2e,
    0xff, 0xf2,

    /* U+0061 "a" */
    0x0, 0x0, 0x0, 0x0, 0x2, 0x46, 0x76, 0x53,
    0x10, 0x0, 0x0, 0x0, 0x0, 0x0, 0x0, 0x0,
    0x6c, 0xff, 0xff, 0xff, 0xff, 0xfb, 0x50, 0x0,
    0x0, 0x0, 0x0, 0x0, 0x4e, 0xff, 0xff, 0xff,
    0xff, 0xff, 0xff, 0xfd, 0x20, 0x0, 0x0, 0x0,
    0x5, 0xff, 0xff, 0xff, 0xff, 0xff, 0xff, 0xff,
    0xff, 0xf2, 0x0, 0x0, 0x0, 0x3f, 0xff, 0xff,
    0xff, 0xff, 0xef, 0xff, 0xff, 0xff, 0xfd, 0x0,
    0x0, 0x0, 0xbf, 0xff, 0xff, 0xd6, 0x10, 0x0,
    0x16, 0xef, 0xff, 0xff, 0x40, 0x0, 0x2, 0xff,
    0xff, 0xfd, 0x10, 0x0, 0x0, 0x0, 0x2e, 0xff,
    0xff, 0x80, 0x0, 0x5, 0xff, 0xff, 0xf4, 0x0,
    0x0, 0x0, 0x0, 0x9, 0xff, 0xff, 0xa0, 0x0,
    0x5, 0xcc, 0xcc, 0xc0, 0x0, 0x0, 0x0, 0x0,
    0x8, 0xff, 0xff, 0xa0, 0x0, 0x0, 0x0, 0x0,
    0x0, 0x0, 0x0, 0x0, 0x0, 0xc, 0xff, 0xff,
    0xa0, 0x0, 0x0, 0x0, 0x0, 0x0, 0x0, 0x0,
    0x0, 0x4, 0xcf, 0xff, 0xff, 0xa0, 0x0, 0x0,
    0x0, 0x0, 0x0, 0x13, 0x68, 0xad, 0xff, 0xff,
    0xff, 0xff, 0xa0, 0x0, 0x0, 0x0, 0x5, 0xbe,
    0xff, 0xff, 0xff, 0xff, 0xff, 0xff, 0xff, 0xa0,
    0x0, 0x0, 0x8, 0xff, 0xff, 0xff, 0xff, 0xff,
    0xff, 0xde, 0xff, 0xff, 0xa0, 0x0, 0x0, 0xbf,
    0xff, 0xff, 0xff, 0xfd, 0xb9, 0x73, 0xc, 0xff,
    0xff, 0xa0, 0x0, 0x8, 0xff, 0xff, 0xff, 0x93,
    0x0, 0x0, 0x0, 0xc, 0xff, 0xff, 0xa0, 0x0,
    0xf, 0xff, 0xff, 0xe2, 0x0, 0x0, 0x0, 0x0,
    0xc, 0xff, 0xff, 0xa0, 0x0, 0x4f, 0xff, 0xff,
    0x50, 0x0, 0x0, 0x0, 0x0, 0xd, 0xff, 0xff,
    0xa0, 0x0, 0x6f, 0xff, 0xff, 0x10, 0x0, 0x0,
    0x0, 0x0, 0xf, 0xff, 0xff, 0xa0, 0x0, 0x7f,
    0xff, 0xff, 0x10, 0x0, 0x0, 0x0, 0x0, 0x5f,
    0xff, 0xff, 0xa0, 0x0, 0x5f, 0xff, 0xff, 0x80,
    0x0, 0x0, 0x0, 0x4, 0xff, 0xff, 0xff, 0xa0,
    0x0, 0x2f, 0xff, 0xff, 0xfa, 0x30, 0x0, 0x3,
    0xaf, 0xff, 0xff, 0xff, 0xd0, 0x0, 0xb, 0xff,
    0xff, 0xff, 0xff, 0xdd, 0xff, 0xff, 0xff, 0xff,
    0xff, 0xfe, 0xc4, 0x1, 0xef, 0xff, 0xff, 0xff,
    0xff, 0xff, 0xff, 0xfc, 0xff, 0xff, 0xff, 0xf4,
    0x0, 0x2e, 0xff, 0xff, 0xff, 0xff, 0xff, 0xfe,
    0x50, 0xff, 0xff, 0xff, 0xf4, 0x0, 0x0, 0x6e,
    0xff, 0xff, 0xff, 0xfc, 0x60, 0x0, 0x5f, 0xff,
    0xff, 0xf4, 0x0, 0x0, 0x0, 0x24, 0x67, 0x64,
    0x0, 0x0, 0x0, 0x0, 0x57, 0x75, 0x10,

    /* U+0062 "b" */
    0xff, 0xff, 0xf7, 0x0, 0x0, 0x0, 0x0, 0x0,
    0x0, 0x0, 0x0, 0x0, 0xf, 0xff, 0xff, 0x70,
    0x0, 0x0, 0x0, 0x0, 0x0, 0x0, 0x0, 0x0,
    0x0, 0xff, 0xff, 0xf7, 0x0, 0x0, 0x0, 0x0,
    0x0, 0x0, 0x0, 0x0, 0x0, 0xf, 0xff, 0xff,
    0x70, 0x0, 0x0, 0x0, 0x0, 0x0, 0x0, 0x0,
    0x0, 0x0, 0xff, 0xff, 0xf7, 0x0, 0x0, 0x0,
    0x0, 0x0, 0x0, 0x0, 0x0, 0x0, 0xf, 0xff,
    0xff, 0x70, 0x0, 0x0, 0x0, 0x0, 0x0, 0x0,
    0x0, 0x0, 0x0, 0xff, 0xff, 0xf7, 0x0, 0x0,
    0x0, 0x0, 0x0, 0x0, 0x0, 0x0, 0x0, 0xf,
    0xff, 0xff, 0x70, 0x0, 0x0, 0x0, 0x0, 0x0,
    0x0, 0x0, 0x0, 0x0, 0xff, 0xff, 0xf7, 0x0,
    0x0, 0x0, 0x0, 0x0, 0x0, 0x0, 0x0, 0x0,
    0xf, 0xff, 0xff, 0x70, 0x0, 0x1, 0x46, 0x75,
    0x40, 0x0, 0x0, 0x0, 0x0, 0xff, 0xff, 0xf7,
    0x0, 0x4b, 0xff, 0xff, 0xff, 0xfa, 0x30, 0x0,
    0x0, 0xf, 0xff, 0xff, 0x70, 0x9f, 0xff, 0xff,
    0xff, 0xff, 0xff, 0xa1, 0x0, 0x0, 0xff, 0xff,
    0xf8, 0xaf, 0xff, 0xff, 0xff, 0xff, 0xff, 0xff,
    0xc1, 0x0, 0xf, 0xff, 0xff, 0xef, 0xff, 0xff,
    0xee, 0xff, 0xff, 0xff, 0xff, 0xc0, 0x0, 0xff,
    0xff, 0xff, 0xff, 0xd5, 0x10, 0x0, 0x5c, 0xff,
    0xff, 0xff, 0x70, 0xf, 0xff, 0xff, 0xff, 0xb0,
    0x0, 0x0, 0x0, 0x9, 0xff, 0xff, 0xff, 0x10,
    0xff, 0xff, 0xff, 0xe0, 0x0, 0x0, 0x0, 0x0,
    0xa, 0xff, 0xff, 0xf7, 0xf, 0xff, 0xff, 0xf6,
    0x0, 0x0, 0x0, 0x0, 0x0, 0x2f, 0xff, 0xff,
    0xd0, 0xff, 0xff, 0xfe, 0x0, 0x0, 0x0, 0x0,
    0x0, 0x0, 0xaf, 0xff, 0xff, 0x1f, 0xff, 0xff,
    0xa0, 0x0, 0x0, 0x0, 0x0, 0x0, 0x4, 0xff,
    0xff, 0xf4, 0xff, 0xff, 0xf8, 0x0, 0x0, 0x0,
    0x0, 0x0, 0x0, 0x2f, 0xff, 0xff, 0x7f, 0xff,
    0xff, 0x60, 0x0, 0x0, 0x0, 0x0, 0x0, 0x0,
    0xff, 0xff, 0xf8, 0xff, 0xff, 0xf5, 0x0, 0x0,
    0x0, 0x0, 0x0, 0x0, 0xe, 0xff, 0xff, 0x9f,
    0xff, 0xff, 0x60, 0x0, 0x0, 0x0, 0x0, 0x0,
    0x0, 0xff, 0xff, 0xf8, 0xff, 0xff, 0xf8, 0x0,
    0x0, 0x0, 0x0, 0x0, 0x0, 0x1f, 0xff, 0xff,
    0x7f, 0xff, 0xff, 0xa0, 0x0, 0x0, 0x0, 0x0,
    0x0, 0x3, 0xff, 0xff, 0xf5, 0xff, 0xff, 0xff,
    0x10, 0x0, 0x0, 0x0, 0x0, 0x0, 0x8f, 0xff,
    0xff, 0x1f, 0xff, 0xff, 0xf8, 0x0, 0x0, 0x0,
    0x0, 0x0, 0xe, 0xff, 0xff, 0xe0, 0xff, 0xff,
    0xff, 0xf1, 0x0, 0x0, 0x0, 0x0, 0x9, 0xff,
    0xff, 0xf8, 0xf, 0xff, 0xff, 0xff, 0xd1, 0x0,
    0x0, 0x0, 0xa, 0xff, 0xff, 0xff, 0x20, 0xff,
    0xff, 0xff, 0xff, 0xf7, 0x20, 0x0, 0x4b, 0xff,
    0xff, 0xff, 0x90, 0xf, 0xff, 0xff, 0xdf, 0xff,
    0xff, 0xfe, 0xff, 0xff, 0xff, 0xff, 0xe1, 0x0,
    0xff, 0xff, 0xf4, 0xef, 0xff, 0xff, 0xff, 0xff,
    0xff, 0xff, 0xe2, 0x0, 0xf, 0xff, 0xff, 0x32,
    0xcf, 0xff, 0xff, 0xff, 0xff, 0xff, 0xd2, 0x0,
    0x0, 0xff, 0xff, 0xf3, 0x0, 0x7d, 0xff, 0xff,
    0xff, 0xfd, 0x70, 0x0, 0x0, 0x0, 0x0, 0x0,
    0x0, 0x0, 0x2, 0x67, 0x77, 0x53, 0x0, 0x0,
    0x0, 0x0,

    /* U+0063 "c" */
    0x0, 0x0, 0x0, 0x0, 0x1, 0x45, 0x77, 0x64,
    0x0, 0x0, 0x0, 0x0, 0x0, 0x0, 0x0, 0x0,
    0x6b, 0xff, 0xff, 0xff, 0xff, 0xb5, 0x0, 0x0,
    0x0, 0x0, 0x0, 0x4, 0xdf, 0xff, 0xff, 0xff,
    0xff, 0xff, 0xfd, 0x30, 0x0, 0x0, 0x0, 0x5,
    0xff, 0xff, 0xff, 0xff, 0xff, 0xff, 0xff, 0xff,
    0x50, 0x0, 0x0, 0x5, 0xff, 0xff, 0xff, 0xff,
    0xff, 0xff, 0xff, 0xff, 0xff, 0x30, 0x0, 0x1,
    0xef, 0xff, 0xff, 0xd6, 0x20, 0x2, 0x6e, 0xff,
    0xff, 0xfe, 0x0, 0x0, 0xbf, 0xff, 0xff, 0xa0,
    0x0, 0x0, 0x0, 0xd, 0xff, 0xff, 0xf5, 0x0,
    0x2f, 0xff, 0xff, 0xc0, 0x0, 0x0, 0x0, 0x0,
    0x1f, 0xff, 0xff, 0xb0, 0x8, 0xff, 0xff, 0xf3,
    0x0, 0x0, 0x0, 0x0, 0x0, 0xbf, 0xff, 0xfe,
    0x0, 0xcf, 0xff, 0xfc, 0x0, 0x0, 0x0, 0x0,
    0x0, 0x3, 0x77, 0x77, 0x70, 0xf, 0xff, 0xff,
    0x80, 0x0, 0x0, 0x0, 0x0, 0x0, 0x0, 0x0,
    0x0, 0x2, 0xff, 0xff, 0xf4, 0x0, 0x0, 0x0,
    0x0, 0x0, 0x0, 0x0, 0x0, 0x0, 0x3f, 0xff,
    0xff, 0x30, 0x0, 0x0, 0x0, 0x0, 0x0, 0x0,
    0x0, 0x0, 0x4, 0xff, 0xff, 0xf2, 0x0, 0x0,
    0x0, 0x0, 0x0, 0x0, 0x0, 0x0, 0x0, 0x4f,
    0xff, 0xff, 0x30, 0x0, 0x0, 0x0, 0x0, 0x0,
    0x0, 0x0, 0x0, 0x3, 0xff, 0xff, 0xf5, 0x0,
    0x0, 0x0, 0x0, 0x0, 0x0, 0x0, 0x0, 0x0,
    0x1f, 0xff, 0xff, 0x70, 0x0, 0x0, 0x0, 0x0,
    0x0, 0x37, 0x77, 0x77, 0x0, 0xdf, 0xff, 0xfc,
    0x0, 0x0, 0x0, 0x0, 0x0, 0xa, 0xff, 0xff,
    0xe0, 0x9, 0xff, 0xff, 0xf3, 0x0, 0x0, 0x0,
    0x0, 0x0, 0xef, 0xff, 0xfa, 0x0, 0x3f, 0xff,
    0xff, 0xb0, 0x0, 0x0, 0x0, 0x0, 0x8f, 0xff,
    0xff, 0x40, 0x0, 0xcf, 0xff, 0xff, 0x80, 0x0,
    0x0, 0x0, 0x4f, 0xff, 0xff, 0xe0, 0x0, 0x3,
    0xff, 0xff, 0xff, 0xc4, 0x0, 0x3, 0xaf, 0xff,
    0xff, 0xf5, 0x0, 0x0, 0x7, 0xff, 0xff, 0xff,
    0xff, 0xff, 0xff, 0xff, 0xff, 0xfb, 0x0, 0x0,
    0x0, 0x8, 0xff, 0xff, 0xff, 0xff, 0xff, 0xff,
    0xff, 0xfc, 0x0, 0x0, 0x0, 0x0, 0x5, 0xef,
    0xff, 0xff, 0xff, 0xff, 0xff, 0xf9, 0x0, 0x0,
    0x0, 0x0, 0x0, 0x0, 0x7d, 0xff, 0xff, 0xff,
    0xff, 0xa3, 0x0, 0x0, 0x0, 0x0, 0x0, 0x0,
    0x0, 0x2, 0x56, 0x77, 0x63, 0x0, 0x0, 0x0,
    0x0, 0x0,

    /* U+0064 "d" */
    0x0, 0x0, 0x0, 0x0, 0x0, 0x0, 0x0, 0x0,
    0x0, 0x3, 0xff, 0xff, 0xf3, 0x0, 0x0, 0x0,
    0x0, 0x0, 0x0, 0x0, 0x0, 0x0, 0x3, 0xff,
    0xff, 0xf3, 0x0, 0x0, 0x0, 0x0, 0x0, 0x0,
    0x0, 0x0, 0x0, 0x3, 0xff, 0xff, 0xf3, 0x0,
    0x0, 0x0, 0x0, 0x0, 0x0, 0x0, 0x0, 0x0,
    0x3, 0xff, 0xff, 0xf3, 0x0, 0x0, 0x0, 0x0,
    0x0, 0x0, 0x0, 0x0, 0x0, 0x3, 0xff, 0xff,
    0xf3, 0x0, 0x0, 0x0, 0x0, 0x0, 0x0, 0x0,
    0x0, 0x0, 0x3, 0xff, 0xff, 0xf3, 0x0, 0x0,
    0x0, 0x0, 0x0, 0x0, 0x0, 0x0, 0x0, 0x3,
    0xff, 0xff, 0xf3, 0x0, 0x0, 0x0, 0x0, 0x0,
    0x0, 0x0, 0x0, 0x0, 0x3, 0xff, 0xff, 0xf3,
    0x0, 0x0, 0x0, 0x0, 0x0, 0x0, 0x0, 0x0,
    0x0, 0x3, 0xff, 0xff, 0xf3, 0x0, 0x0, 0x0,
    0x0, 0x4, 0x67, 0x64, 0x10, 0x0, 0x3, 0xff,
    0xff, 0xf3, 0x0, 0x0, 0x0, 0x4b, 0xff, 0xff,
    0xff, 0xfc, 0x50, 0x3, 0xff, 0xff, 0xf3, 0x0,
    0x0, 0xb, 0xff, 0xff, 0xff, 0xff, 0xff, 0xfa,
    0x13, 0xff, 0xff, 0xf3, 0x0, 0x1, 0xdf, 0xff,
    0xff, 0xff, 0xff, 0xff, 0xff, 0xc4, 0xff, 0xff,
    0xf3, 0x0, 0xb, 0xff, 0xff, 0xff, 0xff, 0xff,
    0xff, 0xff, 0xfd, 0xff, 0xff, 0xf3, 0x0, 0x6f,
    0xff, 0xff, 0xfe, 0x71, 0x0, 0x5, 0xcf, 0xff,
    0xff, 0xff, 0xf3, 0x0, 0xef, 0xff, 0xff, 0xc1,
    0x0, 0x0, 0x0, 0x9, 0xff, 0xff, 0xff, 0xf3,
    0x5, 0xff, 0xff, 0xfd, 0x0, 0x0, 0x0, 0x0,
    0x0, 0xbf, 0xff, 0xff, 0xf3, 0xa, 0xff, 0xff,
    0xf4, 0x0, 0x0, 0x0, 0x0, 0x0, 0x3f, 0xff,
    0xff, 0xf3, 0xe, 0xff, 0xff, 0xd0, 0x0, 0x0,
    0x0, 0x0, 0x0, 0xb, 0xff, 0xff, 0xf3, 0x1f,
    0xff, 0xff, 0x80, 0x0, 0x0, 0x0, 0x0, 0x0,
    0x6, 0xff, 0xff, 0xf3, 0x2f, 0xff, 0xff, 0x60,
    0x0, 0x0, 0x0, 0x0, 0x0, 0x4, 0xff, 0xff,
    0xf3, 0x4f, 0xff, 0xff, 0x40, 0x0, 0x0, 0x0,
    0x0, 0x0, 0x2, 0xff, 0xff, 0xf3, 0x4f, 0xff,
    0xff, 0x20, 0x0, 0x0, 0x0, 0x0, 0x0, 0x1,
    0xff, 0xff, 0xf3, 0x3f, 0xff, 0xff, 0x30, 0x0,
    0x0, 0x0, 0x0, 0x0, 0x2, 0xff, 0xff, 0xf3,
    0x2f, 0xff, 0xff, 0x50, 0x0, 0x0, 0x0, 0x0,
    0x0, 0x4, 0xff, 0xff, 0xf3, 0xf, 0xff, 0xff,
    0x70, 0x0, 0x0, 0x0, 0x0, 0x0, 0x7, 0xff,
    0xff, 0xf3, 0xd, 0xff, 0xff, 0xd0, 0x0, 0x0,
    0x0, 0x0, 0x0, 0xd, 0xff, 0xff, 0xf3, 0x9,
    0xff, 0xff, 0xf4, 0x0, 0x0, 0x0, 0x0, 0x0,
    0x4f, 0xff, 0xff, 0xf3, 0x3, 0xff, 0xff, 0xfc,
    0x0, 0x0, 0x0, 0x0, 0x0, 0xcf, 0xff, 0xff,
    0xf3, 0x0, 0xcf, 0xff, 0xff, 0xb0, 0x0, 0x0,
    0x0, 0xb, 0xff, 0xff, 0xff, 0xf3, 0x0, 0x3f,
    0xff, 0xff, 0xfd, 0x61, 0x0, 0x16, 0xdf, 0xff,
    0xff, 0xff, 0xf3, 0x0, 0x8, 0xff, 0xff, 0xff,
    0xff, 0xff, 0xff, 0xff, 0xfd, 0xff, 0xff, 0xf3,
    0x0, 0x0, 0x9f, 0xff, 0xff, 0xff, 0xff, 0xff,
    0xff, 0xf3, 0xef, 0xff, 0xf3, 0x0, 0x0, 0x7,
    0xff, 0xff, 0xff, 0xff, 0xff, 0xff, 0x50, 0xef,
    0xff, 0xf3, 0x0, 0x0, 0x0, 0x29, 0xef, 0xff,
    0xff, 0xff, 0xa1, 0x0, 0xef, 0xff, 0xf3, 0x0,
    0x0, 0x0, 0x0, 0x3, 0x56, 0x76, 0x40, 0x0,
    0x0, 0x0, 0x0, 0x0,

    /* U+0065 "e" */
    0x0, 0x0, 0x0, 0x0, 0x1, 0x45, 0x76, 0x42,
    0x0, 0x0, 0x0, 0x0, 0x0, 0x0, 0x0, 0x0,
    0x5b, 0xff, 0xff, 0xff, 0xfc, 0x60, 0x0, 0x0,
    0x0, 0x0, 0x0, 0x2, 0xbf, 0xff, 0xff, 0xff,
    0xff, 0xff, 0xd4, 0x0, 0x0, 0x0, 0x0, 0x3,
    0xef, 0xff, 0xff, 0xff, 0xff, 0xff, 0xff, 0xf7,
    0x0, 0x0, 0x0, 0x3, 0xff, 0xff, 0xff, 0xff,
    0xff, 0xff, 0xff, 0xff, 0xf6, 0x0, 0x0, 0x0,
    0xdf, 0xff, 0xff, 0xb4, 0x20, 0x3, 0xaf, 0xff,
    0xff, 0xf3, 0x0, 0x0, 0x8f, 0xff, 0xff, 0x60,
    0x0, 0x0, 0x0, 0x5f, 0xff, 0xff, 0xc0, 0x0,
    0x1f, 0xff, 0xff, 0x70, 0x0, 0x0, 0x0, 0x0,
    0x6f, 0xff, 0xff, 0x40, 0x7, 0xff, 0xff, 0xc0,
    0x0, 0x0, 0x0, 0x0, 0x0, 0xcf, 0xff, 0xfa,
    0x0, 0xbf, 0xff, 0xf6, 0x0, 0x0, 0x0, 0x0,
    0x0, 0x7, 0xff, 0xff, 0xf0, 0xf, 0xff, 0xff,
    0x30, 0x0, 0x0, 0x0, 0x0, 0x0, 0x3f, 0xff,
    0xff, 0x32, 0xff, 0xff, 0xff, 0xff, 0xff, 0xff,
    0xff, 0xff, 0xff, 0xff, 0xff, 0xf5, 0x3f, 0xff,
    0xff, 0xff, 0xff, 0xff, 0xff, 0xff, 0xff, 0xff,
    0xff, 0xff, 0x74, 0xff, 0xff, 0xff, 0xff, 0xff,
    0xff, 0xff, 0xff, 0xff, 0xff, 0xff, 0xf6, 0x3f,
    0xff, 0xff, 0xba, 0xaa, 0xaa, 0xaa, 0xaa, 0xaa,
    0xaa, 0xaa, 0xaa, 0x42, 0xff, 0xff, 0xf4, 0x0,
    0x0, 0x0, 0x0, 0x0, 0x0, 0x0, 0x0, 0x0,
    0x1f, 0xff, 0xff, 0x60, 0x0, 0x0, 0x0, 0x0,
    0x0, 0x0, 0x0, 0x0, 0x0, 0xdf, 0xff, 0xf9,
    0x0, 0x0, 0x0, 0x0, 0x0, 0x0, 0x11, 0x11,
    0x10, 0x9, 0xff, 0xff, 0xf1, 0x0, 0x0, 0x0,
    0x0, 0x0, 0x6f, 0xff, 0xfd, 0x0, 0x3f, 0xff,
    0xff, 0x90, 0x0, 0x0, 0x0, 0x0, 0xe, 0xff,
    0xff, 0x80, 0x0, 0xcf, 0xff, 0xff, 0x60, 0x0,
    0x0, 0x0, 0xb, 0xff, 0xff, 0xf2, 0x0, 0x3,
    0xff, 0xff, 0xff, 0xb4, 0x0, 0x1, 0x6d, 0xff,
    0xff, 0xf9, 0x0, 0x0, 0x7, 0xff, 0xff, 0xff,
    0xff, 0xff, 0xff, 0xff, 0xff, 0xfc, 0x0, 0x0,
    0x0, 0x7, 0xff, 0xff, 0xff, 0xff, 0xff, 0xff,
    0xff, 0xfd, 0x10, 0x0, 0x0, 0x0, 0x5, 0xef,
    0xff, 0xff, 0xff, 0xff, 0xff, 0xfa, 0x10, 0x0,
    0x0, 0x0, 0x0, 0x0, 0x7c, 0xff, 0xff, 0xff,
    0xff, 0x93, 0x0, 0x0, 0x0, 0x0, 0x0, 0x0,
    0x0, 0x1, 0x46, 0x77, 0x63, 0x0, 0x0, 0x0,
    0x0, 0x0,

    /* U+0066 "f" */
    0x0, 0x0, 0x0, 0x2, 0x9c, 0xef, 0xfe, 0xc2,
    0x0, 0x0, 0x0, 0x6f, 0xff, 0xff, 0xff, 0xf3,
    0x0, 0x0, 0x4, 0xff, 0xff, 0xff, 0xff, 0xf3,
    0x0, 0x0, 0xc, 0xff, 0xff, 0xff, 0xff, 0xf3,
    0x0, 0x0, 0x1f, 0xff, 0xff, 0xfa, 0x78, 0x92,
    0x0, 0x0, 0x4f, 0xff, 0xff, 0x60, 0x0, 0x0,
    0x0, 0x0, 0x6f, 0xff, 0xff, 0x10, 0x0, 0x0,
    0x0, 0x0, 0x7f, 0xff, 0xff, 0x0, 0x0, 0x0,
    0x0, 0x0, 0x7f, 0xff, 0xff, 0x0, 0x0, 0x0,
    0x0, 0x0, 0x7f, 0xff, 0xff, 0x0, 0x0, 0x0,
    0x8f, 0xff, 0xff, 0xff, 0xff, 0xff, 0xff, 0xa0,
    0x8f, 0xff, 0xff, 0xff, 0xff, 0xff, 0xff, 0xa0,
    0x8f, 0xff, 0xff, 0xff, 0xff, 0xff, 0xff, 0xa0,
    0x8f, 0xff, 0xff, 0xff, 0xff, 0xff, 0xff, 0xa0,
    0x12, 0x22, 0x9f, 0xff, 0xff, 0x22, 0x22, 0x10,
    0x0, 0x0, 0x7f, 0xff, 0xff, 0x0, 0x0, 0x0,
    0x0, 0x0, 0x7f, 0xff, 0xff, 0x0, 0x0, 0x0,
    0x0, 0x0, 0x7f, 0xff, 0xff, 0x0, 0x0, 0x0,
    0x0, 0x0, 0x7f, 0xff, 0xff, 0x0, 0x0, 0x0,
    0x0, 0x0, 0x7f, 0xff, 0xff, 0x0, 0x0, 0x0,
    0x0, 0x0, 0x7f, 0xff, 0xff, 0x0, 0x0, 0x0,
    0x0, 0x0, 0x7f, 0xff, 0xff, 0x0, 0x0, 0x0,
    0x0, 0x0, 0x7f, 0xff, 0xff, 0x0, 0x0, 0x0,
    0x0, 0x0, 0x7f, 0xff, 0xff, 0x0, 0x0, 0x0,
    0x0, 0x0, 0x7f, 0xff, 0xff, 0x0, 0x0, 0x0,
    0x0, 0x0, 0x7f, 0xff, 0xff, 0x0, 0x0, 0x0,
    0x0, 0x0, 0x7f, 0xff, 0xff, 0x0, 0x0, 0x0,
    0x0, 0x0, 0x7f, 0xff, 0xff, 0x0, 0x0, 0x0,
    0x0, 0x0, 0x7f, 0xff, 0xff, 0x0, 0x0, 0x0,
    0x0, 0x0, 0x7f, 0xff, 0xff, 0x0, 0x0, 0x0,
    0x0, 0x0, 0x7f, 0xff, 0xff, 0x0, 0x0, 0x0,
    0x0, 0x0, 0x7f, 0xff, 0xff, 0x0, 0x0, 0x0,
    0x0, 0x0, 0x7f, 0xff, 0xff, 0x0, 0x0, 0x0,
    0x0, 0x0, 0x7f, 0xff, 0xff, 0x0, 0x0, 0x0,
    0x0, 0x0, 0x7f, 0xff, 0xff, 0x0, 0x0, 0x0,

    /* U+0067 "g" */
    0x0, 0x0, 0x0, 0x0, 0x3, 0x57, 0x65, 0x10,
    0x0, 0x0, 0x0, 0x0, 0x0, 0x0, 0x0, 0x1,
    0x9e, 0xff, 0xff, 0xff, 0xb4, 0x0, 0xaf, 0xff,
    0xfd, 0x0, 0x0, 0x7, 0xff, 0xff, 0xff, 0xff,
    0xff, 0xf8, 0xa, 0xff, 0xff, 0xd0, 0x0, 0x9,
    0xff, 0xff, 0xff, 0xff, 0xff, 0xff, 0xf7, 0xaf,
    0xff, 0xfd, 0x0, 0x8, 0xff, 0xff, 0xff, 0xff,
    0xff, 0xff, 0xff, 0xfd, 0xff, 0xff, 0xd0, 0x3,
    0xff, 0xff, 0xff, 0xc5, 0x10, 0x3, 0x9f, 0xff,
    0xff, 0xff, 0xfd, 0x0, 0xcf, 0xff, 0xff, 0x90,
    0x0, 0x0, 0x0, 0x3e, 0xff, 0xff, 0xff, 0xd0,
    0x4f, 0xff, 0xff, 0xb0, 0x0, 0x0, 0x0, 0x0,
    0x3f, 0xff, 0xff, 0xfd, 0xa, 0xff, 0xff, 0xf4,
    0x0, 0x0, 0x0, 0x0, 0x0, 0xbf, 0xff, 0xff,
    0xd0, 0xef, 0xff, 0xfd, 0x0, 0x0, 0x0, 0x0,
    0x0, 0x4, 0xff, 0xff, 0xfd, 0x1f, 0xff, 0xff,
    0x80, 0x0, 0x0, 0x0, 0x0, 0x0, 0xf, 0xff,
    0xff, 0xd3, 0xff, 0xff, 0xf5, 0x0, 0x0, 0x0,
    0x0, 0x0, 0x0, 0xdf, 0xff, 0xfd, 0x4f, 0xff,
    0xff, 0x40, 0x0, 0x0, 0x0, 0x0, 0x0, 0xb,
    0xff, 0xff, 0xd4, 0xff, 0xff, 0xf2, 0x0, 0x0,
    0x0, 0x0, 0x0, 0x0, 0xbf, 0xff, 0xfd, 0x3f,
    0xff, 0xff, 0x40, 0x0, 0x0, 0x0, 0x0, 0x0,
    0xd, 0xff, 0xff, 0xd2, 0xff, 0xff, 0xf6, 0x0,
    0x0, 0x0, 0x0, 0x0, 0x0, 0xff, 0xff, 0xfd,
    0xf, 0xff, 0xff, 0x90, 0x0, 0x0, 0x0, 0x0,
    0x0, 0x2f, 0xff, 0xff, 0xd0, 0xcf, 0xff, 0xff,
    0x0, 0x0, 0x0, 0x0, 0x0, 0x9, 0xff, 0xff,
    0xfd, 0x8, 0xff, 0xff, 0xf7, 0x0, 0x0, 0x0,
    0x0, 0x0, 0xff, 0xff, 0xff, 0xd0, 0x2f, 0xff,
    0xff, 0xf4, 0x0, 0x0, 0x0, 0x0, 0xaf, 0xff,
    0xff, 0xfd, 0x0, 0xbf, 0xff, 0xff, 0xf5, 0x0,
    0x0, 0x1, 0xaf, 0xff, 0xff, 0xff, 0xd0, 0x2,
    0xff, 0xff, 0xff, 0xfc, 0x86, 0x7a, 0xff, 0xff,
    0xef, 0xff, 0xfd, 0x0, 0x6, 0xff, 0xff, 0xff,
    0xff, 0xff, 0xff, 0xff, 0x8a, 0xff, 0xff, 0xd0,
    0x0, 0x6, 0xff, 0xff, 0xff, 0xff, 0xff, 0xff,
    0xb0, 0xaf, 0xff, 0xfd, 0x0, 0x0, 0x3, 0xdf,
    0xff, 0xff, 0xff, 0xff, 0x80, 0xa, 0xff, 0xff,
    0xd0, 0x0, 0x0, 0x0, 0x39, 0xce, 0xfe, 0xc8,
    0x10, 0x0, 0xbf, 0xff, 0xfb, 0x0, 0x0, 0x0,
    0x0, 0x0, 0x0, 0x0, 0x0, 0x0, 0xd, 0xff,
    0xff, 0xa0, 0x0, 0x0, 0x0, 0x0, 0x0, 0x0,
    0x0, 0x0, 0x0, 0xff, 0xff, 0xf8, 0x5, 0xff,
    0xff, 0xf4, 0x0, 0x0, 0x0, 0x0, 0x0, 0x6f,
    0xff, 0xff, 0x30, 0x2f, 0xff, 0xff, 0xc0, 0x0,
    0x0, 0x0, 0x0, 0x1f, 0xff, 0xff, 0xe0, 0x0,
    0xbf, 0xff, 0xff, 0xc2, 0x0, 0x0, 0x0, 0x7f,
    0xff, 0xff, 0xf6, 0x0, 0x3, 0xff, 0xff, 0xff,
    0xfe, 0xbb, 0xbd, 0xff, 0xff, 0xff, 0xfc, 0x0,
    0x0, 0x5, 0xff, 0xff, 0xff, 0xff, 0xff, 0xff,
    0xff, 0xff, 0xfd, 0x10, 0x0, 0x0, 0x3, 0xdf,
    0xff, 0xff, 0xff, 0xff, 0xff, 0xff, 0xf8, 0x0,
    0x0, 0x0, 0x0, 0x0, 0x6c, 0xff, 0xff, 0xff,
    0xff, 0xfe, 0x82, 0x0, 0x0, 0x0, 0x0, 0x0,
    0x0, 0x0, 0x24, 0x67, 0x76, 0x41, 0x0, 0x0,
    0x0, 0x0,

    /* U+0068 "h" */
    0x1f, 0xff, 0xff, 0x50, 0x0, 0x0, 0x0, 0x0,
    0x0, 0x0, 0x0, 0x1, 0xff, 0xff, 0xf5, 0x0,
    0x0, 0x0, 0x0, 0x0, 0x0, 0x0, 0x0, 0x1f,
    0xff, 0xff, 0x50, 0x0, 0x0, 0x0, 0x0, 0x0,
    0x0, 0x0, 0x1, 0xff, 0xff, 0xf5, 0x0, 0x0,
    0x0, 0x0, 0x0, 0x0, 0x0, 0x0, 0x1f, 0xff,
    0xff, 0x50, 0x0, 0x0, 0x0, 0x0, 0x0, 0x0,
    0x0, 0x1, 0xff, 0xff, 0xf5, 0x0, 0x0, 0x0,
    0x0, 0x0, 0x0, 0x0, 0x0, 0x1f, 0xff, 0xff,
    0x50, 0x0, 0x0, 0x0, 0x0, 0x0, 0x0, 0x0,
    0x1, 0xff, 0xff, 0xf5, 0x0, 0x0, 0x0, 0x0,
    0x0, 0x0, 0x0, 0x0, 0x1f, 0xff, 0xff, 0x50,
    0x0, 0x0, 0x0, 0x0, 0x0, 0x0, 0x0, 0x1,
    0xff, 0xff, 0xf5, 0x0, 0x0, 0x25, 0x77, 0x63,
    0x0, 0x0, 0x0, 0x1f, 0xff, 0xff, 0x50, 0x5,
    0xcf, 0xff, 0xff, 0xff, 0x81, 0x0, 0x1, 0xff,
    0xff, 0xf5, 0xa, 0xff, 0xff, 0xff, 0xff, 0xff,
    0xe3, 0x0, 0x1f, 0xff, 0xff, 0x6b, 0xff, 0xff,
    0xff, 0xff, 0xff, 0xff, 0xe2, 0x1, 0xff, 0xff,
    0xfd, 0xff, 0xff, 0xfe, 0xff, 0xff, 0xff, 0xff,
    0xb0, 0x1f, 0xff, 0xff, 0xff, 0xfa, 0x20, 0x0,
    0x4d, 0xff, 0xff, 0xff, 0x21, 0xff, 0xff, 0xff,
    0xf6, 0x0, 0x0, 0x0, 0xd, 0xff, 0xff, 0xf6,
    0x1f, 0xff, 0xff, 0xf8, 0x0, 0x0, 0x0, 0x0,
    0x6f, 0xff, 0xff, 0x81, 0xff, 0xff, 0xfe, 0x10,
    0x0, 0x0, 0x0, 0x1, 0xff, 0xff, 0xfa, 0x1f,
    0xff, 0xff, 0xa0, 0x0, 0x0, 0x0, 0x0, 0xe,
    0xff, 0xff, 0xa1, 0xff, 0xff, 0xf8, 0x0, 0x0,
    0x0, 0x0, 0x0, 0xcf, 0xff, 0xfa, 0x1f, 0xff,
    0xff, 0x50, 0x0, 0x0, 0x0, 0x0, 0xc, 0xff,
    0xff, 0xa1, 0xff, 0xff, 0xf5, 0x0, 0x0, 0x0,
    0x0, 0x0, 0xcf, 0xff, 0xfa, 0x1f, 0xff, 0xff,
    0x50, 0x0, 0x0, 0x0, 0x0, 0xc, 0xff, 0xff,
    0xa1, 0xff, 0xff, 0xf5, 0x0, 0x0, 0x0, 0x0,
    0x0, 0xcf, 0xff, 0xfa, 0x1f, 0xff, 0xff, 0x50,
    0x0, 0x0, 0x0, 0x0, 0xc, 0xff, 0xff, 0xa1,
    0xff, 0xff, 0xf5, 0x0, 0x0, 0x0, 0x0, 0x0,
    0xcf, 0xff, 0xfa, 0x1f, 0xff, 0xff, 0x50, 0x0,
    0x0, 0x0, 0x0, 0xc, 0xff, 0xff, 0xa1, 0xff,
    0xff, 0xf5, 0x0, 0x0, 0x0, 0x0, 0x0, 0xcf,
    0xff, 0xfa, 0x1f, 0xff, 0xff, 0x50, 0x0, 0x0,
    0x0, 0x0, 0xc, 0xff, 0xff, 0xa1, 0xff, 0xff,
    0xf5, 0x0, 0x0, 0x0, 0x0, 0x0, 0xcf, 0xff,
    0xfa, 0x1f, 0xff, 0xff, 0x50, 0x0, 0x0, 0x0,
    0x0, 0xc, 0xff, 0xff, 0xa1, 0xff, 0xff, 0xf5,
    0x0, 0x0, 0x0, 0x0, 0x0, 0xcf, 0xff, 0xfa,
    0x1f, 0xff, 0xff, 0x50, 0x0, 0x0, 0x0, 0x0,
    0xc, 0xff, 0xff, 0xa1, 0xff, 0xff, 0xf5, 0x0,
    0x0, 0x0, 0x0, 0x0, 0xcf, 0xff, 0xfa, 0x1f,
    0xff, 0xff, 0x50, 0x0, 0x0, 0x0, 0x0, 0xc,
    0xff, 0xff, 0xa0,

    /* U+0069 "i" */
    0xff, 0xff, 0xf7, 0xff, 0xff, 0xf7, 0xff, 0xff,
    0xf7, 0xff, 0xff, 0xf7, 0xff, 0xff, 0xf7, 0x44,
    0x44, 0x42, 0x0, 0x0, 0x0, 0x0, 0x0, 0x0,
    0x0, 0x0, 0x0, 0x0, 0x0, 0x0, 0xff, 0xff,
    0xf7, 0xff, 0xff, 0xf7, 0xff, 0xff, 0xf7, 0xff,
    0xff, 0xf7, 0xff, 0xff, 0xf7, 0xff, 0xff, 0xf7,
    0xff, 0xff, 0xf7, 0xff, 0xff, 0xf7, 0xff, 0xff,
    0xf7, 0xff, 0xff, 0xf7, 0xff, 0xff, 0xf7, 0xff,
    0xff, 0xf7, 0xff, 0xff, 0xf7, 0xff, 0xff, 0xf7,
    0xff, 0xff, 0xf7, 0xff, 0xff, 0xf7, 0xff, 0xff,
    0xf7, 0xff, 0xff, 0xf7, 0xff, 0xff, 0xf7, 0xff,
    0xff, 0xf7, 0xff, 0xff, 0xf7, 0xff, 0xff, 0xf7,
    0xff, 0xff, 0xf7, 0xff, 0xff, 0xf7, 0xff, 0xff,
    0xf7,

    /* U+006A "j" */
    0x0, 0x0, 0xf, 0xff, 0xff, 0x70, 0x0, 0x0,
    0xff, 0xff, 0xf7, 0x0, 0x0, 0xf, 0xff, 0xff,
    0x70, 0x0, 0x0, 0xff, 0xff, 0xf7, 0x0, 0x0,
    0xf, 0xff, 0xff, 0x70, 0x0, 0x0, 0x44, 0x44,
    0x42, 0x0, 0x0, 0x0, 0x0, 0x0, 0x0, 0x0,
    0x0, 0x0, 0x0, 0x0, 0x0, 0x0, 0x0, 0x0,
    0x0, 0x0, 0x0, 0x0, 0x0, 0x0, 0x0, 0x0,
    0x0, 0xf, 0xff, 0xff, 0x70, 0x0, 0x0, 0xff,
    0xff, 0xf7, 0x0, 0x0, 0xf, 0xff, 0xff, 0x70,
    0x0, 0x0, 0xff, 0xff, 0xf7, 0x0, 0x0, 0xf,
    0xff, 0xff, 0x70, 0x0, 0x0, 0xff, 0xff, 0xf7,
    0x0, 0x0, 0xf, 0xff, 0xff, 0x70, 0x0, 0x0,
    0xff, 0xff, 0xf7, 0x0, 0x0, 0xf, 0xff, 0xff,
    0x70, 0x0, 0x0, 0xff, 0xff, 0xf7, 0x0, 0x0,
    0xf, 0xff, 0xff, 0x70, 0x0, 0x0, 0xff, 0xff,
    0xf7, 0x0, 0x0, 0xf, 0xff, 0xff, 0x70, 0x0,
    0x0, 0xff, 0xff, 0xf7, 0x0, 0x0, 0xf, 0xff,
    0xff, 0x70, 0x0, 0x0, 0xff, 0xff, 0xf7, 0x0,
    0x0, 0xf, 0xff, 0xff, 0x70, 0x0, 0x0, 0xff,
    0xff, 0xf7, 0x0, 0x0, 0xf, 0xff, 0xff, 0x70,
    0x0, 0x0, 0xff, 0xff, 0xf7, 0x0, 0x0, 0xf,
    0xff, 0xff, 0x70, 0x0, 0x0, 0xff, 0xff, 0xf7,
    0x0, 0x0, 0xf, 0xff, 0xff, 0x70, 0x0, 0x0,
    0xff, 0xff, 0xf7, 0x0, 0x0, 0xf, 0xff, 0xff,
    0x70, 0x0, 0x0, 0xff, 0xff, 0xf7, 0x0, 0x0,
    0xf, 0xff, 0xff, 0x70, 0x0, 0x0, 0xff, 0xff,
    0xf6, 0x0, 0x0, 0x2f, 0xff, 0xff, 0x40, 0x0,
    0x9, 0xff, 0xff, 0xf2, 0xf, 0xef, 0xff, 0xff,
    0xfd, 0x0, 0xff, 0xff, 0xff, 0xff, 0x50, 0xf,
    0xff, 0xff, 0xff, 0xc0, 0x0, 0xff, 0xff, 0xff,
    0x90, 0x0, 0x6, 0x77, 0x64, 0x0, 0x0, 0x0,

    /* U+006B "k" */
    0xff, 0xff, 0xf7, 0x0, 0x0, 0x0, 0x0, 0x0,
    0x0, 0x0, 0x0, 0x0, 0xff, 0xff, 0xf7, 0x0,
    0x0, 0x0, 0x0, 0x0, 0x0, 0x0, 0x0, 0x0,
    0xff, 0xff, 0xf7, 0x0, 0x0, 0x0, 0x0, 0x0,
    0x0, 0x0, 0x0, 0x0, 0xff, 0xff, 0xf7, 0x0,
    0x0, 0x0, 0x0, 0x0, 0x0, 0x0, 0x0, 0x0,
    0xff, 0xff, 0xf7, 0x0, 0x0, 0x0, 0x0, 0x0,
    0x0, 0x0, 0x0, 0x0, 0xff, 0xff, 0xf7, 0x0,
    0x0, 0x0, 0x0, 0x0, 0x0, 0x0, 0x0, 0x0,
    0xff, 0xff, 0xf7, 0x0, 0x0, 0x0, 0x0, 0x0,
    0x0, 0x0, 0x0, 0x0, 0xff, 0xff, 0xf7, 0x0,
    0x0, 0x0, 0x0, 0x0, 0x0, 0x0, 0x0, 0x0,
    0xff, 0xff, 0xf7, 0x0, 0x0, 0x0, 0x0, 0x0,
    0x0, 0x0, 0x0, 0x0, 0xff, 0xff, 0xf7, 0x0,
    0x0, 0x0, 0x0, 0x0, 0x0, 0x0, 0x0, 0x0,
    0xff, 0xff, 0xf7, 0x0, 0x0, 0x0, 0x0, 0x2e,
    0xff, 0xff, 0xf9, 0x0, 0xff, 0xff, 0xf7, 0x0,
    0x0, 0x0, 0x2, 0xef, 0xff, 0xff, 0x80, 0x0,
    0xff, 0xff, 0xf7, 0x0, 0x0, 0x0, 0x2e, 0xff,
    0xff, 0xf8, 0x0, 0x0, 0xff, 0xff, 0xf7, 0x0,
    0x0, 0x2, 0xef, 0xff, 0xff, 0x70, 0x0, 0x0,
    0xff, 0xff, 0xf7, 0x0, 0x0, 0x2e, 0xff, 0xff,
    0xf7, 0x0, 0x0, 0x0, 0xff, 0xff, 0xf7, 0x0,
    0x1, 0xdf, 0xff, 0xff, 0x60, 0x0, 0x0, 0x0,
    0xff, 0xff, 0xf7, 0x0, 0x1d, 0xff, 0xff, 0xf6,
    0x0, 0x0, 0x0, 0x0, 0xff, 0xff, 0xf7, 0x1,
    0xdf, 0xff, 0xff, 0x50, 0x0, 0x0, 0x0, 0x0,
    0xff, 0xff, 0xf7, 0x1d, 0xff, 0xff, 0xf5, 0x0,
    0x0, 0x0, 0x0, 0x0, 0xff, 0xff, 0xf9, 0xdf,
    0xff, 0xff, 0xd0, 0x0, 0x0, 0x0, 0x0, 0x0,
    0xff, 0xff, 0xff, 0xff, 0xff, 0xff, 0xf7, 0x0,
    0x0, 0x0, 0x0, 0x0, 0xff, 0xff, 0xff, 0xff,
    0xff, 0xff, 0xff, 0x20, 0x0, 0x0, 0x0, 0x0,
    0xff, 0xff, 0xff, 0xff, 0xff, 0xff, 0xff, 0xc0,
    0x0, 0x0, 0x0, 0x0, 0xff, 0xff, 0xff, 0xfe,
    0x3d, 0xff, 0xff, 0xf6, 0x0, 0x0, 0x0, 0x0,
    0xff, 0xff, 0xff, 0xe2, 0x3, 0xff, 0xff, 0xff,
    0x20, 0x0, 0x0, 0x0, 0xff, 0xff, 0xfe, 0x20,
    0x0, 0x9f, 0xff, 0xff, 0xb0, 0x0, 0x0, 0x0,
    0xff, 0xff, 0xf8, 0x0, 0x0, 0xe, 0xff, 0xff,
    0xf6, 0x0, 0x0, 0x0, 0xff, 0xff, 0xf7, 0x0,
    0x0, 0x5, 0xff, 0xff, 0xff, 0x10, 0x0, 0x0,
    0xff, 0xff, 0xf7, 0x0, 0x0, 0x0, 0xbf, 0xff,
    0xff, 0xb0, 0x0, 0x0, 0xff, 0xff, 0xf7, 0x0,
    0x0, 0x0, 0x2f, 0xff, 0xff, 0xf6, 0x0, 0x0,
    0xff, 0xff, 0xf7, 0x0, 0x0, 0x0, 0x7, 0xff,
    0xff, 0xff, 0x10, 0x0, 0xff, 0xff, 0xf7, 0x0,
    0x0, 0x0, 0x0, 0xdf, 0xff, 0xff, 0xb0, 0x0,
    0xff, 0xff, 0xf7, 0x0, 0x0, 0x0, 0x0, 0x3f,
    0xff, 0xff, 0xf5, 0x0, 0xff, 0xff, 0xf7, 0x0,
    0x0, 0x0, 0x0, 0x9, 0xff, 0xff, 0xfe, 0x10,
    0xff, 0xff, 0xf7, 0x0, 0x0, 0x0, 0x0, 0x1,
    0xef, 0xff, 0xff, 0xa0,

    /* U+006C "l" */
    0xff, 0xff, 0xf7, 0xff, 0xff, 0xf7, 0xff, 0xff,
    0xf7, 0xff, 0xff, 0xf7, 0xff, 0xff, 0xf7, 0xff,
    0xff, 0xf7, 0xff, 0xff, 0xf7, 0xff, 0xff, 0xf7,
    0xff, 0xff, 0xf7, 0xff, 0xff, 0xf7, 0xff, 0xff,
    0xf7, 0xff, 0xff, 0xf7, 0xff, 0xff, 0xf7, 0xff,
    0xff, 0xf7, 0xff, 0xff, 0xf7, 0xff, 0xff, 0xf7,
    0xff, 0xff, 0xf7, 0xff, 0xff, 0xf7, 0xff, 0xff,
    0xf7, 0xff, 0xff, 0xf7, 0xff, 0xff, 0xf7, 0xff,
    0xff, 0xf7, 0xff, 0xff, 0xf7, 0xff, 0xff, 0xf7,
    0xff, 0xff, 0xf7, 0xff, 0xff, 0xf7, 0xff, 0xff,
    0xf7, 0xff, 0xff, 0xf7, 0xff, 0xff, 0xf7, 0xff,
    0xff, 0xf7, 0xff, 0xff, 0xf7, 0xff, 0xff, 0xf7,
    0xff, 0xff, 0xf7, 0xff, 0xff, 0xf7, 0xff, 0xff,
    0xf7,

    /* U+006D "m" */
    0x0, 0x0, 0x0, 0x0, 0x0, 0x3, 0x57, 0x64,
    0x10, 0x0, 0x0, 0x0, 0x0, 0x45, 0x75, 0x31,
    0x0, 0x0, 0x1, 0xff, 0xff, 0xf0, 0x0, 0x7d,
    0xff, 0xff, 0xff, 0xa2, 0x0, 0x0, 0x19, 0xff,
    0xff, 0xff, 0xfc, 0x30, 0x0, 0x1f, 0xff, 0xff,
    0x1, 0xcf, 0xff, 0xff, 0xff, 0xff, 0xf4, 0x0,
    0x3e, 0xff, 0xff, 0xff, 0xff, 0xff, 0xa0, 0x1,
    0xff, 0xff, 0xf1, 0xcf, 0xff, 0xff, 0xff, 0xff,
    0xff, 0xf1, 0x3f, 0xff, 0xff, 0xff, 0xff, 0xff,
    0xff, 0x80, 0x1f, 0xff, 0xff, 0xbf, 0xff, 0xff,
    0xff, 0xff, 0xff, 0xff, 0xbe, 0xff, 0xff, 0xff,
    0xff, 0xff, 0xff, 0xff, 0x11, 0xff, 0xff, 0xff,
    0xff, 0x82, 0x0, 0x3b, 0xff, 0xff, 0xff, 0xff,
    0xf6, 0x20, 0x1, 0x8f, 0xff, 0xff, 0xf6, 0x1f,
    0xff, 0xff, 0xff, 0x30, 0x0, 0x0, 0xb, 0xff,
    0xff, 0xff, 0xe2, 0x0, 0x0, 0x0, 0x8f, 0xff,
    0xff, 0xa1, 0xff, 0xff, 0xff, 0x60, 0x0, 0x0,
    0x0, 0x4f, 0xff, 0xff, 0xf7, 0x0, 0x0, 0x0,
    0x1, 0xff, 0xff, 0xfc, 0x1f, 0xff, 0xff, 0xd0,
    0x0, 0x0, 0x0, 0x0, 0xff, 0xff, 0xff, 0x0,
    0x0, 0x0, 0x0, 0xc, 0xff, 0xff, 0xd1, 0xff,
    0xff, 0xfa, 0x0, 0x0, 0x0, 0x0, 0xe, 0xff,
    0xff, 0xd0, 0x0, 0x0, 0x0, 0x0, 0xaf, 0xff,
    0xfd, 0x1f, 0xff, 0xff, 0x70, 0x0, 0x0, 0x0,
    0x0, 0xdf, 0xff, 0xfb, 0x0, 0x0, 0x0, 0x0,
    0xa, 0xff, 0xff, 0xd1, 0xff, 0xff, 0xf5, 0x0,
    0x0, 0x0, 0x0, 0xd, 0xff, 0xff, 0x90, 0x0,
    0x0, 0x0, 0x0, 0x9f, 0xff, 0xfd, 0x1f, 0xff,
    0xff, 0x50, 0x0, 0x0, 0x0, 0x0, 0xdf, 0xff,
    0xf9, 0x0, 0x0, 0x0, 0x0, 0x9, 0xff, 0xff,
    0xd1, 0xff, 0xff, 0xf5, 0x0, 0x0, 0x0, 0x0,
    0xd, 0xff, 0xff, 0x90, 0x0, 0x0, 0x0, 0x0,
    0x9f, 0xff, 0xfd, 0x1f, 0xff, 0xff, 0x50, 0x0,
    0x0, 0x0, 0x0, 0xdf, 0xff, 0xf9, 0x0, 0x0,
    0x0, 0x0, 0x9, 0xff, 0xff, 0xd1, 0xff, 0xff,
    0xf5, 0x0, 0x0, 0x0, 0x0, 0xd, 0xff, 0xff,
    0x90, 0x0, 0x0, 0x0, 0x0, 0x9f, 0xff, 0xfd,
    0x1f, 0xff, 0xff, 0x50, 0x0, 0x0, 0x0, 0x0,
    0xdf, 0xff, 0xf9, 0x0, 0x0, 0x0, 0x0, 0x9,
    0xff, 0xff, 0xd1, 0xff, 0xff, 0xf5, 0x0, 0x0,
    0x0, 0x0, 0xd, 0xff, 0xff, 0x90, 0x0, 0x0,
    0x0, 0x0, 0x9f, 0xff, 0xfd, 0x1f, 0xff, 0xff,
    0x50, 0x0, 0x0, 0x0, 0x0, 0xdf, 0xff, 0xf9,
    0x0, 0x0, 0x0, 0x0, 0x9, 0xff, 0xff, 0xd1,
    0xff, 0xff, 0xf5, 0x0, 0x0, 0x0, 0x0, 0xd,
    0xff, 0xff, 0x90, 0x0, 0x0, 0x0, 0x0, 0x9f,
    0xff, 0xfd, 0x1f, 0xff, 0xff, 0x50, 0x0, 0x0,
    0x0, 0x0, 0xdf, 0xff, 0xf9, 0x0, 0x0, 0x0,
    0x0, 0x9, 0xff, 0xff, 0xd1, 0xff, 0xff, 0xf5,
    0x0, 0x0, 0x0, 0x0, 0xd, 0xff, 0xff, 0x90,
    0x0, 0x0, 0x0, 0x0, 0x9f, 0xff, 0xfd, 0x1f,
    0xff, 0xff, 0x50, 0x0, 0x0, 0x0, 0x0, 0xdf,
    0xff, 0xf9, 0x0, 0x0, 0x0, 0x0, 0x9, 0xff,
    0xff, 0xd1, 0xff, 0xff, 0xf5, 0x0, 0x0, 0x0,
    0x0, 0xd, 0xff, 0xff, 0x90, 0x0, 0x0, 0x0,
    0x0, 0x9f, 0xff, 0xfd, 0x1f, 0xff, 0xff, 0x50,
    0x0, 0x0, 0x0, 0x0, 0xdf, 0xff, 0xf9, 0x0,
    0x0, 0x0, 0x0, 0x9, 0xff, 0xff, 0xd1, 0xff,
    0xff, 0xf5, 0x0, 0x0, 0x0, 0x0, 0xd, 0xff,
    0xff, 0x90, 0x0, 0x0, 0x0, 0x0, 0x9f, 0xff,
    0xfd,

    /* U+006E "n" */
    0x0, 0x0, 0x0, 0x0, 0x0, 0x2, 0x47, 0x76,
    0x30, 0x0, 0x0, 0x1, 0xff, 0xff, 0xf0, 0x0,
    0x4b, 0xff, 0xff, 0xff, 0xf8, 0x10, 0x0, 0x1f,
    0xff, 0xff, 0x0, 0x9f, 0xff, 0xff, 0xff, 0xff,
    0xfe, 0x30, 0x1, 0xff, 0xff, 0xf1, 0xbf, 0xff,
    0xff, 0xff, 0xff, 0xff, 0xfe, 0x20, 0x1f, 0xff,
    0xff, 0x8f, 0xff, 0xff, 0xef, 0xff, 0xff, 0xff,
    0xfb, 0x1, 0xff, 0xff, 0xff, 0xff, 0xa2, 0x0,
    0x4, 0xdf, 0xff, 0xff, 0xf2, 0x1f, 0xff, 0xff,
    0xff, 0x60, 0x0, 0x0, 0x0, 0xdf, 0xff, 0xff,
    0x61, 0xff, 0xff, 0xff, 0x80, 0x0, 0x0, 0x0,
    0x6, 0xff, 0xff, 0xf8, 0x1f, 0xff, 0xff, 0xe1,
    0x0, 0x0, 0x0, 0x0, 0x1f, 0xff, 0xff, 0xa1,
    0xff, 0xff, 0xfa, 0x0, 0x0, 0x0, 0x0, 0x0,
    0xef, 0xff, 0xfa, 0x1f, 0xff, 0xff, 0x80, 0x0,
    0x0, 0x0, 0x0, 0xc, 0xff, 0xff, 0xa1, 0xff,
    0xff, 0xf5, 0x0, 0x0, 0x0, 0x0, 0x0, 0xcf,
    0xff, 0xfa, 0x1f, 0xff, 0xff, 0x50, 0x0, 0x0,
    0x0, 0x0, 0xc, 0xff, 0xff, 0xa1, 0xff, 0xff,
    0xf5, 0x0, 0x0, 0x0, 0x0, 0x0, 0xcf, 0xff,
    0xfa, 0x1f, 0xff, 0xff, 0x50, 0x0, 0x0, 0x0,
    0x0, 0xc, 0xff, 0xff, 0xa1, 0xff, 0xff, 0xf5,
    0x0, 0x0, 0x0, 0x0, 0x0, 0xcf, 0xff, 0xfa,
    0x1f, 0xff, 0xff, 0x50, 0x0, 0x0, 0x0, 0x0,
    0xc, 0xff, 0xff, 0xa1, 0xff, 0xff, 0xf5, 0x0,
    0x0, 0x0, 0x0, 0x0, 0xcf, 0xff, 0xfa, 0x1f,
    0xff, 0xff, 0x50, 0x0, 0x0, 0x0, 0x0, 0xc,
    0xff, 0xff, 0xa1, 0xff, 0xff, 0xf5, 0x0, 0x0,
    0x0, 0x0, 0x0, 0xcf, 0xff, 0xfa, 0x1f, 0xff,
    0xff, 0x50, 0x0, 0x0, 0x0, 0x0, 0xc, 0xff,
    0xff, 0xa1, 0xff, 0xff, 0xf5, 0x0, 0x0, 0x0,
    0x0, 0x0, 0xcf, 0xff, 0xfa, 0x1f, 0xff, 0xff,
    0x50, 0x0, 0x0, 0x0, 0x0, 0xc, 0xff, 0xff,
    0xa1, 0xff, 0xff, 0xf5, 0x0, 0x0, 0x0, 0x0,
    0x0, 0xcf, 0xff, 0xfa, 0x1f, 0xff, 0xff, 0x50,
    0x0, 0x0, 0x0, 0x0, 0xc, 0xff, 0xff, 0xa1,
    0xff, 0xff, 0xf5, 0x0, 0x0, 0x0, 0x0, 0x0,
    0xcf, 0xff, 0xfa,

    /* U+006F "o" */
    0x0, 0x0, 0x0, 0x0, 0x0, 0x35, 0x67, 0x64,
    0x10, 0x0, 0x0, 0x0, 0x0, 0x0, 0x0, 0x0,
    0x4, 0xaf, 0xff, 0xff, 0xff, 0xfc, 0x70, 0x0,
    0x0, 0x0, 0x0, 0x0, 0x2, 0xbf, 0xff, 0xff,
    0xff, 0xff, 0xff, 0xfe, 0x60, 0x0, 0x0, 0x0,
    0x0, 0x4f, 0xff, 0xff, 0xff, 0xff, 0xff, 0xff,
    0xff, 0xfa, 0x0, 0x0, 0x0, 0x4, 0xff, 0xff,
    0xff, 0xff, 0xff, 0xff, 0xff, 0xff, 0xff, 0xb0,
    0x0, 0x0, 0x1e, 0xff, 0xff, 0xff, 0x82, 0x0,
    0x15, 0xcf, 0xff, 0xff, 0xf7, 0x0, 0x0, 0x9f,
    0xff, 0xff, 0xd2, 0x0, 0x0, 0x0, 0xa, 0xff,
    0xff, 0xff, 0x10, 0x1, 0xff, 0xff, 0xfe, 0x10,
    0x0, 0x0, 0x0, 0x0, 0x9f, 0xff, 0xff, 0x80,
    0x8, 0xff, 0xff, 0xf7, 0x0, 0x0, 0x0, 0x0,
    0x0, 0xf, 0xff, 0xff, 0xf0, 0xc, 0xff, 0xff,
    0xe0, 0x0, 0x0, 0x0, 0x0, 0x0, 0x8, 0xff,
    0xff, 0xf3, 0xf, 0xff, 0xff, 0x90, 0x0, 0x0,
    0x0, 0x0, 0x0, 0x2, 0xff, 0xff, 0xf7, 0x2f,
    0xff, 0xff, 0x70, 0x0, 0x0, 0x0, 0x0, 0x0,
    0x0, 0xff, 0xff, 0xf9, 0x3f, 0xff, 0xff, 0x50,
    0x0, 0x0, 0x0, 0x0, 0x0, 0x0, 0xdf, 0xff,
    0xfb, 0x3f, 0xff, 0xff, 0x30, 0x0, 0x0, 0x0,
    0x0, 0x0, 0x0, 0xbf, 0xff, 0xfc, 0x3f, 0xff,
    0xff, 0x50, 0x0, 0x0, 0x0, 0x0, 0x0, 0x0,
    0xdf, 0xff, 0xfb, 0x2f, 0xff, 0xff, 0x70, 0x0,
    0x0, 0x0, 0x0, 0x0, 0x0, 0xff, 0xff, 0xf9,
    0xf, 0xff, 0xff, 0x90, 0x0, 0x0, 0x0, 0x0,
    0x0, 0x2, 0xff, 0xff, 0xf7, 0xc, 0xff, 0xff,
    0xe0, 0x0, 0x0, 0x0, 0x0, 0x0, 0x8, 0xff,
    0xff, 0xf3, 0x8, 0xff, 0xff, 0xf7, 0x0, 0x0,
    0x0, 0x0, 0x0, 0xe, 0xff, 0xff, 0xf0, 0x1,
    0xff, 0xff, 0xfe, 0x10, 0x0, 0x0, 0x0, 0x0,
    0x8f, 0xff, 0xff, 0x80, 0x0, 0x9f, 0xff, 0xff,
    0xd1, 0x0, 0x0, 0x0, 0x7, 0xff, 0xff, 0xff,
    0x10, 0x0, 0x1e, 0xff, 0xff, 0xff, 0x72, 0x0,
    0x4, 0xbf, 0xff, 0xff, 0xf7, 0x0, 0x0, 0x4,
    0xff, 0xff, 0xff, 0xff, 0xff, 0xff, 0xff, 0xff,
    0xff, 0xb0, 0x0, 0x0, 0x0, 0x4f, 0xff, 0xff,
    0xff, 0xff, 0xff, 0xff, 0xff, 0xfa, 0x0, 0x0,
    0x0, 0x0, 0x2, 0xcf, 0xff, 0xff, 0xff, 0xff,
    0xff, 0xff, 0x70, 0x0, 0x0, 0x0, 0x0, 0x0,
    0x5, 0xbf, 0xff, 0xff, 0xff, 0xfd, 0x81, 0x0,
    0x0, 0x0, 0x0, 0x0, 0x0, 0x0, 0x0, 0x45,
    0x77, 0x65, 0x20, 0x0, 0x0, 0x0, 0x0,

    /* U+0070 "p" */
    0x0, 0x0, 0x0, 0x0, 0x0, 0x25, 0x77, 0x54,
    0x0, 0x0, 0x0, 0x0, 0xf, 0xff, 0xff, 0x30,
    0x7, 0xdf, 0xff, 0xff, 0xff, 0xa3, 0x0, 0x0,
    0x0, 0xff, 0xff, 0xf3, 0x2d, 0xff, 0xff, 0xff,
    0xff, 0xff, 0xfa, 0x10, 0x0, 0xf, 0xff, 0xff,
    0x4d, 0xff, 0xff, 0xff, 0xff, 0xff, 0xff, 0xfc,
    0x10, 0x0, 0xff, 0xff, 0xfd, 0xff, 0xff, 0xfe,
    0xef, 0xff, 0xff, 0xff, 0xfc, 0x0, 0xf, 0xff,
    0xff, 0xff, 0xfd, 0x51, 0x0, 0x5, 0xcf, 0xff,
    0xff, 0xf7, 0x0, 0xff, 0xff, 0xff, 0xfb, 0x0,
    0x0, 0x0, 0x0, 0x9f, 0xff, 0xff, 0xf1, 0xf,
    0xff, 0xff, 0xfe, 0x0, 0x0, 0x0, 0x0, 0x0,
    0xaf, 0xff, 0xff, 0x70, 0xff, 0xff, 0xff, 0x60,
    0x0, 0x0, 0x0, 0x0, 0x2, 0xff, 0xff, 0xfd,
    0xf, 0xff, 0xff, 0xe0, 0x0, 0x0, 0x0, 0x0,
    0x0, 0xa, 0xff, 0xff, 0xf1, 0xff, 0xff, 0xfa,
    0x0, 0x0, 0x0, 0x0, 0x0, 0x0, 0x4f, 0xff,
    0xff, 0x4f, 0xff, 0xff, 0x80, 0x0, 0x0, 0x0,
    0x0, 0x0, 0x2, 0xff, 0xff, 0xf7, 0xff, 0xff,
    0xf6, 0x0, 0x0, 0x0, 0x0, 0x0, 0x0, 0xf,
    0xff, 0xff, 0x8f, 0xff, 0xff, 0x50, 0x0, 0x0,
    0x0, 0x0, 0x0, 0x0, 0xef, 0xff, 0xf9, 0xff,
    0xff, 0xf6, 0x0, 0x0, 0x0, 0x0, 0x0, 0x0,
    0xf, 0xff, 0xff, 0x8f, 0xff, 0xff, 0x80, 0x0,
    0x0, 0x0, 0x0, 0x0, 0x1, 0xff, 0xff, 0xf7,
    0xff, 0xff, 0xfa, 0x0, 0x0, 0x0, 0x0, 0x0,
    0x0, 0x3f, 0xff, 0xff, 0x5f, 0xff, 0xff, 0xf1,
    0x0, 0x0, 0x0, 0x0, 0x0, 0x8, 0xff, 0xff,
    0xf1, 0xff, 0xff, 0xff, 0x80, 0x0, 0x0, 0x0,
    0x0, 0x0, 0xef, 0xff, 0xfe, 0xf, 0xff, 0xff,
    0xff, 0x10, 0x0, 0x0, 0x0, 0x0, 0x9f, 0xff,
    0xff, 0x80, 0xff, 0xff, 0xff, 0xfd, 0x10, 0x0,
    0x0, 0x0, 0xaf, 0xff, 0xff, 0xf2, 0xf, 0xff,
    0xff, 0xff, 0xff, 0x72, 0x0, 0x4, 0xbf, 0xff,
    0xff, 0xf9, 0x0, 0xff, 0xff, 0xfd, 0xff, 0xff,
    0xff, 0xef, 0xff, 0xff, 0xff, 0xfe, 0x10, 0xf,
    0xff, 0xff, 0x89, 0xff, 0xff, 0xff, 0xff, 0xff,
    0xff, 0xfe, 0x20, 0x0, 0xff, 0xff, 0xf7, 0x9,
    0xff, 0xff, 0xff, 0xff, 0xff, 0xfd, 0x20, 0x0,
    0xf, 0xff, 0xff, 0x70, 0x3, 0xbf, 0xff, 0xff,
    0xff, 0xd7, 0x0, 0x0, 0x0, 0xff, 0xff, 0xf7,
    0x0, 0x0, 0x4, 0x67, 0x75, 0x30, 0x0, 0x0,
    0x0, 0xf, 0xff, 0xff, 0x70, 0x0, 0x0, 0x0,
    0x0, 0x0, 0x0, 0x0, 0x0, 0x0, 0xff, 0xff,
    0xf7, 0x0, 0x0, 0x0, 0x0, 0x0, 0x0, 0x0,
    0x0, 0x0, 0xf, 0xff, 0xff, 0x70, 0x0, 0x0,
    0x0, 0x0, 0x0, 0x0, 0x0, 0x0, 0x0, 0xff,
    0xff, 0xf7, 0x0, 0x0, 0x0, 0x0, 0x0, 0x0,
    0x0, 0x0, 0x0, 0xf, 0xff, 0xff, 0x70, 0x0,
    0x0, 0x0, 0x0, 0x0, 0x0, 0x0, 0x0, 0x0,
    0xff, 0xff, 0xf7, 0x0, 0x0, 0x0, 0x0, 0x0,
    0x0, 0x0, 0x0, 0x0, 0xf, 0xff, 0xff, 0x70,
    0x0, 0x0, 0x0, 0x0, 0x0, 0x0, 0x0, 0x0,
    0x0, 0xff, 0xff, 0xf7, 0x0, 0x0, 0x0, 0x0,
    0x0, 0x0, 0x0, 0x0, 0x0, 0x0,

    /* U+0071 "q" */
    0x0, 0x0, 0x0, 0x0, 0x3, 0x56, 0x75, 0x30,
    0x0, 0x0, 0x0, 0x0, 0x0, 0x0, 0x0, 0x0,
    0x18, 0xef, 0xff, 0xff, 0xfe, 0x91, 0x0, 0xef,
    0xff, 0xf3, 0x0, 0x0, 0x6, 0xff, 0xff, 0xff,
    0xff, 0xff, 0xfe, 0x40, 0xef, 0xff, 0xf3, 0x0,
    0x0, 0x9f, 0xff, 0xff, 0xff, 0xff, 0xff, 0xff,
    0xf2, 0xef, 0xff, 0xf3, 0x0, 0x8, 0xff, 0xff,
    0xff, 0xff, 0xff, 0xff, 0xff, 0xfd, 0xff, 0xff,
    0xf3, 0x0, 0x3f, 0xff, 0xff, 0xfe, 0x71, 0x0,
    0x5, 0xcf, 0xff, 0xff, 0xff, 0xf3, 0x0, 0xcf,
    0xff, 0xff, 0xc1, 0x0, 0x0, 0x0, 0x8, 0xff,
    0xff, 0xff, 0xf3, 0x3, 0xff, 0xff, 0xfe, 0x10,
    0x0, 0x0, 0x0, 0x0, 0xaf, 0xff, 0xff, 0xf3,
    0x9, 0xff, 0xff, 0xf6, 0x0, 0x0, 0x0, 0x0,
    0x0, 0x2f, 0xff, 0xff, 0xf3, 0xc, 0xff, 0xff,
    0xe0, 0x0, 0x0, 0x0, 0x0, 0x0, 0xb, 0xff,
    0xff, 0xf3, 0xf, 0xff, 0xff, 0x90, 0x0, 0x0,
    0x0, 0x0, 0x0, 0x6, 0xff, 0xff, 0xf3, 0x2f,
    0xff, 0xff, 0x60, 0x0, 0x0, 0x0, 0x0, 0x0,
    0x4, 0xff, 0xff, 0xf3, 0x3f, 0xff, 0xff, 0x40,
    0x0, 0x0, 0x0, 0x0, 0x0, 0x2, 0xff, 0xff,
    0xf3, 0x4f, 0xff, 0xff, 0x20, 0x0, 0x0, 0x0,
    0x0, 0x0, 0x1, 0xff, 0xff, 0xf3, 0x4f, 0xff,
    0xff, 0x40, 0x0, 0x0, 0x0, 0x0, 0x0, 0x2,
    0xff, 0xff, 0xf3, 0x3f, 0xff, 0xff, 0x50, 0x0,
    0x0, 0x0, 0x0, 0x0, 0x4, 0xff, 0xff, 0xf3,
    0x1f, 0xff, 0xff, 0x70, 0x0, 0x0, 0x0, 0x0,
    0x0, 0x6, 0xff, 0xff, 0xf3, 0xe, 0xff, 0xff,
    0xc0, 0x0, 0x0, 0x0, 0x0, 0x0, 0xb, 0xff,
    0xff, 0xf3, 0xa, 0xff, 0xff, 0xf2, 0x0, 0x0,
    0x0, 0x0, 0x0, 0x2f, 0xff, 0xff, 0xf3, 0x4,
    0xff, 0xff, 0xfc, 0x0, 0x0, 0x0, 0x0, 0x0,
    0xaf, 0xff, 0xff, 0xf3, 0x0, 0xef, 0xff, 0xff,
    0xc1, 0x0, 0x0, 0x0, 0x7, 0xff, 0xff, 0xff,
    0xf3, 0x0, 0x6f, 0xff, 0xff, 0xfe, 0x61, 0x0,
    0x4, 0xbf, 0xff, 0xff, 0xff, 0xf3, 0x0, 0xc,
    0xff, 0xff, 0xff, 0xff, 0xff, 0xff, 0xff, 0xfd,
    0xff, 0xff, 0xf3, 0x0, 0x1, 0xdf, 0xff, 0xff,
    0xff, 0xff, 0xff, 0xff, 0xc4, 0xff, 0xff, 0xf3,
    0x0, 0x0, 0x1b, 0xff, 0xff, 0xff, 0xff, 0xff,
    0xfb, 0x13, 0xff, 0xff, 0xf3, 0x0, 0x0, 0x0,
    0x5c, 0xff, 0xff, 0xff, 0xfc, 0x50, 0x3, 0xff,
    0xff, 0xf3, 0x0, 0x0, 0x0, 0x0, 0x25, 0x67,
    0x65, 0x10, 0x0, 0x3, 0xff, 0xff, 0xf3, 0x0,
    0x0, 0x0, 0x0, 0x0, 0x0, 0x0, 0x0, 0x0,
    0x3, 0xff, 0xff, 0xf3, 0x0, 0x0, 0x0, 0x0,
    0x0, 0x0, 0x0, 0x0, 0x0, 0x3, 0xff, 0xff,
    0xf3, 0x0, 0x0, 0x0, 0x0, 0x0, 0x0, 0x0,
    0x0, 0x0, 0x3, 0xff, 0xff, 0xf3, 0x0, 0x0,
    0x0, 0x0, 0x0, 0x0, 0x0, 0x0, 0x0, 0x3,
    0xff, 0xff, 0xf3, 0x0, 0x0, 0x0, 0x0, 0x0,
    0x0, 0x0, 0x0, 0x0, 0x3, 0xff, 0xff, 0xf3,
    0x0, 0x0, 0x0, 0x0, 0x0, 0x0, 0x0, 0x0,
    0x0, 0x3, 0xff, 0xff, 0xf3, 0x0, 0x0, 0x0,
    0x0, 0x0, 0x0, 0x0, 0x0, 0x0, 0x3, 0xff,
    0xff, 0xf3, 0x0, 0x0, 0x0, 0x0, 0x0, 0x0,
    0x0, 0x0, 0x0, 0x3, 0xff, 0xff, 0xf3,

    /* U+0072 "r" */
    0x0, 0x0, 0x0, 0x0, 0x0, 0x2, 0x57, 0x72,
    0x1f, 0xff, 0xff, 0x0, 0x2, 0xcf, 0xff, 0xf6,
    0x1f, 0xff, 0xff, 0x0, 0x7f, 0xff, 0xff, 0xf6,
    0x1f, 0xff, 0xff, 0x6, 0xff, 0xff, 0xff, 0xf6,
    0x1f, 0xff, 0xff, 0x3f, 0xff, 0xff, 0xff, 0xf6,
    0x1f, 0xff, 0xff, 0xbf, 0xff, 0xff, 0xed, 0xe6,
    0x1f, 0xff, 0xff, 0xff, 0xfe, 0x50, 0x0, 0x0,
    0x1f, 0xff, 0xff, 0xff, 0xc0, 0x0, 0x0, 0x0,
    0x1f, 0xff, 0xff, 0xfe, 0x10, 0x0, 0x0, 0x0,
    0x1f, 0xff, 0xff, 0xf5, 0x0, 0x0, 0x0, 0x0,
    0x1f, 0xff, 0xff, 0xe0, 0x0, 0x0, 0x0, 0x0,
    0x1f, 0xff, 0xff, 0xa0, 0x0, 0x0, 0x0, 0x0,
    0x1f, 0xff, 0xff, 0x70, 0x0, 0x0, 0x0, 0x0,
    0x1f, 0xff, 0xff, 0x60, 0x0, 0x0, 0x0, 0x0,
    0x1f, 0xff, 0xff, 0x50, 0x0, 0x0, 0x0, 0x0,
    0x1f, 0xff, 0xff, 0x50, 0x0, 0x0, 0x0, 0x0,
    0x1f, 0xff, 0xff, 0x50, 0x0, 0x0, 0x0, 0x0,
    0x1f, 0xff, 0xff, 0x50, 0x0, 0x0, 0x0, 0x0,
    0x1f, 0xff, 0xff, 0x50, 0x0, 0x0, 0x0, 0x0,
    0x1f, 0xff, 0xff, 0x50, 0x0, 0x0, 0x0, 0x0,
    0x1f, 0xff, 0xff, 0x50, 0x0, 0x0, 0x0, 0x0,
    0x1f, 0xff, 0xff, 0x50, 0x0, 0x0, 0x0, 0x0,
    0x1f, 0xff, 0xff, 0x50, 0x0, 0x0, 0x0, 0x0,
    0x1f, 0xff, 0xff, 0x50, 0x0, 0x0, 0x0, 0x0,
    0x1f, 0xff, 0xff, 0x50, 0x0, 0x0, 0x0, 0x0,
    0x1f, 0xff, 0xff, 0x50, 0x0, 0x0, 0x0, 0x0,

    /* U+0073 "s" */
    0x0, 0x0, 0x0, 0x1, 0x35, 0x67, 0x53, 0x20,
    0x0, 0x0, 0x0, 0x0, 0x0, 0x0, 0x6c, 0xff,
    0xff, 0xff, 0xff, 0xe7, 0x10, 0x0, 0x0, 0x0,
    0x4, 0xef, 0xff, 0xff, 0xff, 0xff, 0xff, 0xff,
    0x80, 0x0, 0x0, 0x5, 0xff, 0xff, 0xff, 0xff,
    0xff, 0xff, 0xff, 0xff, 0xa0, 0x0, 0x2, 0xff,
    0xff, 0xff, 0xff, 0xff, 0xff, 0xff, 0xff, 0xff,
    0x70, 0x0, 0x9f, 0xff, 0xff, 0xc4, 0x0, 0x0,
    0x5c, 0xff, 0xff, 0xff, 0x0, 0xc, 0xff, 0xff,
    0xd0, 0x0, 0x0, 0x0, 0xb, 0xff, 0xff, 0xf6,
    0x0, 0xef, 0xff, 0xf9, 0x0, 0x0, 0x0, 0x0,
    0x2f, 0xff, 0xff, 0xa0, 0xd, 0xff, 0xff, 0xd0,
    0x0, 0x0, 0x0, 0x0, 0x22, 0x22, 0x21, 0x0,
    0xaf, 0xff, 0xff, 0xc3, 0x0, 0x0, 0x0, 0x0,
    0x0, 0x0, 0x0, 0x4, 0xff, 0xff, 0xff, 0xfd,
    0x84, 0x10, 0x0, 0x0, 0x0, 0x0, 0x0, 0xb,
    0xff, 0xff, 0xff, 0xff, 0xff, 0xda, 0x61, 0x0,
    0x0, 0x0, 0x0, 0xa, 0xff, 0xff, 0xff, 0xff,
    0xff, 0xff, 0xfd, 0x50, 0x0, 0x0, 0x0, 0x3,
    0xbf, 0xff, 0xff, 0xff, 0xff, 0xff, 0xff, 0xd2,
    0x0, 0x0, 0x0, 0x0, 0x16, 0xae, 0xff, 0xff,
    0xff, 0xff, 0xff, 0xe1, 0x0, 0x0, 0x0, 0x0,
    0x0, 0x1, 0x59, 0xdf, 0xff, 0xff, 0xff, 0xd0,
    0x0, 0x0, 0x0, 0x0, 0x0, 0x0, 0x0, 0x2a,
    0xff, 0xff, 0xff, 0x41, 0x22, 0x22, 0x20, 0x0,
    0x0, 0x0, 0x0, 0x6, 0xff, 0xff, 0xf7, 0x6f,
    0xff, 0xff, 0x30, 0x0, 0x0, 0x0, 0x0, 0xf,
    0xff, 0xff, 0x94, 0xff, 0xff, 0xf7, 0x0, 0x0,
    0x0, 0x0, 0x0, 0xff, 0xff, 0xf7, 0x1f, 0xff,
    0xff, 0xf3, 0x0, 0x0, 0x0, 0x0, 0x6f, 0xff,
    0xff, 0x50, 0xaf, 0xff, 0xff, 0xf9, 0x20, 0x0,
    0x4, 0xaf, 0xff, 0xff, 0xe0, 0x1, 0xff, 0xff,
    0xff, 0xff, 0xfe, 0xff, 0xff, 0xff, 0xff, 0xf6,
    0x0, 0x4, 0xff, 0xff, 0xff, 0xff, 0xff, 0xff,
    0xff, 0xff, 0xf8, 0x0, 0x0, 0x3, 0xdf, 0xff,
    0xff, 0xff, 0xff, 0xff, 0xff, 0xe5, 0x0, 0x0,
    0x0, 0x0, 0x6b, 0xff, 0xff, 0xff, 0xff, 0xfc,
    0x60, 0x0, 0x0, 0x0, 0x0, 0x0, 0x0, 0x36,
    0x77, 0x64, 0x20, 0x0, 0x0, 0x0, 0x0,

    /* U+0074 "t" */
    0x0, 0x0, 0x7f, 0xff, 0xff, 0x0, 0x0, 0x0,
    0x0, 0x7, 0xff, 0xff, 0xf0, 0x0, 0x0, 0x0,
    0x0, 0x7f, 0xff, 0xff, 0x0, 0x0, 0x0, 0x0,
    0x7, 0xff, 0xff, 0xf0, 0x0, 0x0, 0x0, 0x0,
    0x7f, 0xff, 0xff, 0x0, 0x0, 0x0, 0x0, 0x7,
    0xff, 0xff, 0xf0, 0x0, 0x0, 0x0, 0x0, 0x7f,
    0xff, 0xff, 0x0, 0x0, 0x0, 0x0, 0x7, 0xff,
    0xff, 0xf0, 0x0, 0x0, 0x9f, 0xff, 0xff, 0xff,
    0xff, 0xff, 0xff, 0xe9, 0xff, 0xff, 0xff, 0xff,
    0xff, 0xff, 0xfe, 0x9f, 0xff, 0xff, 0xff, 0xff,
    0xff, 0xff, 0xe9, 0xff, 0xff, 0xff, 0xff, 0xff,
    0xff, 0xfe, 0x12, 0x22, 0x9f, 0xff, 0xff, 0x22,
    0x22, 0x20, 0x0, 0x7, 0xff, 0xff, 0xf0, 0x0,
    0x0, 0x0, 0x0, 0x7f, 0xff, 0xff, 0x0, 0x0,
    0x0, 0x0, 0x7, 0xff, 0xff, 0xf0, 0x0, 0x0,
    0x0, 0x0, 0x7f, 0xff, 0xff, 0x0, 0x0, 0x0,
    0x0, 0x7, 0xff, 0xff, 0xf0, 0x0, 0x0, 0x0,
    0x0, 0x7f, 0xff, 0xff, 0x0, 0x0, 0x0, 0x0,
    0x7, 0xff, 0xff, 0xf0, 0x0, 0x0, 0x0, 0x0,
    0x7f, 0xff, 0xff, 0x0, 0x0, 0x0, 0x0, 0x7,
    0xff, 0xff, 0xf0, 0x0, 0x0, 0x0, 0x0, 0x7f,
    0xff, 0xff, 0x0, 0x0, 0x0, 0x0, 0x7, 0xff,
    0xff, 0xf0, 0x0, 0x0, 0x0, 0x0, 0x7f, 0xff,
    0xff, 0x0, 0x0, 0x0, 0x0, 0x7, 0xff, 0xff,
    0xf0, 0x0, 0x0, 0x0, 0x0, 0x7f, 0xff, 0xff,
    0x0, 0x0, 0x0, 0x0, 0x6, 0xff, 0xff, 0xf5,
    0x0, 0x0, 0x0, 0x0, 0x4f, 0xff, 0xff, 0xf9,
    0x66, 0x70, 0x0, 0x2, 0xff, 0xff, 0xff, 0xff,
    0xfe, 0x0, 0x0, 0xa, 0xff, 0xff, 0xff, 0xff,
    0xe0, 0x0, 0x0, 0x2e, 0xff, 0xff, 0xff, 0xfe,
    0x0, 0x0, 0x0, 0x17, 0xbe, 0xff, 0xed, 0xb0,

    /* U+0075 "u" */
    0x1f, 0xff, 0xff, 0x50, 0x0, 0x0, 0x0, 0x0,
    0xc, 0xff, 0xff, 0xa1, 0xff, 0xff, 0xf5, 0x0,
    0x0, 0x0, 0x0, 0x0, 0xcf, 0xff, 0xfa, 0x1f,
    0xff, 0xff, 0x50, 0x0, 0x0, 0x0, 0x0, 0xc,
    0xff, 0xff, 0xa1, 0xff, 0xff, 0xf5, 0x0, 0x0,
    0x0, 0x0, 0x0, 0xcf, 0xff, 0xfa, 0x1f, 0xff,
    0xff, 0x50, 0x0, 0x0, 0x0, 0x0, 0xc, 0xff,
    0xff, 0xa1, 0xff, 0xff, 0xf5, 0x0, 0x0, 0x0,
    0x0, 0x0, 0xcf, 0xff, 0xfa, 0x1f, 0xff, 0xff,
    0x50, 0x0, 0x0, 0x0, 0x0, 0xc, 0xff, 0xff,
    0xa1, 0xff, 0xff, 0xf5, 0x0, 0x0, 0x0, 0x0,
    0x0, 0xcf, 0xff, 0xfa, 0x1f, 0xff, 0xff, 0x50,
    0x0, 0x0, 0x0, 0x0, 0xc, 0xff, 0xff, 0xa1,
    0xff, 0xff, 0xf5, 0x0, 0x0, 0x0, 0x0, 0x0,
    0xcf, 0xff, 0xfa, 0x1f, 0xff, 0xff, 0x50, 0x0,
    0x0, 0x0, 0x0, 0xc, 0xff, 0xff, 0xa1, 0xff,
    0xff, 0xf5, 0x0, 0x0, 0x0, 0x0, 0x0, 0xcf,
    0xff, 0xfa, 0x1f, 0xff, 0xff, 0x50, 0x0, 0x0,
    0x0, 0x0, 0xc, 0xff, 0xff, 0xa1, 0xff, 0xff,
    0xf5, 0x0, 0x0, 0x0, 0x0, 0x0, 0xcf, 0xff,
    0xfa, 0x1f, 0xff, 0xff, 0x50, 0x0, 0x0, 0x0,
    0x0, 0xd, 0xff, 0xff, 0xa1, 0xff, 0xff, 0xf5,
    0x0, 0x0, 0x0, 0x0, 0x0, 0xff, 0xff, 0xfa,
    0x1f, 0xff, 0xff, 0x60, 0x0, 0x0, 0x0, 0x0,
    0x1f, 0xff, 0xff, 0xa0, 0xff, 0xff, 0xf9, 0x0,
    0x0, 0x0, 0x0, 0x5, 0xff, 0xff, 0xfa, 0xe,
    0xff, 0xff, 0xd0, 0x0, 0x0, 0x0, 0x0, 0xdf,
    0xff, 0xff, 0xa0, 0xbf, 0xff, 0xff, 0x60, 0x0,
    0x0, 0x0, 0x9f, 0xff, 0xff, 0xfa, 0x6, 0xff,
    0xff, 0xff, 0xa2, 0x0, 0x4, 0xcf, 0xff, 0xff,
    0xff, 0xa0, 0xe, 0xff, 0xff, 0xff, 0xff, 0xff,
    0xff, 0xfe, 0xdf, 0xff, 0xfa, 0x0, 0x5f, 0xff,
    0xff, 0xff, 0xff, 0xff, 0xff, 0x5b, 0xff, 0xff,
    0xa0, 0x0, 0x7f, 0xff, 0xff, 0xff, 0xff, 0xff,
    0x50, 0xbf, 0xff, 0xfa, 0x0, 0x0, 0x3b, 0xff,
    0xff, 0xff, 0xfa, 0x20, 0xb, 0xff, 0xff, 0xa0,
    0x0, 0x0, 0x0, 0x46, 0x77, 0x51, 0x0, 0x0,
    0x0, 0x0, 0x0,

    /* U+0076 "v" */
    0x6f, 0xff, 0xff, 0x80, 0x0, 0x0, 0x0, 0x0,
    0x0, 0x5f, 0xff, 0xff, 0x40, 0xff, 0xff, 0xfe,
    0x0, 0x0, 0x0, 0x0, 0x0, 0xa, 0xff, 0xff,
    0xe0, 0xa, 0xff, 0xff, 0xf3, 0x0, 0x0, 0x0,
    0x0, 0x0, 0xff, 0xff, 0xf9, 0x0, 0x4f, 0xff,
    0xff, 0x80, 0x0, 0x0, 0x0, 0x0, 0x4f, 0xff,
    0xff, 0x30, 0x0, 0xef, 0xff, 0xfd, 0x0, 0x0,
    0x0, 0x0, 0x9, 0xff, 0xff, 0xe0, 0x0, 0x9,
    0xff, 0xff, 0xf2, 0x0, 0x0, 0x0, 0x0, 0xef,
    0xff, 0xf8, 0x0, 0x0, 0x3f, 0xff, 0xff, 0x80,
    0x0, 0x0, 0x0, 0x3f, 0xff, 0xff, 0x20, 0x0,
    0x0, 0xdf, 0xff, 0xfd, 0x0, 0x0, 0x0, 0x8,
    0xff, 0xff, 0xd0, 0x0, 0x0, 0x7, 0xff, 0xff,
    0xf2, 0x0, 0x0, 0x0, 0xdf, 0xff, 0xf7, 0x0,
    0x0, 0x0, 0x2f, 0xff, 0xff, 0x70, 0x0, 0x0,
    0x2f, 0xff, 0xff, 0x10, 0x0, 0x0, 0x0, 0xcf,
    0xff, 0xfd, 0x0, 0x0, 0x7, 0xff, 0xff, 0xb0,
    0x0, 0x0, 0x0, 0x6, 0xff, 0xff, 0xf2, 0x0,
    0x0, 0xcf, 0xff, 0xf6, 0x0, 0x0, 0x0, 0x0,
    0x1f, 0xff, 0xff, 0x70, 0x0, 0x2f, 0xff, 0xff,
    0x10, 0x0, 0x0, 0x0, 0x0, 0xbf, 0xff, 0xfc,
    0x0, 0x7, 0xff, 0xff, 0xa0, 0x0, 0x0, 0x0,
    0x0, 0x5, 0xff, 0xff, 0xf2, 0x0, 0xcf, 0xff,
    0xf5, 0x0, 0x0, 0x0, 0x0, 0x0, 0xf, 0xff,
    0xff, 0x70, 0x1f, 0xff, 0xff, 0x0, 0x0, 0x0,
    0x0, 0x0, 0x0, 0x9f, 0xff, 0xfc, 0x6, 0xff,
    0xff, 0x90, 0x0, 0x0, 0x0, 0x0, 0x0, 0x4,
    0xff, 0xff, 0xf1, 0xbf, 0xff, 0xf4, 0x0, 0x0,
    0x0, 0x0, 0x0, 0x0, 0xe, 0xff, 0xff, 0x7f,
    0xff, 0xfe, 0x0, 0x0, 0x0, 0x0, 0x0, 0x0,
    0x0, 0x8f, 0xff, 0xff, 0xff, 0xff, 0x80, 0x0,
    0x0, 0x0, 0x0, 0x0, 0x0, 0x2, 0xff, 0xff,
    0xff, 0xff, 0xf3, 0x0, 0x0, 0x0, 0x0, 0x0,
    0x0, 0x0, 0xc, 0xff, 0xff, 0xff, 0xfd, 0x0,
    0x0, 0x0, 0x0, 0x0, 0x0, 0x0, 0x0, 0x7f,
    0xff, 0xff, 0xff, 0x70, 0x0, 0x0, 0x0, 0x0,
    0x0, 0x0, 0x0, 0x1, 0xff, 0xff, 0xff, 0xf2,
    0x0, 0x0, 0x0, 0x0, 0x0, 0x0, 0x0, 0x0,
    0xb, 0xff, 0xff, 0xfc, 0x0, 0x0, 0x0, 0x0,
    0x0,

    /* U+0077 "w" */
    0x3f, 0xff, 0xff, 0x90, 0x0, 0x0, 0x0, 0x1,
    0xff, 0xff, 0xfa, 0x0, 0x0, 0x0, 0x0, 0xf,
    0xff, 0xff, 0x80, 0xef, 0xff, 0xfd, 0x0, 0x0,
    0x0, 0x0, 0x5f, 0xff, 0xff, 0xe0, 0x0, 0x0,
    0x0, 0x4, 0xff, 0xff, 0xf3, 0x9, 0xff, 0xff,
    0xf1, 0x0, 0x0, 0x0, 0x9, 0xff, 0xff, 0xff,
    0x20, 0x0, 0x0, 0x0, 0x8f, 0xff, 0xfe, 0x0,
    0x4f, 0xff, 0xff, 0x50, 0x0, 0x0, 0x0, 0xdf,
    0xff, 0xff, 0xf6, 0x0, 0x0, 0x0, 0xc, 0xff,
    0xff, 0xa0, 0x0, 0xff, 0xff, 0xf9, 0x0, 0x0,
    0x0, 0x1f, 0xff, 0xff, 0xff, 0x90, 0x0, 0x0,
    0x1, 0xff, 0xff, 0xf5, 0x0, 0xb, 0xff, 0xff,
    0xd0, 0x0, 0x0, 0x5, 0xff, 0xff, 0xff, 0xfd,
    0x0, 0x0, 0x0, 0x5f, 0xff, 0xff, 0x0, 0x0,
    0x6f, 0xff, 0xff, 0x10, 0x0, 0x0, 0x9f, 0xff,
    0xdf, 0xff, 0xf1, 0x0, 0x0, 0x9, 0xff, 0xff,
    0xb0, 0x0, 0x1, 0xff, 0xff, 0xf6, 0x0, 0x0,
    0xd, 0xff, 0xf6, 0xff, 0xff, 0x50, 0x0, 0x0,
    0xdf, 0xff, 0xf6, 0x0, 0x0, 0xc, 0xff, 0xff,
    0xa0, 0x0, 0x1, 0xff, 0xff, 0x1c, 0xff, 0xf9,
    0x0, 0x0, 0x2f, 0xff, 0xff, 0x10, 0x0, 0x0,
    0x7f, 0xff, 0xfe, 0x0, 0x0, 0x5f, 0xff, 0xd0,
    0x8f, 0xff, 0xd0, 0x0, 0x6, 0xff, 0xff, 0xc0,
    0x0, 0x0, 0x2, 0xff, 0xff, 0xf2, 0x0, 0x9,
    0xff, 0xf9, 0x4, 0xff, 0xff, 0x10, 0x0, 0xaf,
    0xff, 0xf7, 0x0, 0x0, 0x0, 0xd, 0xff, 0xff,
    0x60, 0x0, 0xdf, 0xff, 0x60, 0xf, 0xff, 0xf4,
    0x0, 0xf, 0xff, 0xff, 0x20, 0x0, 0x0, 0x0,
    0x8f, 0xff, 0xfa, 0x0, 0x1f, 0xff, 0xf2, 0x0,
    0xcf, 0xff, 0x80, 0x3, 0xff, 0xff, 0xd0, 0x0,
    0x0, 0x0, 0x3, 0xff, 0xff, 0xe0, 0x5, 0xff,
    0xfe, 0x0, 0x8, 0xff, 0xfc, 0x0, 0x7f, 0xff,
    0xf8, 0x0, 0x0, 0x0, 0x0, 0xe, 0xff, 0xff,
    0x30, 0x9f, 0xff, 0xa0, 0x0, 0x4f, 0xff, 0xf0,
    0xc, 0xff, 0xff, 0x30, 0x0, 0x0, 0x0, 0x0,
    0x9f, 0xff, 0xf7, 0xd, 0xff, 0xf6, 0x0, 0x0,
    0xff, 0xff, 0x40, 0xff, 0xff, 0xe0, 0x0, 0x0,
    0x0, 0x0, 0x5, 0xff, 0xff, 0xb1, 0xff, 0xff,
    0x20, 0x0, 0xc, 0xff, 0xf7, 0x4f, 0xff, 0xf9,
    0x0, 0x0, 0x0, 0x0, 0x0, 0xf, 0xff, 0xff,
    0x5f, 0xff, 0xe0, 0x0, 0x0, 0x8f, 0xff, 0xb9,
    0xff, 0xff, 0x40, 0x0, 0x0, 0x0, 0x0, 0x0,
    0xbf, 0xff, 0xfd, 0xff, 0xfa, 0x0, 0x0, 0x4,
    0xff, 0xff, 0xdf, 0xff, 0xf0, 0x0, 0x0, 0x0,
    0x0, 0x0, 0x6, 0xff, 0xff, 0xff, 0xff, 0x60,
    0x0, 0x0, 0xf, 0xff, 0xff, 0xff, 0xfa, 0x0,
    0x0, 0x0, 0x0, 0x0, 0x0, 0x1f, 0xff, 0xff,
    0xff, 0xf2, 0x0, 0x0, 0x0, 0xcf, 0xff, 0xff,
    0xff, 0x50, 0x0, 0x0, 0x0, 0x0, 0x0, 0x0,
    0xcf, 0xff, 0xff, 0xfe, 0x0, 0x0, 0x0, 0x8,
    0xff, 0xff, 0xff, 0xf0, 0x0, 0x0, 0x0, 0x0,
    0x0, 0x0, 0x7, 0xff, 0xff, 0xff, 0xa0, 0x0,
    0x0, 0x0, 0x4f, 0xff, 0xff, 0xfb, 0x0, 0x0,
    0x0, 0x0, 0x0, 0x0, 0x0, 0x2f, 0xff, 0xff,
    0xf6, 0x0, 0x0, 0x0, 0x0, 0xff, 0xff, 0xff,
    0x60, 0x0, 0x0, 0x0, 0x0, 0x0, 0x0, 0x0,
    0xdf, 0xff, 0xff, 0x20, 0x0, 0x0, 0x0, 0xc,
    0xff, 0xff, 0xf1, 0x0, 0x0, 0x0, 0x0,

    /* U+0078 "x" */
    0xa, 0xff, 0xff, 0xfd, 0x0, 0x0, 0x0, 0x0,
    0x3, 0xff, 0xff, 0xff, 0x30, 0x1, 0xef, 0xff,
    0xff, 0x90, 0x0, 0x0, 0x0, 0xd, 0xff, 0xff,
    0xf6, 0x0, 0x0, 0x3f, 0xff, 0xff, 0xf4, 0x0,
    0x0, 0x0, 0x9f, 0xff, 0xff, 0xb0, 0x0, 0x0,
    0x8, 0xff, 0xff, 0xfe, 0x0, 0x0, 0x4, 0xff,
    0xff, 0xfe, 0x10, 0x0, 0x0, 0x0, 0xcf, 0xff,
    0xff, 0x90, 0x0, 0x1e, 0xff, 0xff, 0xf4, 0x0,
    0x0, 0x0, 0x0, 0x1f, 0xff, 0xff, 0xf4, 0x0,
    0xbf, 0xff, 0xff, 0x80, 0x0, 0x0, 0x0, 0x0,
    0x5, 0xff, 0xff, 0xfe, 0x16, 0xff, 0xff, 0xfc,
    0x0, 0x0, 0x0, 0x0, 0x0, 0x0, 0x9f, 0xff,
    0xff, 0xbf, 0xff, 0xff, 0xe1, 0x0, 0x0, 0x0,
    0x0, 0x0, 0x0, 0xd, 0xff, 0xff, 0xff, 0xff,
    0xff, 0x50, 0x0, 0x0, 0x0, 0x0, 0x0, 0x0,
    0x3, 0xff, 0xff, 0xff, 0xff, 0xf9, 0x0, 0x0,
    0x0, 0x0, 0x0, 0x0, 0x0, 0x0, 0x7f, 0xff,
    0xff, 0xff, 0xd0, 0x0, 0x0, 0x0, 0x0, 0x0,
    0x0, 0x0, 0x0, 0xb, 0xff, 0xff, 0xff, 0x40,
    0x0, 0x0, 0x0, 0x0, 0x0, 0x0, 0x0, 0x0,
    0xd, 0xff, 0xff, 0xff, 0xb0, 0x0, 0x0, 0x0,
    0x0, 0x0, 0x0, 0x0, 0x0, 0x9f, 0xff, 0xff,
    0xff, 0xf7, 0x0, 0x0, 0x0, 0x0, 0x0, 0x0,
    0x0, 0x5, 0xff, 0xff, 0xff, 0xff, 0xff, 0x20,
    0x0, 0x0, 0x0, 0x0, 0x0, 0x0, 0x1e, 0xff,
    0xff, 0xff, 0xff, 0xff, 0xd0, 0x0, 0x0, 0x0,
    0x0, 0x0, 0x0, 0xbf, 0xff, 0xff, 0x4c, 0xff,
    0xff, 0xf9, 0x0, 0x0, 0x0, 0x0, 0x0, 0x7,
    0xff, 0xff, 0xf9, 0x2, 0xff, 0xff, 0xff, 0x40,
    0x0, 0x0, 0x0, 0x0, 0x3f, 0xff, 0xff, 0xd0,
    0x0, 0x6f, 0xff, 0xff, 0xe1, 0x0, 0x0, 0x0,
    0x0, 0xdf, 0xff, 0xff, 0x40, 0x0, 0xb, 0xff,
    0xff, 0xfa, 0x0, 0x0, 0x0, 0x9, 0xff, 0xff,
    0xf9, 0x0, 0x0, 0x1, 0xff, 0xff, 0xff, 0x60,
    0x0, 0x0, 0x5f, 0xff, 0xff, 0xe0, 0x0, 0x0,
    0x0, 0x5f, 0xff, 0xff, 0xf2, 0x0, 0x1, 0xef,
    0xff, 0xff, 0x40, 0x0, 0x0, 0x0, 0xb, 0xff,
    0xff, 0xfc, 0x0, 0xb, 0xff, 0xff, 0xf9, 0x0,
    0x0, 0x0, 0x0, 0x1, 0xef, 0xff, 0xff, 0x80,
    0x7f, 0xff, 0xff, 0xe0, 0x0, 0x0, 0x0, 0x0,
    0x0, 0x5f, 0xff, 0xff, 0xf3,

    /* U+0079 "y" */
    0xaf, 0xff, 0xff, 0x50, 0x0, 0x0, 0x0, 0x0,
    0x0, 0x2f, 0xff, 0xff, 0x84, 0xff, 0xff, 0xfa,
    0x0, 0x0, 0x0, 0x0, 0x0, 0x7, 0xff, 0xff,
    0xf2, 0xe, 0xff, 0xff, 0xf0, 0x0, 0x0, 0x0,
    0x0, 0x0, 0xdf, 0xff, 0xfc, 0x0, 0x8f, 0xff,
    0xff, 0x50, 0x0, 0x0, 0x0, 0x0, 0x2f, 0xff,
    0xff, 0x60, 0x2, 0xff, 0xff, 0xfb, 0x0, 0x0,
    0x0, 0x0, 0x8, 0xff, 0xff, 0xf1, 0x0, 0xb,
    0xff, 0xff, 0xf1, 0x0, 0x0, 0x0, 0x0, 0xdf,
    0xff, 0xfa, 0x0, 0x0, 0x5f, 0xff, 0xff, 0x60,
    0x0, 0x0, 0x0, 0x3f, 0xff, 0xff, 0x40, 0x0,
    0x0, 0xff, 0xff, 0xfc, 0x0, 0x0, 0x0, 0x8,
    0xff, 0xff, 0xe0, 0x0, 0x0, 0x9, 0xff, 0xff,
    0xf2, 0x0, 0x0, 0x0, 0xef, 0xff, 0xf9, 0x0,
    0x0, 0x0, 0x3f, 0xff, 0xff, 0x70, 0x0, 0x0,
    0x3f, 0xff, 0xff, 0x30, 0x0, 0x0, 0x0, 0xdf,
    0xff, 0xfd, 0x0, 0x0, 0x9, 0xff, 0xff, 0xd0,
    0x0, 0x0, 0x0, 0x7, 0xff, 0xff, 0xf3, 0x0,
    0x0, 0xef, 0xff, 0xf7, 0x0, 0x0, 0x0, 0x0,
    0x1f, 0xff, 0xff, 0x80, 0x0, 0x4f, 0xff, 0xff,
    0x10, 0x0, 0x0, 0x0, 0x0, 0xaf, 0xff, 0xfe,
    0x0, 0x9, 0xff, 0xff, 0xb0, 0x0, 0x0, 0x0,
    0x0, 0x4, 0xff, 0xff, 0xf4, 0x0, 0xef, 0xff,
    0xf5, 0x0, 0x0, 0x0, 0x0, 0x0, 0xe, 0xff,
    0xff, 0x90, 0x4f, 0xff, 0xff, 0x0, 0x0, 0x0,
    0x0, 0x0, 0x0, 0x8f, 0xff, 0xfe, 0xa, 0xff,
    0xff, 0x90, 0x0, 0x0, 0x0, 0x0, 0x0, 0x2,
    0xff, 0xff, 0xf5, 0xff, 0xff, 0xf3, 0x0, 0x0,
    0x0, 0x0, 0x0, 0x0, 0xc, 0xff, 0xff, 0xef,
    0xff, 0xfd, 0x0, 0x0, 0x0, 0x0, 0x0, 0x0,
    0x0, 0x6f, 0xff, 0xff, 0xff, 0xff, 0x70, 0x0,
    0x0, 0x0, 0x0, 0x0, 0x0, 0x0, 0xff, 0xff,
    0xff, 0xff, 0xf2, 0x0, 0x0, 0x0, 0x0, 0x0,
    0x0, 0x0, 0x9, 0xff, 0xff, 0xff, 0xfc, 0x0,
    0x0, 0x0, 0x0, 0x0, 0x0, 0x0, 0x0, 0x3f,
    0xff, 0xff, 0xff, 0x60, 0x0, 0x0, 0x0, 0x0,
    0x0, 0x0, 0x0, 0x0, 0xdf, 0xff, 0xff, 0xf0,
    0x0, 0x0, 0x0, 0x0, 0x0, 0x0, 0x0, 0x0,
    0x8, 0xff, 0xff, 0xfa, 0x0, 0x0, 0x0, 0x0,
    0x0, 0x0, 0x0, 0x0, 0x0, 0xcf, 0xff, 0xff,
    0x40, 0x0, 0x0, 0x0, 0x0, 0x0, 0x0, 0x0,
    0x0, 0x1f, 0xff, 0xff, 0xd0, 0x0, 0x0, 0x0,
    0x0, 0x0, 0x0, 0x0, 0x0, 0x7, 0xff, 0xff,
    0xf7, 0x0, 0x0, 0x0, 0x0, 0x0, 0x0, 0x0,
    0x0, 0x1, 0xef, 0xff, 0xff, 0x10, 0x0, 0x0,
    0x0, 0x0, 0x0, 0x3, 0x53, 0x36, 0xef, 0xff,
    0xff, 0x90, 0x0, 0x0, 0x0, 0x0, 0x0, 0x0,
    0x7f, 0xff, 0xff, 0xff, 0xff, 0xe1, 0x0, 0x0,
    0x0, 0x0, 0x0, 0x0, 0x7, 0xff, 0xff, 0xff,
    0xff, 0xf6, 0x0, 0x0, 0x0, 0x0, 0x0, 0x0,
    0x0, 0x7f, 0xff, 0xff, 0xff, 0xf7, 0x0, 0x0,
    0x0, 0x0, 0x0, 0x0, 0x0, 0x7, 0xff, 0xff,
    0xff, 0xe4, 0x0, 0x0, 0x0, 0x0, 0x0, 0x0,
    0x0, 0x0, 0x14, 0x57, 0x76, 0x40, 0x0, 0x0,
    0x0, 0x0, 0x0, 0x0, 0x0, 0x0,

    /* U+007A "z" */
    0xf, 0xff, 0xff, 0xff, 0xff, 0xff, 0xff, 0xff,
    0xff, 0xff, 0xf2, 0xf, 0xff, 0xff, 0xff, 0xff,
    0xff, 0xff, 0xff, 0xff, 0xff, 0xf2, 0xf, 0xff,
    0xff, 0xff, 0xff, 0xff, 0xff, 0xff, 0xff, 0xff,
    0xf2, 0xf, 0xff, 0xff, 0xff, 0xff, 0xff, 0xff,
    0xff, 0xff, 0xff, 0xf2, 0x6, 0x66, 0x66, 0x66,
    0x66, 0x66, 0x6a, 0xff, 0xff, 0xff, 0xa0, 0x0,
    0x0, 0x0, 0x0, 0x0, 0x0, 0x2f, 0xff, 0xff,
    0xfc, 0x0, 0x0, 0x0, 0x0, 0x0, 0x0, 0x1,
    0xdf, 0xff, 0xff, 0xe1, 0x0, 0x0, 0x0, 0x0,
    0x0, 0x0, 0xb, 0xff, 0xff, 0xff, 0x20, 0x0,
    0x0, 0x0, 0x0, 0x0, 0x0, 0x9f, 0xff, 0xff,
    0xf4, 0x0, 0x0, 0x0, 0x0, 0x0, 0x0, 0x6,
    0xff, 0xff, 0xff, 0x60, 0x0, 0x0, 0x0, 0x0,
    0x0, 0x0, 0x4f, 0xff, 0xff, 0xf9, 0x0, 0x0,
    0x0, 0x0, 0x0, 0x0, 0x2, 0xef, 0xff, 0xff,
    0xb0, 0x0, 0x0, 0x0, 0x0, 0x0, 0x0, 0xd,
    0xff, 0xff, 0xfd, 0x0, 0x0, 0x0, 0x0, 0x0,
    0x0, 0x0, 0xbf, 0xff, 0xff, 0xe1, 0x0, 0x0,
    0x0, 0x0, 0x0, 0x0, 0x8, 0xff, 0xff, 0xff,
    0x30, 0x0, 0x0, 0x0, 0x0, 0x0, 0x0, 0x5f,
    0xff, 0xff, 0xf5, 0x0, 0x0, 0x0, 0x0, 0x0,
    0x0, 0x3, 0xff, 0xff, 0xff, 0x70, 0x0, 0x0,
    0x0, 0x0, 0x0, 0x0, 0x1e, 0xff, 0xff, 0xf9,
    0x0, 0x0, 0x0, 0x0, 0x0, 0x0, 0x0, 0xcf,
    0xff, 0xff, 0xb0, 0x0, 0x0, 0x0, 0x0, 0x0,
    0x0, 0xa, 0xff, 0xff, 0xfd, 0x10, 0x0, 0x0,
    0x0, 0x0, 0x0, 0x0, 0x7f, 0xff, 0xff, 0xf8,
    0x66, 0x66, 0x66, 0x66, 0x66, 0x66, 0x65, 0xef,
    0xff, 0xff, 0xff, 0xff, 0xff, 0xff, 0xff, 0xff,
    0xff, 0xfe, 0xef, 0xff, 0xff, 0xff, 0xff, 0xff,
    0xff, 0xff, 0xff, 0xff, 0xfe, 0xef, 0xff, 0xff,
    0xff, 0xff, 0xff, 0xff, 0xff, 0xff, 0xff, 0xfe,
    0xef, 0xff, 0xff, 0xff, 0xff, 0xff, 0xff, 0xff,
    0xff, 0xff, 0xfe,

    /* U+007B "{" */
    0x0, 0x0, 0x0, 0x0, 0x7, 0xcf, 0xff, 0xfd,
    0x0, 0x0, 0x0, 0x3, 0xef, 0xff, 0xff, 0xfd,
    0x0, 0x0, 0x0, 0x2e, 0xff, 0xff, 0xff, 0xfd,
    0x0, 0x0, 0x0, 0xdf, 0xff, 0xff, 0xff, 0xfd,
    0x0, 0x0, 0x4, 0xff, 0xff, 0xfe, 0x96, 0x65,
    0x0, 0x0, 0x9, 0xff, 0xff, 0xf2, 0x0, 0x0,
    0x0, 0x0, 0xa, 0xff, 0xff, 0xa0, 0x0, 0x0,
    0x0, 0x0, 0xa, 0xff, 0xff, 0x80, 0x0, 0x0,
    0x0, 0x0, 0xa, 0xff, 0xff, 0x70, 0x0, 0x0,
    0x0, 0x0, 0xa, 0xff, 0xff, 0x70, 0x0, 0x0,
    0x0, 0x0, 0xa, 0xff, 0xff, 0x70, 0x0, 0x0,
    0x0, 0x0, 0xa, 0xff, 0xff, 0x70, 0x0, 0x0,
    0x0, 0x0, 0xa, 0xff, 0xff, 0x70, 0x0, 0x0,
    0x0, 0x0, 0xa, 0xff, 0xff, 0x70, 0x0, 0x0,
    0x0, 0x0, 0xa, 0xff, 0xff, 0x70, 0x0, 0x0,
    0x0, 0x0, 0xa, 0xff, 0xff, 0x70, 0x0, 0x0,
    0x0, 0x0, 0xb, 0xff, 0xff, 0x70, 0x0, 0x0,
    0x0, 0x0, 0xc, 0xff, 0xff, 0x70, 0x0, 0x0,
    0x0, 0x0, 0x4f, 0xff, 0xff, 0x50, 0x0, 0x0,
    0x0, 0x6, 0xff, 0xff, 0xff, 0x10, 0x0, 0x0,
    0x2c, 0xff, 0xff, 0xff, 0xf4, 0x0, 0x0, 0x0,
    0x2f, 0xff, 0xff, 0xfd, 0x40, 0x0, 0x0, 0x0,
    0x2f, 0xff, 0xfe, 0x80, 0x0, 0x0, 0x0, 0x0,
    0x2f, 0xff, 0xff, 0xfe, 0x50, 0x0, 0x0, 0x0,
    0x2c, 0xff, 0xff, 0xff, 0xf5, 0x0, 0x0, 0x0,
    0x0, 0x18, 0xff, 0xff, 0xff, 0x10, 0x0, 0x0,
    0x0, 0x0, 0x6f, 0xff, 0xff, 0x50, 0x0, 0x0,
    0x0, 0x0, 0xe, 0xff, 0xff, 0x70, 0x0, 0x0,
    0x0, 0x0, 0xb, 0xff, 0xff, 0x70, 0x0, 0x0,
    0x0, 0x0, 0xa, 0xff, 0xff, 0x70, 0x0, 0x0,
    0x0, 0x0, 0xa, 0xff, 0xff, 0x70, 0x0, 0x0,
    0x0, 0x0, 0xa, 0xff, 0xff, 0x70, 0x0, 0x0,
    0x0, 0x0, 0xa, 0xff, 0xff, 0x70, 0x0, 0x0,
    0x0, 0x0, 0xa, 0xff, 0xff, 0x70, 0x0, 0x0,
    0x0, 0x0, 0xa, 0xff, 0xff, 0x70, 0x0, 0x0,
    0x0, 0x0, 0xa, 0xff, 0xff, 0x70, 0x0, 0x0,
    0x0, 0x0, 0xa, 0xff, 0xff, 0x70, 0x0, 0x0,
    0x0, 0x0, 0xa, 0xff, 0xff, 0x80, 0x0, 0x0,
    0x0, 0x0, 0xa, 0xff, 0xff, 0x90, 0x0, 0x0,
    0x0, 0x0, 0x9, 0xff, 0xff, 0xe1, 0x0, 0x0,
    0x0, 0x0, 0x4, 0xff, 0xff, 0xfe, 0x86, 0x65,
    0x0, 0x0, 0x0, 0xdf, 0xff, 0xff, 0xff, 0xfd,
    0x0, 0x0, 0x0, 0x3f, 0xff, 0xff, 0xff, 0xfd,
    0x0, 0x0, 0x0, 0x4, 0xef, 0xff, 0xff, 0xfd,
    0x0, 0x0, 0x0, 0x0, 0x18, 0xcf, 0xff, 0xfd,

    /* U+007C "|" */
    0x1f, 0xff, 0xfc, 0x1f, 0xff, 0xfc, 0x1f, 0xff,
    0xfc, 0x1f, 0xff, 0xfc, 0x1f, 0xff, 0xfc, 0x1f,
    0xff, 0xfc, 0x1f, 0xff, 0xfc, 0x1f, 0xff, 0xfc,
    0x1f, 0xff, 0xfc, 0x1f, 0xff, 0xfc, 0x1f, 0xff,
    0xfc, 0x1f, 0xff, 0xfc, 0x1f, 0xff, 0xfc, 0x1f,
    0xff, 0xfc, 0x1f, 0xff, 0xfc, 0x1f, 0xff, 0xfc,
    0x1f, 0xff, 0xfc, 0x1f, 0xff, 0xfc, 0x1f, 0xff,
    0xfc, 0x1f, 0xff, 0xfc, 0x1f, 0xff, 0xfc, 0x1f,
    0xff, 0xfc, 0x1f, 0xff, 0xfc, 0x1f, 0xff, 0xfc,
    0x1f, 0xff, 0xfc, 0x1f, 0xff, 0xfc, 0x1f, 0xff,
    0xfc, 0x1f, 0xff, 0xfc, 0x1f, 0xff, 0xfc, 0x1f,
    0xff, 0xfc, 0x1f, 0xff, 0xfc, 0x1f, 0xff, 0xfc,
    0x1f, 0xff, 0xfc, 0x1f, 0xff, 0xfc, 0x1f, 0xff,
    0xfc, 0x1f, 0xff, 0xfc, 0x1f, 0xff, 0xfc, 0x1f,
    0xff, 0xfc, 0x1f, 0xff, 0xfc, 0x1f, 0xff, 0xfc,
    0x1f, 0xff, 0xfc, 0x1f, 0xff, 0xfc, 0x1f, 0xff,
    0xfc, 0x1f, 0xff, 0xfc, 0x1f, 0xff, 0xfc, 0x1f,
    0xff, 0xfc, 0x1f, 0xff, 0xfc, 0x1f, 0xff, 0xfc,
    0x1f, 0xff, 0xfc,

    /* U+007D "}" */
    0x9f, 0xff, 0xfd, 0x91, 0x0, 0x0, 0x0, 0x0,
    0x9f, 0xff, 0xff, 0xff, 0x60, 0x0, 0x0, 0x0,
    0x9f, 0xff, 0xff, 0xff, 0xf4, 0x0, 0x0, 0x0,
    0x9f, 0xff, 0xff, 0xff, 0xfe, 0x10, 0x0, 0x0,
    0x46, 0x68, 0xdf, 0xff, 0xff, 0x70, 0x0, 0x0,
    0x0, 0x0, 0xd, 0xff, 0xff, 0xc0, 0x0, 0x0,
    0x0, 0x0, 0x7, 0xff, 0xff, 0xd0, 0x0, 0x0,
    0x0, 0x0, 0x5, 0xff, 0xff, 0xe0, 0x0, 0x0,
    0x0, 0x0, 0x4, 0xff, 0xff, 0xe0, 0x0, 0x0,
    0x0, 0x0, 0x4, 0xff, 0xff, 0xe0, 0x0, 0x0,
    0x0, 0x0, 0x4, 0xff, 0xff, 0xe0, 0x0, 0x0,
    0x0, 0x0, 0x4, 0xff, 0xff, 0xe0, 0x0, 0x0,
    0x0, 0x0, 0x4, 0xff, 0xff, 0xe0, 0x0, 0x0,
    0x0, 0x0, 0x4, 0xff, 0xff, 0xe0, 0x0, 0x0,
    0x0, 0x0, 0x4, 0xff, 0xff, 0xe0, 0x0, 0x0,
    0x0, 0x0, 0x4, 0xff, 0xff, 0xe0, 0x0, 0x0,
    0x0, 0x0, 0x4, 0xff, 0xff, 0xe0, 0x0, 0x0,
    0x0, 0x0, 0x4, 0xff, 0xff, 0xf0, 0x0, 0x0,
    0x0, 0x0, 0x2, 0xff, 0xff, 0xf9, 0x0, 0x0,
    0x0, 0x0, 0x0, 0xdf, 0xff, 0xff, 0x91, 0x0,
    0x0, 0x0, 0x0, 0x3f, 0xff, 0xff, 0xff, 0xc4,
    0x0, 0x0, 0x0, 0x5, 0xdf, 0xff, 0xff, 0xf6,
    0x0, 0x0, 0x0, 0x0, 0x6, 0xdf, 0xff, 0xf6,
    0x0, 0x0, 0x0, 0x2, 0xbf, 0xff, 0xff, 0xf6,
    0x0, 0x0, 0x0, 0x2e, 0xff, 0xff, 0xff, 0xd4,
    0x0, 0x0, 0x0, 0xcf, 0xff, 0xff, 0x91, 0x0,
    0x0, 0x0, 0x2, 0xff, 0xff, 0xf7, 0x0, 0x0,
    0x0, 0x0, 0x4, 0xff, 0xff, 0xf0, 0x0, 0x0,
    0x0, 0x0, 0x4, 0xff, 0xff, 0xe0, 0x0, 0x0,
    0x0, 0x0, 0x4, 0xff, 0xff, 0xe0, 0x0, 0x0,
    0x0, 0x0, 0x4, 0xff, 0xff, 0xe0, 0x0, 0x0,
    0x0, 0x0, 0x4, 0xff, 0xff, 0xe0, 0x0, 0x0,
    0x0, 0x0, 0x4, 0xff, 0xff, 0xe0, 0x0, 0x0,
    0x0, 0x0, 0x4, 0xff, 0xff, 0xe0, 0x0, 0x0,
    0x0, 0x0, 0x4, 0xff, 0xff, 0xe0, 0x0, 0x0,
    0x0, 0x0, 0x4, 0xff, 0xff, 0xe0, 0x0, 0x0,
    0x0, 0x0, 0x4, 0xff, 0xff, 0xe0, 0x0, 0x0,
    0x0, 0x0, 0x5, 0xff, 0xff, 0xe0, 0x0, 0x0,
    0x0, 0x0, 0x7, 0xff, 0xff, 0xd0, 0x0, 0x0,
    0x0, 0x0, 0xc, 0xff, 0xff, 0xc0, 0x0, 0x0,
    0x46, 0x68, 0xcf, 0xff, 0xff, 0x70, 0x0, 0x0,
    0x9f, 0xff, 0xff, 0xff, 0xff, 0x10, 0x0, 0x0,
    0x9f, 0xff, 0xff, 0xff, 0xf6, 0x0, 0x0, 0x0,
    0x9f, 0xff, 0xff, 0xff, 0x60, 0x0, 0x0, 0x0,
    0x9f, 0xff, 0xfd, 0x92, 0x0, 0x0, 0x0, 0x0,

    /* U+007E "~" */
    0x0, 0x4, 0xad, 0xfc, 0xa5, 0x0, 0x0, 0x0,
    0x0, 0x0, 0x90, 0x0, 0xa, 0xff, 0xff, 0xff,
    0xff, 0xa3, 0x0, 0x0, 0x0, 0x8f, 0x60, 0xa,
    0xff, 0xff, 0xff, 0xff, 0xff, 0xfd, 0x72, 0x3,
    0xaf, 0xfd, 0x5, 0xff, 0xff, 0xff, 0xff, 0xff,
    0xff, 0xff, 0xff, 0xff, 0xff, 0xf4, 0x7f, 0xff,
    0xff, 0xff, 0xff, 0xff, 0xff, 0xff, 0xff, 0xff,
    0xfe, 0x21, 0xff, 0xe6, 0x10, 0x36, 0xaf, 0xff,
    0xff, 0xff, 0xff, 0xff, 0x40, 0x9, 0xe2, 0x0,
    0x0, 0x0, 0x18, 0xef, 0xff, 0xff, 0xff, 0x40,
    0x0, 0x25, 0x0, 0x0, 0x0, 0x0, 0x0, 0x6b,
    0xdf, 0xd9, 0x10, 0x0,

    /* U+007F "" */

};


/*---------------------
 *  GLYPH DESCRIPTION
 *--------------------*/

static const lv_font_fmt_txt_glyph_dsc_t glyph_dsc[] = {
    {.bitmap_index = 0, .adv_w = 0, .box_w = 0, .box_h = 0, .ofs_x = 0, .ofs_y = 0} /* id = 0 reserved */,
    {.bitmap_index = 0, .adv_w = 214, .box_w = 0, .box_h = 0, .ofs_x = 0, .ofs_y = 0},
    {.bitmap_index = 0, .adv_w = 214, .box_w = 7, .box_h = 35, .ofs_x = 3, .ofs_y = 0},
    {.bitmap_index = 123, .adv_w = 341, .box_w = 15, .box_h = 14, .ofs_x = 3, .ofs_y = 21},
    {.bitmap_index = 228, .adv_w = 427, .box_w = 25, .box_h = 35, .ofs_x = 1, .ofs_y = 0},
    {.bitmap_index = 666, .adv_w = 427, .box_w = 26, .box_h = 45, .ofs_x = 0, .ofs_y = -5},
    {.bitmap_index = 1251, .adv_w = 768, .box_w = 42, .box_h = 36, .ofs_x = 3, .ofs_y = -1},
    {.bitmap_index = 2007, .adv_w = 498, .box_w = 31, .box_h = 37, .ofs_x = 1, .ofs_y = -1},
    {.bitmap_index = 2581, .adv_w = 214, .box_w = 6, .box_h = 14, .ofs_x = 4, .ofs_y = 21},
    {.bitmap_index = 2623, .adv_w = 214, .box_w = 12, .box_h = 46, .ofs_x = 2, .ofs_y = -9},
    {.bitmap_index = 2899, .adv_w = 214, .box_w = 12, .box_h = 46, .ofs_x = -1, .ofs_y = -9},
    {.bitmap_index = 3175, .adv_w = 284, .box_w = 17, .box_h = 16, .ofs_x = 0, .ofs_y = 19},
    {.bitmap_index = 3311, .adv_w = 461, .box_w = 25, .box_h = 25, .ofs_x = 2, .ofs_y = 0},
    {.bitmap_index = 3624, .adv_w = 214, .box_w = 7, .box_h = 15, .ofs_x = 3, .ofs_y = -8},
    {.bitmap_index = 3677, .adv_w = 299, .box_w = 15, .box_h = 6, .ofs_x = 2, .ofs_y = 11},
    {.bitmap_index = 3722, .adv_w = 214, .box_w = 7, .box_h = 7, .ofs_x = 3, .ofs_y = 0},
    {.bitmap_index = 3747, .adv_w = 270, .box_w = 20, .box_h = 37, .ofs_x = -2, .ofs_y = -1},
    {.bitmap_index = 4117, .adv_w = 427, .box_w = 24, .box_h = 36, .ofs_x = 1, .ofs_y = -1},
    {.bitmap_index = 4549, .adv_w = 427, .box_w = 15, .box_h = 35, .ofs_x = 2, .ofs_y = 0},
    {.bitmap_index = 4812, .adv_w = 427, .box_w = 24, .box_h = 35, .ofs_x = 1, .ofs_y = 0},
    {.bitmap_index = 5232, .adv_w = 427, .box_w = 25, .box_h = 36, .ofs_x = 1, .ofs_y = -1},
    {.bitmap_index = 5682, .adv_w = 427, .box_w = 25, .box_h = 35, .ofs_x = 1, .ofs_y = 0},
    {.bitmap_index = 6120, .adv_w = 427, .box_w = 25, .box_h = 35, .ofs_x = 1, .ofs_y = -1},
    {.bitmap_index = 6558, .adv_w = 427, .box_w = 25, .box_h = 36, .ofs_x = 1, .ofs_y = -1},
    {.bitmap_index = 7008, .adv_w = 427, .box_w = 24, .box_h = 34, .ofs_x = 1, .ofs_y = 0},
    {.bitmap_index = 7416, .adv_w = 427, .box_w = 25, .box_h = 36, .ofs_x = 1, .ofs_y = -1},
    {.bitmap_index = 7866, .adv_w = 427, .box_w = 25, .box_h = 36, .ofs_x = 1, .ofs_y = -1},
    {.bitmap_index = 8316, .adv_w = 214, .box_w = 7, .box_h = 25, .ofs_x = 3, .ofs_y = 0},
    {.bitmap_index = 8404, .adv_w = 214, .box_w = 7, .box_h = 33, .ofs_x = 3, .ofs_y = -8},
    {.bitmap_index = 8520, .adv_w = 461, .box_w = 25, .box_h = 27, .ofs_x = 2, .ofs_y = -1},
    {.bitmap_index = 8858, .adv_w = 461, .box_w = 25, .box_h = 15, .ofs_x = 2, .ofs_y = 5},
    {.bitmap_index = 9046, .adv_w = 461, .box_w = 25, .box_h = 27, .ofs_x = 2, .ofs_y = -1},
    {.bitmap_index = 9384, .adv_w = 427, .box_w = 23, .box_h = 36, .ofs_x = 2, .ofs_y = 0},
    {.bitmap_index = 9798, .adv_w = 614, .box_w = 35, .box_h = 38, .ofs_x = 2, .ofs_y = -1},
    {.bitmap_index = 10463, .adv_w = 512, .box_w = 34, .box_h = 35, .ofs_x = -1, .ofs_y = 0},
    {.bitmap_index = 11058, .adv_w = 541, .box_w = 30, .box_h = 35, .ofs_x = 3, .ofs_y = 0},
    {.bitmap_index = 11583, .adv_w = 554, .box_w = 32, .box_h = 38, .ofs_x = 1, .ofs_y = -1},
    {.bitmap_index = 12191, .adv_w = 554, .box_w = 30, .box_h = 35, .ofs_x = 3, .ofs_y = 0},
    {.bitmap_index = 12716, .adv_w = 484, .box_w = 26, .box_h = 35, .ofs_x = 3, .ofs_y = 0},
    {.bitmap_index = 13171, .adv_w = 455, .box_w = 25, .box_h = 35, .ofs_x = 3, .ofs_y = 0},
    {.bitmap_index = 13609, .adv_w = 583, .box_w = 32, .box_h = 37, .ofs_x = 2, .ofs_y = -1},
    {.bitmap_index = 14201, .adv_w = 554, .box_w = 29, .box_h = 35, .ofs_x = 3, .ofs_y = 0},
    {.bitmap_index = 14709, .adv_w = 214, .box_w = 7, .box_h = 35, .ofs_x = 3, .ofs_y = 0},
    {.bitmap_index = 14832, .adv_w = 412, .box_w = 23, .box_h = 36, .ofs_x = 0, .ofs_y = -1},
    {.bitmap_index = 15246, .adv_w = 526, .box_w = 31, .box_h = 35, .ofs_x = 3, .ofs_y = 0},
    {.bitmap_index = 15789, .adv_w = 441, .box_w = 25, .box_h = 35, .ofs_x = 3, .ofs_y = 0},
    {.bitmap_index = 16227, .adv_w = 683, .box_w = 37, .box_h = 35, .ofs_x = 3, .ofs_y = 0},
    {.bitmap_index = 16875, .adv_w = 554, .box_w = 29, .box_h = 35, .ofs_x = 3, .ofs_y = 0},
    {.bitmap_index = 17383, .adv_w = 584, .box_w = 34, .box_h = 38, .ofs_x = 1, .ofs_y = -1},
    {.bitmap_index = 18029, .adv_w = 512, .box_w = 28, .box_h = 35, .ofs_x = 3, .ofs_y = 0},
    {.bitmap_index = 18519, .adv_w = 584, .box_w = 34, .box_h = 40, .ofs_x = 1, .ofs_y = -3},
    {.bitmap_index = 19199, .adv_w = 541, .box_w = 30, .box_h = 35, .ofs_x = 3, .ofs_y = 0},
    {.bitmap_index = 19724, .adv_w = 498, .box_w = 29, .box_h = 37, .ofs_x = 1, .ofs_y = -1},
    {.bitmap_index = 20261, .adv_w = 455, .box_w = 29, .box_h = 35, .ofs_x = 0, .ofs_y = 0},
    {.bitmap_index = 20769, .adv_w = 554, .box_w = 29, .box_h = 36, .ofs_x = 3, .ofs_y = -1},
    {.bitmap_index = 21291, .adv_w = 469, .box_w = 31, .box_h = 35, .ofs_x = -1, .ofs_y = 0},
    {.bitmap_index = 21834, .adv_w = 725, .box_w = 46, .box_h = 35, .ofs_x = 0, .ofs_y = 0},
    {.bitmap_index = 22639, .adv_w = 498, .box_w = 33, .box_h = 35, .ofs_x = -1, .ofs_y = 0},
    {.bitmap_index = 23217, .adv_w = 498, .box_w = 33, .box_h = 35, .ofs_x = -1, .ofs_y = 0},
    {.bitmap_index = 23795, .adv_w = 484, .box_w = 29, .box_h = 35, .ofs_x = 1, .ofs_y = 0},
    {.bitmap_index = 24303, .adv_w = 227, .box_w = 12, .box_h = 45, .ofs_x = 3, .ofs_y = -9},
    {.bitmap_index = 24573, .adv_w = 270, .box_w = 20, .box_h = 37, .ofs_x = -2, .ofs_y = -1},
    {.bitmap_index = 24943, .adv_w = 227, .box_w = 11, .box_h = 45, .ofs_x = 0, .ofs_y = -9},
    {.bitmap_index = 25191, .adv_w = 461, .box_w = 21, .box_h = 18, .ofs_x = 4, .ofs_y = 16},
    {.bitmap_index = 25380, .adv_w = 384, .box_w = 24, .box_h = 3, .ofs_x = 0, .ofs_y = -6},
    {.bitmap_index = 25416, .adv_w = 185, .box_w = 12, .box_h = 7, .ofs_x = -2, .ofs_y = 29},
    {.bitmap_index = 25458, .adv_w = 427, .box_w = 26, .box_h = 27, .ofs_x = 1, .ofs_y = -1},
    {.bitmap_index = 25809, .adv_w = 469, .box_w = 25, .box_h = 36, .ofs_x = 3, .ofs_y = -1},
    {.bitmap_index = 26259, .adv_w = 427, .box_w = 25, .box_h = 27, .ofs_x = 1, .ofs_y = -1},
    {.bitmap_index = 26597, .adv_w = 469, .box_w = 26, .box_h = 36, .ofs_x = 1, .ofs_y = -1},
    {.bitmap_index = 27065, .adv_w = 427, .box_w = 25, .box_h = 27, .ofs_x = 1, .ofs_y = -1},
    {.bitmap_index = 27403, .adv_w = 242, .box_w = 16, .box_h = 35, .ofs_x = 0, .ofs_y = 0},
    {.bitmap_index = 27683, .adv_w = 455, .box_w = 25, .box_h = 36, .ofs_x = 1, .ofs_y = -10},
    {.bitmap_index = 28133, .adv_w = 441, .box_w = 23, .box_h = 35, .ofs_x = 2, .ofs_y = 0},
    {.bitmap_index = 28536, .adv_w = 185, .box_w = 6, .box_h = 35, .ofs_x = 3, .ofs_y = 0},
    {.bitmap_index = 28641, .adv_w = 185, .box_w = 11, .box_h = 45, .ofs_x = -2, .ofs_y = -10},
    {.bitmap_index = 28889, .adv_w = 412, .box_w = 24, .box_h = 35, .ofs_x = 3, .ofs_y = 0},
    {.bitmap_index = 29309, .adv_w = 185, .box_w = 6, .box_h = 35, .ofs_x = 3, .ofs_y = 0},
    {.bitmap_index = 29414, .adv_w = 668, .box_w = 37, .box_h = 26, .ofs_x = 2, .ofs_y = 0},
    {.bitmap_index = 29895, .adv_w = 441, .box_w = 23, .box_h = 26, .ofs_x = 2, .ofs_y = 0},
    {.bitmap_index = 30194, .adv_w = 455, .box_w = 26, .box_h = 27, .ofs_x = 1, .ofs_y = -1},
    {.bitmap_index = 30545, .adv_w = 469, .box_w = 25, .box_h = 35, .ofs_x = 3, .ofs_y = -9},
    {.bitmap_index = 30983, .adv_w = 469, .box_w = 26, .box_h = 35, .ofs_x = 1, .ofs_y = -9},
    {.bitmap_index = 31438, .adv_w = 270, .box_w = 16, .box_h = 26, .ofs_x = 2, .ofs_y = 0},
    {.bitmap_index = 31646, .adv_w = 399, .box_w = 23, .box_h = 27, .ofs_x = 1, .ofs_y = -1},
    {.bitmap_index = 31957, .adv_w = 256, .box_w = 15, .box_h = 33, .ofs_x = 0, .ofs_y = 0},
    {.bitmap_index = 32205, .adv_w = 441, .box_w = 23, .box_h = 26, .ofs_x = 2, .ofs_y = -1},
    {.bitmap_index = 32504, .adv_w = 399, .box_w = 25, .box_h = 25, .ofs_x = 0, .ofs_y = 0},
    {.bitmap_index = 32817, .adv_w = 598, .box_w = 37, .box_h = 25, .ofs_x = 0, .ofs_y = 0},
    {.bitmap_index = 33280, .adv_w = 412, .box_w = 26, .box_h = 25, .ofs_x = 0, .ofs_y = 0},
    {.bitmap_index = 33605, .adv_w = 399, .box_w = 25, .box_h = 35, .ofs_x = 0, .ofs_y = -10},
    {.bitmap_index = 34043, .adv_w = 384, .box_w = 22, .box_h = 25, .ofs_x = 1, .ofs_y = 0},
    {.bitmap_index = 34318, .adv_w = 227, .box_w = 16, .box_h = 45, .ofs_x = -1, .ofs_y = -9},
    {.bitmap_index = 34678, .adv_w = 170, .box_w = 6, .box_h = 49, .ofs_x = 2, .ofs_y = -10},
    {.bitmap_index = 34825, .adv_w = 227, .box_w = 16, .box_h = 45, .ofs_x = -1, .ofs_y = -9},
    {.bitmap_index = 35185, .adv_w = 461, .box_w = 23, .box_h = 8, .ofs_x = 3, .ofs_y = 8},
    {.bitmap_index = 35277, .adv_w = 0, .box_w = 0, .box_h = 0, .ofs_x = 0, .ofs_y = 0}
};

/*---------------------
 *  CHARACTER MAPPING
 *--------------------*/



/*Collect the unicode lists and glyph_id offsets*/
static const lv_font_fmt_txt_cmap_t cmaps[] =
{
    {
        .range_start = 32, .range_length = 96, .glyph_id_start = 1,
        .unicode_list = NULL, .glyph_id_ofs_list = NULL, .list_length = 0, .type = LV_FONT_FMT_TXT_CMAP_FORMAT0_TINY
    }
};

/*-----------------
 *    KERNING
 *----------------*/


/*Pair left and right glyphs for kerning*/
static const uint8_t kern_pair_glyph_ids[] =
{
    34, 53,
    34, 55,
    34, 56,
    34, 58,
    34, 87,
    34, 88,
    34, 90,
    39, 13,
    39, 15,
    39, 34,
    45, 53,
    45, 55,
    45, 56,
    45, 58,
    45, 90,
    49, 13,
    49, 15,
    49, 34,
    51, 53,
    51, 55,
    51, 56,
    51, 58,
    53, 13,
    53, 14,
    53, 15,
    53, 27,
    53, 28,
    53, 34,
    53, 66,
    53, 68,
    53, 70,
    53, 80,
    53, 83,
    53, 84,
    53, 86,
    53, 88,
    53, 90,
    55, 13,
    55, 14,
    55, 15,
    55, 27,
    55, 28,
    55, 34,
    55, 66,
    55, 70,
    55, 74,
    55, 80,
    55, 83,
    55, 86,
    55, 90,
    56, 13,
    56, 14,
    56, 15,
    56, 27,
    56, 28,
    56, 34,
    56, 66,
    56, 70,
    56, 80,
    56, 83,
    56, 86,
    58, 13,
    58, 14,
    58, 15,
    58, 27,
    58, 28,
    58, 34,
    58, 66,
    58, 70,
    58, 74,
    58, 80,
    58, 81,
    58, 82,
    58, 86,
    58, 87,
    71, 71,
    83, 13,
    83, 14,
    83, 15,
    83, 68,
    83, 69,
    83, 70,
    83, 79,
    83, 80,
    83, 82,
    87, 13,
    87, 15,
    88, 13,
    88, 15,
    90, 13,
    90, 15
};

/* Kerning between the respective left and right glyphs
 * 4.4 format which needs to scaled with `kern_scale`*/
static const int8_t kern_pair_values[] =
{
    -63, -42, -17, -51, -12, -12, -12, -88,
    -88, -38, -63, -63, -38, -76, -25, -115,
    -115, -51, -12, -12, -12, -25, -76, -88,
    -76, -57, -57, -63, -68, -76, -76, -76,
    -63, -76, -63, -76, -76, -88, -38, -88,
    -31, -31, -38, -38, -38, 7, -38, -25,
    -25, -12, -51, -19, -51, -12, -12, -17,
    -25, -12, -12, -12, -12, -76, -76, -76,
    -63, -63, -51, -63, -63, -6, -63, -59,
    -71, -59, -38, -12, -63, -38, -63, -12,
    -12, -12, 12, -12, -12, -51, -51, -38,
    -38, -63, -63
};

/*Collect the kern pair's data in one place*/
static const lv_font_fmt_txt_kern_pair_t kern_pairs =
{
    .glyph_ids = kern_pair_glyph_ids,
    .values = kern_pair_values,
    .pair_cnt = 91,
    .glyph_ids_size = 0
};

/*--------------------
 *  ALL CUSTOM DATA
 *--------------------*/

#if LVGL_VERSION_MAJOR == 8
/*Store all the custom data of the font*/
static  lv_font_fmt_txt_glyph_cache_t cache;
#endif

#if LVGL_VERSION_MAJOR >= 8
static const lv_font_fmt_txt_dsc_t font_dsc = {
#else
static lv_font_fmt_txt_dsc_t font_dsc = {
#endif
    .glyph_bitmap = glyph_bitmap,
    .glyph_dsc = glyph_dsc,
    .cmaps = cmaps,
    .kern_dsc = &kern_pairs,
    .kern_scale = 18,
    .cmap_num = 1,
    .bpp = 4,
    .kern_classes = 0,
    .bitmap_format = 0,
#if LVGL_VERSION_MAJOR == 8
    .cache = &cache
#endif

};



/*-----------------
 *  PUBLIC FONT
 *----------------*/

/*Initialize a public general font descriptor*/
#if LVGL_VERSION_MAJOR >= 8
const lv_font_t Neue_Medium_48 = {
#else
lv_font_t Neue_Medium_48 = {
#endif
    .get_glyph_dsc = lv_font_get_glyph_dsc_fmt_txt,    /*Function pointer to get glyph's data*/
    .get_glyph_bitmap = lv_font_get_bitmap_fmt_txt,    /*Function pointer to get glyph's bitmap*/
    .line_height = 50,          /*The maximum line height required by the font*/
    .base_line = 10,             /*Baseline measured from the bottom of the line*/
#if !(LVGL_VERSION_MAJOR == 6 && LVGL_VERSION_MINOR == 0)
    .subpx = LV_FONT_SUBPX_NONE,
#endif
#if LV_VERSION_CHECK(7, 4, 0) || LVGL_VERSION_MAJOR >= 8
    .underline_position = -4,
    .underline_thickness = 2,
#endif
    .static_bitmap = 0,
    .dsc = &font_dsc,          /*The custom font data. Will be accessed by `get_glyph_bitmap/dsc` */
#if LV_VERSION_CHECK(8, 2, 0) || LVGL_VERSION_MAJOR >= 9
    .fallback = NULL,
#endif
    .user_data = NULL,
};



#endif /*#if NEUE_MEDIUM_48*/
